==================================================================
Job        vr-exits (35970889)
Node       n0281.savio3
GPUs       0,1  (count 2)
Repo       /global/scratch/users/iparra/effortless-dev
Python     /global/scratch/users/iparra/effortless-dev/.venv/bin/python
           (conda env /global/software/rocky-8.x86_64/manual/modules/langs/anaconda3/2024.02-1 is active but unused)
Started    2026-07-28T10:43:27-0700
wandb      project=effortless-vertical-routing mode=online id=vr-exits
==================================================================
TOKEN_BUDGET=2500000000 -> MAX_STEPS=38147 on 2 GPU(s)
variant=exits gpus=2 batch=8 x accum=4
global batch = 64 sequences
             = 65536 tokens/step
total budget = 2500001792 tokens over 38147 steps
model:  123.6M parameters
exits:  layers (1, 3, 5, 7, 9, 11)
world:  2 process(es) on cuda:0
tokens: 65,536 per optimizer step
wandb:  effortless-vertical-routing (online)
step      0  loss 11.0415  lr 6.00e-07  5,248 tok/s  eta 132.3h
          exits L1:10.979 L3:11.000 L5:11.019 L7:10.996 L9:10.989 L11:10.996
step     20  loss 9.9294  lr 1.26e-05  27,696 tok/s  eta 25.1h
          exits L1:10.529 L3:10.051 L5:9.864 L7:9.805 L9:9.782 L11:9.741
step     40  loss 9.2783  lr 2.46e-05  30,927 tok/s  eta 22.4h
          exits L1:9.445 L3:9.296 L5:9.254 L7:9.212 L9:9.223 L11:9.260
step     60  loss 8.6354  lr 3.66e-05  32,205 tok/s  eta 21.5h
          exits L1:8.733 L3:8.670 L5:8.639 L7:8.589 L9:8.580 L11:8.615
step     80  loss 8.0587  lr 4.86e-05  32,893 tok/s  eta 21.1h
          exits L1:8.128 L3:8.079 L5:8.061 L7:8.012 L9:8.035 L11:8.048
step    100  loss 7.5277  lr 6.06e-05  33,324 tok/s  eta 20.8h
          exits L1:7.618 L3:7.472 L5:7.495 L7:7.589 L9:7.548 L11:7.519
step    120  loss 7.2129  lr 7.26e-05  33,616 tok/s  eta 20.6h
          exits L1:7.210 L3:7.280 L5:7.285 L7:7.298 L9:6.968 L11:7.200
step    140  loss 6.9716  lr 8.46e-05  33,828 tok/s  eta 20.5h
          exits L1:7.101 L3:7.128 L5:6.935 L7:6.798 L9:6.790 L11:6.955
step    160  loss 6.6899  lr 9.66e-05  33,988 tok/s  eta 20.3h
          exits L1:6.836 L3:6.628 L5:6.650 L7:6.680 L9:6.775 L11:6.668
step    180  loss 6.6467  lr 1.09e-04  34,113 tok/s  eta 20.3h
          exits L1:6.899 L3:6.652 L5:6.541 L7:6.497 L9:6.721 L11:6.617
step    200  loss 6.4890  lr 1.21e-04  34,213 tok/s  eta 20.2h
          exits L1:6.663 L3:6.445 L5:6.477 L7:6.462 L9:6.533 L11:6.456
step    220  loss 6.4050  lr 1.33e-04  34,295 tok/s  eta 20.1h
          exits L1:6.661 L3:6.369 L5:6.335 L7:6.304 L9:6.498 L11:6.368
step    240  loss 6.2291  lr 1.45e-04  34,364 tok/s  eta 20.1h
          exits L1:6.473 L3:6.246 L5:6.201 L7:6.201 L9:6.120 L11:6.187
step    260  loss 6.2534  lr 1.57e-04  34,421 tok/s  eta 20.0h
          exits L1:6.636 L3:6.303 L5:6.104 L7:6.029 L9:6.264 L11:6.208
step    280  loss 6.1395  lr 1.69e-04  34,471 tok/s  eta 20.0h
          exits L1:6.348 L3:6.072 L5:6.195 L7:6.312 L9:5.984 L11:6.085
step    300  loss 6.0029  lr 1.81e-04  34,387 tok/s  eta 20.0h
          exits L1:6.303 L3:5.979 L5:5.984 L7:5.984 L9:5.934 L11:5.947
step    320  loss 5.9575  lr 1.93e-04  34,192 tok/s  eta 20.1h
          exits L1:6.254 L3:5.900 L5:5.947 L7:5.999 L9:5.896 L11:5.898
step    340  loss 5.9273  lr 2.05e-04  34,238 tok/s  eta 20.1h
          exits L1:6.272 L3:5.869 L5:5.909 L7:5.921 L9:5.908 L11:5.856
step    360  loss 5.7417  lr 2.17e-04  34,285 tok/s  eta 20.1h
          exits L1:6.168 L3:5.770 L5:5.666 L7:5.615 L9:5.657 L11:5.666
step    380  loss 5.6815  lr 2.29e-04  34,328 tok/s  eta 20.0h
          exits L1:6.051 L3:5.670 L5:5.692 L7:5.735 L9:5.475 L11:5.603
step    400  loss 5.6225  lr 2.41e-04  34,365 tok/s  eta 20.0h
          exits L1:6.019 L3:5.639 L5:5.617 L7:5.576 L9:5.461 L11:5.538
step    420  loss 5.6373  lr 2.53e-04  34,400 tok/s  eta 20.0h
          exits L1:6.168 L3:5.632 L5:5.489 L7:5.486 L9:5.626 L11:5.552
step    440  loss 5.5925  lr 2.65e-04  34,432 tok/s  eta 19.9h
          exits L1:6.071 L3:5.593 L5:5.527 L7:5.545 L9:5.439 L11:5.506
step    460  loss 5.5275  lr 2.77e-04  34,461 tok/s  eta 19.9h
          exits L1:6.009 L3:5.516 L5:5.454 L7:5.490 L9:5.380 L11:5.441
step    480  loss 5.4774  lr 2.89e-04  34,487 tok/s  eta 19.9h
          exits L1:5.959 L3:5.539 L5:5.396 L7:5.332 L9:5.296 L11:5.390
  eval  loss 5.4942  exits L1:5.856 L3:5.343 L11:5.265
step    500  loss 5.4821  lr 3.00e-04  34,068 tok/s  eta 20.1h
          exits L1:6.035 L3:5.453 L5:5.362 L7:5.369 L9:5.450 L11:5.386
step    520  loss 5.3266  lr 3.00e-04  34,107 tok/s  eta 20.1h
          exits L1:5.774 L3:5.285 L5:5.303 L7:5.305 L9:5.220 L11:5.234
step    540  loss 5.3463  lr 3.00e-04  34,143 tok/s  eta 20.1h
          exits L1:5.823 L3:5.358 L5:5.278 L7:5.256 L9:5.203 L11:5.256
step    560  loss 5.2960  lr 3.00e-04  34,176 tok/s  eta 20.0h
          exits L1:5.805 L3:5.204 L5:5.211 L7:5.221 L9:5.343 L11:5.196
step    580  loss 5.2646  lr 3.00e-04  34,170 tok/s  eta 20.0h
          exits L1:5.797 L3:5.253 L5:5.174 L7:5.121 L9:5.210 L11:5.164
step    600  loss 5.1704  lr 3.00e-04  34,179 tok/s  eta 20.0h
          exits L1:5.768 L3:5.112 L5:4.992 L7:5.050 L9:5.191 L11:5.073
step    620  loss 5.1533  lr 3.00e-04  34,183 tok/s  eta 20.0h
          exits L1:5.620 L3:5.138 L5:5.135 L7:5.145 L9:4.969 L11:5.048
step    640  loss 5.0543  lr 3.00e-04  34,134 tok/s  eta 20.0h
          exits L1:5.632 L3:5.071 L5:4.903 L7:4.827 L9:5.035 L11:4.952
step    660  loss 5.0654  lr 3.00e-04  34,163 tok/s  eta 20.0h
          exits L1:5.599 L3:5.046 L5:4.953 L7:4.925 L9:5.020 L11:4.964
step    680  loss 5.0701  lr 3.00e-04  34,190 tok/s  eta 19.9h
          exits L1:5.559 L3:5.021 L5:5.025 L7:5.146 L9:4.862 L11:4.964
step    700  loss 5.0748  lr 3.00e-04  34,215 tok/s  eta 19.9h
          exits L1:5.602 L3:5.140 L5:5.007 L7:4.923 L9:4.862 L11:4.966
step    720  loss 4.8873  lr 3.00e-04  34,239 tok/s  eta 19.9h
          exits L1:5.379 L3:4.810 L5:4.838 L7:4.949 L9:4.757 L11:4.779
step    740  loss 4.8972  lr 3.00e-04  34,262 tok/s  eta 19.9h
          exits L1:5.492 L3:4.870 L5:4.745 L7:4.736 L9:4.888 L11:4.792
step    760  loss 5.0405  lr 3.00e-04  34,284 tok/s  eta 19.9h
          exits L1:5.578 L3:5.073 L5:4.916 L7:4.839 L9:4.953 L11:4.935
step    780  loss 4.9237  lr 3.00e-04  34,304 tok/s  eta 19.8h
          exits L1:5.445 L3:4.832 L5:4.871 L7:5.057 L9:4.726 L11:4.812
step    800  loss 4.9490  lr 3.00e-04  34,221 tok/s  eta 19.9h
          exits L1:5.484 L3:4.915 L5:4.855 L7:4.888 L9:4.841 L11:4.835
step    820  loss 4.9174  lr 3.00e-04  34,242 tok/s  eta 19.8h
          exits L1:5.430 L3:4.929 L5:4.860 L7:4.816 L9:4.751 L11:4.803
step    840  loss 4.7985  lr 3.00e-04  34,262 tok/s  eta 19.8h
          exits L1:5.430 L3:4.803 L5:4.641 L7:4.571 L9:4.770 L11:4.680
step    860  loss 4.8054  lr 3.00e-04  34,281 tok/s  eta 19.8h
          exits L1:5.390 L3:4.796 L5:4.722 L7:4.737 L9:4.633 L11:4.683
step    880  loss 4.7552  lr 3.00e-04  34,299 tok/s  eta 19.8h
          exits L1:5.397 L3:4.784 L5:4.629 L7:4.521 L9:4.659 L11:4.626
step    900  loss 4.8587  lr 3.00e-04  34,290 tok/s  eta 19.8h
          exits L1:5.483 L3:4.802 L5:4.695 L7:4.666 L9:4.914 L11:4.740
step    920  loss 4.7648  lr 3.00e-04  34,277 tok/s  eta 19.8h
          exits L1:5.369 L3:4.690 L5:4.661 L7:4.731 L9:4.691 L11:4.637
step    940  loss 4.7317  lr 3.00e-04  34,279 tok/s  eta 19.8h
          exits L1:5.442 L3:4.706 L5:4.531 L7:4.443 L9:4.796 L11:4.601
step    960  loss 4.7805  lr 3.00e-04  34,294 tok/s  eta 19.7h
          exits L1:5.325 L3:4.781 L5:4.719 L7:4.720 L9:4.588 L11:4.654
step    980  loss 4.6824  lr 3.00e-04  34,311 tok/s  eta 19.7h
          exits L1:5.330 L3:4.695 L5:4.544 L7:4.486 L9:4.584 L11:4.553
  eval  loss 4.8258  exits L1:5.231 L3:4.632 L11:4.521
  saved /global/scratch/users/iparra/effortless-dev/checkpoints/vr-exits/step-001000.pt
step   1000  loss 4.6625  lr 3.00e-04  34,082 tok/s  eta 19.8h
          exits L1:5.284 L3:4.615 L5:4.575 L7:4.611 L9:4.518 L11:4.525
step   1020  loss 4.7473  lr 3.00e-04  34,101 tok/s  eta 19.8h
          exits L1:5.344 L3:4.715 L5:4.655 L7:4.678 L9:4.612 L11:4.617
step   1040  loss 4.6148  lr 3.00e-04  34,120 tok/s  eta 19.8h
          exits L1:5.234 L3:4.445 L5:4.512 L7:4.618 L9:4.668 L11:4.478
step   1060  loss 4.6103  lr 3.00e-04  34,138 tok/s  eta 19.8h
          exits L1:5.255 L3:4.609 L5:4.489 L7:4.444 L9:4.497 L11:4.471
step   1080  loss 4.5811  lr 3.00e-04  34,155 tok/s  eta 19.8h
          exits L1:5.241 L3:4.515 L5:4.429 L7:4.454 L9:4.556 L11:4.447
step   1100  loss 4.6146  lr 3.00e-04  34,171 tok/s  eta 19.7h
          exits L1:5.264 L3:4.569 L5:4.454 L7:4.411 L9:4.644 L11:4.479
step   1120  loss 4.5989  lr 3.00e-04  34,188 tok/s  eta 19.7h
          exits L1:5.322 L3:4.562 L5:4.397 L7:4.409 L9:4.586 L11:4.463
step   1140  loss 4.6037  lr 3.00e-04  34,203 tok/s  eta 19.7h
          exits L1:5.206 L3:4.567 L5:4.519 L7:4.611 L9:4.393 L11:4.466
step   1160  loss 4.5990  lr 3.00e-04  34,218 tok/s  eta 19.7h
          exits L1:5.189 L3:4.577 L5:4.521 L7:4.482 L9:4.470 L11:4.462
step   1180  loss 4.5300  lr 3.00e-04  34,233 tok/s  eta 19.7h
          exits L1:5.201 L3:4.515 L5:4.378 L7:4.277 L9:4.512 L11:4.394
step   1200  loss 4.5932  lr 3.00e-04  34,247 tok/s  eta 19.6h
          exits L1:5.265 L3:4.585 L5:4.435 L7:4.344 L9:4.564 L11:4.458
step   1220  loss 4.5078  lr 3.00e-04  34,246 tok/s  eta 19.6h
          exits L1:5.112 L3:4.482 L5:4.421 L7:4.479 L9:4.297 L11:4.365
step   1240  loss 4.4818  lr 3.00e-04  34,251 tok/s  eta 19.6h
          exits L1:5.060 L3:4.415 L5:4.424 L7:4.552 L9:4.254 L11:4.339
step   1260  loss 4.4543  lr 3.00e-04  34,220 tok/s  eta 19.6h
          exits L1:5.069 L3:4.453 L5:4.376 L7:4.221 L9:4.380 L11:4.310
step   1280  loss 4.5350  lr 3.00e-04  34,233 tok/s  eta 19.6h
          exits L1:5.220 L3:4.538 L5:4.386 L7:4.355 L9:4.403 L11:4.391
step   1300  loss 4.5338  lr 3.00e-04  34,246 tok/s  eta 19.6h
          exits L1:5.206 L3:4.574 L5:4.420 L7:4.344 L9:4.331 L11:4.390
step   1320  loss 4.4826  lr 3.00e-04  34,246 tok/s  eta 19.6h
          exits L1:5.091 L3:4.435 L5:4.387 L7:4.425 L9:4.337 L11:4.343
step   1340  loss 4.4891  lr 3.00e-04  34,254 tok/s  eta 19.6h
          exits L1:5.073 L3:4.541 L5:4.446 L7:4.381 L9:4.178 L11:4.343
step   1360  loss 4.5150  lr 3.00e-04  34,266 tok/s  eta 19.5h
          exits L1:5.116 L3:4.493 L5:4.426 L7:4.340 L9:4.439 L11:4.374
step   1380  loss 4.4318  lr 3.00e-04  34,278 tok/s  eta 19.5h
          exits L1:4.975 L3:4.464 L5:4.379 L7:4.325 L9:4.195 L11:4.296
step   1400  loss 4.3927  lr 3.00e-04  34,289 tok/s  eta 19.5h
          exits L1:4.981 L3:4.297 L5:4.314 L7:4.413 L9:4.273 L11:4.248
step   1420  loss 4.3791  lr 3.00e-04  34,300 tok/s  eta 19.5h
          exits L1:5.012 L3:4.489 L5:4.262 L7:4.020 L9:4.207 L11:4.234
step   1440  loss 4.4792  lr 3.00e-04  34,311 tok/s  eta 19.5h
          exits L1:5.215 L3:4.398 L5:4.281 L7:4.413 L9:4.391 L11:4.333
step   1460  loss 4.3459  lr 3.00e-04  34,320 tok/s  eta 19.5h
          exits L1:5.106 L3:4.233 L5:4.155 L7:4.222 L9:4.371 L11:4.196
step   1480  loss 4.3611  lr 3.00e-04  34,331 tok/s  eta 19.4h
          exits L1:5.007 L3:4.407 L5:4.234 L7:4.182 L9:4.140 L11:4.218
  eval  loss 4.5799  exits L1:5.000 L3:4.358 L11:4.232
step   1500  loss 4.4495  lr 3.00e-04  34,209 tok/s  eta 19.5h
          exits L1:5.038 L3:4.441 L5:4.363 L7:4.298 L9:4.321 L11:4.304
step   1520  loss 4.3593  lr 3.00e-04  34,174 tok/s  eta 19.5h
          exits L1:5.028 L3:4.358 L5:4.265 L7:4.141 L9:4.249 L11:4.207
step   1540  loss 4.3738  lr 2.99e-04  34,184 tok/s  eta 19.5h
          exits L1:4.920 L3:4.413 L5:4.328 L7:4.203 L9:4.156 L11:4.229
step   1560  loss 4.3170  lr 2.99e-04  34,188 tok/s  eta 19.5h
          exits L1:5.032 L3:4.300 L5:4.106 L7:4.156 L9:4.214 L11:4.169
step   1580  loss 4.3481  lr 2.99e-04  34,165 tok/s  eta 19.5h
          exits L1:5.036 L3:4.331 L5:4.245 L7:4.286 L9:4.107 L11:4.193
step   1600  loss 4.4142  lr 2.99e-04  34,176 tok/s  eta 19.5h
          exits L1:5.072 L3:4.343 L5:4.260 L7:4.265 L9:4.395 L11:4.268
step   1620  loss 4.3154  lr 2.99e-04  34,187 tok/s  eta 19.5h
          exits L1:4.916 L3:4.203 L5:4.277 L7:4.351 L9:4.151 L11:4.158
step   1640  loss 4.3273  lr 2.99e-04  34,196 tok/s  eta 19.4h
          exits L1:4.948 L3:4.346 L5:4.246 L7:4.218 L9:4.069 L11:4.176
step   1660  loss 4.3353  lr 2.99e-04  34,207 tok/s  eta 19.4h
          exits L1:4.987 L3:4.351 L5:4.258 L7:4.109 L9:4.200 L11:4.184
step   1680  loss 4.3707  lr 2.99e-04  34,217 tok/s  eta 19.4h
          exits L1:4.995 L3:4.338 L5:4.278 L7:4.264 L9:4.219 L11:4.219
step   1700  loss 4.3592  lr 2.99e-04  34,227 tok/s  eta 19.4h
          exits L1:5.024 L3:4.311 L5:4.195 L7:4.269 L9:4.230 L11:4.216
step   1720  loss 4.3183  lr 2.99e-04  34,225 tok/s  eta 19.4h
          exits L1:5.046 L3:4.390 L5:4.102 L7:3.979 L9:4.211 L11:4.169
step   1740  loss 4.2028  lr 2.99e-04  34,232 tok/s  eta 19.4h
          exits L1:4.832 L3:4.149 L5:4.108 L7:4.247 L9:3.939 L11:4.049
step   1760  loss 4.3004  lr 2.99e-04  34,241 tok/s  eta 19.3h
          exits L1:4.929 L3:4.303 L5:4.217 L7:4.227 L9:4.038 L11:4.147
step   1780  loss 4.3035  lr 2.99e-04  34,251 tok/s  eta 19.3h
          exits L1:4.907 L3:4.300 L5:4.229 L7:4.214 L9:4.077 L11:4.152
step   1800  loss 4.3502  lr 2.99e-04  34,260 tok/s  eta 19.3h
          exits L1:4.977 L3:4.332 L5:4.274 L7:4.214 L9:4.186 L11:4.194
step   1820  loss 4.2311  lr 2.99e-04  34,269 tok/s  eta 19.3h
          exits L1:4.958 L3:4.269 L5:4.038 L7:3.972 L9:4.086 L11:4.079
step   1840  loss 4.2526  lr 2.99e-04  34,262 tok/s  eta 19.3h
          exits L1:4.849 L3:4.215 L5:4.155 L7:4.170 L9:4.105 L11:4.101
step   1860  loss 4.2708  lr 2.99e-04  34,270 tok/s  eta 19.3h
          exits L1:4.907 L3:4.306 L5:4.163 L7:4.105 L9:4.044 L11:4.119
step   1880  loss 4.2584  lr 2.99e-04  34,274 tok/s  eta 19.3h
          exits L1:4.895 L3:4.212 L5:4.138 L7:4.127 L9:4.162 L11:4.112
step   1900  loss 4.2915  lr 2.99e-04  34,261 tok/s  eta 19.3h
          exits L1:5.043 L3:4.292 L5:4.133 L7:4.064 L9:4.148 L11:4.125
step   1920  loss 4.3328  lr 2.99e-04  34,269 tok/s  eta 19.2h
          exits L1:4.959 L3:4.307 L5:4.267 L7:4.224 L9:4.135 L11:4.173
step   1940  loss 4.2440  lr 2.99e-04  34,277 tok/s  eta 19.2h
          exits L1:4.929 L3:4.236 L5:4.113 L7:4.099 L9:4.068 L11:4.087
step   1960  loss 4.3985  lr 2.99e-04  34,280 tok/s  eta 19.2h
          exits L1:5.124 L3:4.387 L5:4.194 L7:4.141 L9:4.342 L11:4.242
step   1980  loss 4.2904  lr 2.99e-04  34,288 tok/s  eta 19.2h
          exits L1:5.050 L3:4.341 L5:4.059 L7:4.012 L9:4.135 L11:4.136
  eval  loss 4.4509  exits L1:4.872 L3:4.214 L11:4.083
 threshold   mean depth   accuracy      nll    saved
----------------------------------------------------
     0.000    12.00/12      0.2809   4.2145    0.0%
     0.050    11.70/12      0.2809   4.2155    2.5%
     0.100    11.50/12      0.2809   4.2166    4.1%
     0.200    10.77/12      0.2798   4.2268   10.3%
     0.300     9.03/12      0.2751   4.2741   24.7%
     0.500     4.48/12      0.2434   4.5323   62.6%
     0.700     2.11/12      0.2202   4.7820   82.4%
     1.000     2.00/12      0.2180   4.8125   83.3%
  suggested exit_threshold 0.30 -> mean depth 9.03/12, 24.7% of blocks skipped
  saved /global/scratch/users/iparra/effortless-dev/checkpoints/vr-exits/step-002000.pt
step   2000  loss 4.2292  lr 2.99e-04  34,006 tok/s  eta 19.4h
          exits L1:4.846 L3:4.192 L5:4.161 L7:4.187 L9:3.993 L11:4.066
step   2020  loss 4.2631  lr 2.99e-04  34,015 tok/s  eta 19.3h
          exits L1:4.979 L3:4.259 L5:4.108 L7:4.068 L9:4.115 L11:4.102
step   2040  loss 4.2891  lr 2.99e-04  34,025 tok/s  eta 19.3h
          exits L1:5.007 L3:4.256 L5:4.101 L7:4.022 L9:4.285 L11:4.132
step   2060  loss 4.1949  lr 2.99e-04  34,035 tok/s  eta 19.3h
          exits L1:4.838 L3:4.168 L5:4.059 L7:4.119 L9:3.996 L11:4.041
step   2080  loss 4.2365  lr 2.99e-04  34,033 tok/s  eta 19.3h
          exits L1:4.825 L3:4.186 L5:4.227 L7:4.137 L9:4.058 L11:4.068
step   2100  loss 4.2166  lr 2.99e-04  34,041 tok/s  eta 19.3h
          exits L1:4.874 L3:4.193 L5:4.079 L7:4.018 L9:4.123 L11:4.060
step   2120  loss 4.2385  lr 2.99e-04  34,049 tok/s  eta 19.3h
          exits L1:4.865 L3:4.161 L5:4.160 L7:4.249 L9:4.039 L11:4.075
step   2140  loss 4.2769  lr 2.99e-04  34,017 tok/s  eta 19.3h
          exits L1:5.002 L3:4.205 L5:4.112 L7:4.121 L9:4.221 L11:4.111
step   2160  loss 4.1763  lr 2.99e-04  34,027 tok/s  eta 19.3h
          exits L1:4.841 L3:4.189 L5:4.039 L7:3.963 L9:4.020 L11:4.021
step   2180  loss 4.2826  lr 2.99e-04  34,036 tok/s  eta 19.2h
          exits L1:4.986 L3:4.215 L5:4.079 L7:4.097 L9:4.278 L11:4.127
step   2200  loss 4.2463  lr 2.99e-04  34,032 tok/s  eta 19.2h
          exits L1:4.863 L3:4.258 L5:4.146 L7:4.106 L9:4.036 L11:4.092
step   2220  loss 4.1836  lr 2.99e-04  34,041 tok/s  eta 19.2h
          exits L1:4.883 L3:4.104 L5:4.027 L7:4.038 L9:4.147 L11:4.023
step   2240  loss 4.1910  lr 2.99e-04  34,050 tok/s  eta 19.2h
          exits L1:4.759 L3:4.202 L5:4.140 L7:4.032 L9:3.982 L11:4.033
step   2260  loss 4.1666  lr 2.99e-04  34,059 tok/s  eta 19.2h
          exits L1:4.794 L3:4.138 L5:4.077 L7:4.065 L9:3.963 L11:4.003
step   2280  loss 4.1781  lr 2.99e-04  34,068 tok/s  eta 19.2h
          exits L1:4.929 L3:4.174 L5:3.944 L7:3.907 L9:4.111 L11:4.017
step   2300  loss 4.2760  lr 2.98e-04  34,077 tok/s  eta 19.1h
          exits L1:4.973 L3:4.244 L5:4.135 L7:4.155 L9:4.102 L11:4.107
step   2320  loss 4.2665  lr 2.98e-04  34,072 tok/s  eta 19.1h
          exits L1:4.980 L3:4.199 L5:4.161 L7:4.160 L9:4.122 L11:4.092
step   2340  loss 4.2404  lr 2.98e-04  34,079 tok/s  eta 19.1h
          exits L1:4.811 L3:4.285 L5:4.187 L7:4.028 L9:4.024 L11:4.080
step   2360  loss 4.1665  lr 2.98e-04  34,087 tok/s  eta 19.1h
          exits L1:4.811 L3:4.127 L5:4.010 L7:4.030 L9:4.056 L11:4.009
step   2380  loss 4.0992  lr 2.98e-04  34,095 tok/s  eta 19.1h
          exits L1:4.814 L3:4.141 L5:3.948 L7:3.916 L9:3.841 L11:3.933
step   2400  loss 4.2262  lr 2.98e-04  34,104 tok/s  eta 19.1h
          exits L1:4.739 L3:4.114 L5:4.243 L7:4.229 L9:4.095 L11:4.061
step   2420  loss 4.1423  lr 2.98e-04  34,112 tok/s  eta 19.1h
          exits L1:4.830 L3:4.193 L5:3.979 L7:3.970 L9:3.875 L11:3.979
step   2440  loss 4.2036  lr 2.98e-04  34,110 tok/s  eta 19.1h
          exits L1:4.870 L3:4.211 L5:4.074 L7:4.022 L9:4.025 L11:4.043
step   2460  loss 4.1158  lr 2.98e-04  34,107 tok/s  eta 19.0h
          exits L1:4.808 L3:4.115 L5:3.969 L7:3.842 L9:4.022 L11:3.950
step   2480  loss 4.1837  lr 2.98e-04  34,115 tok/s  eta 19.0h
          exits L1:4.918 L3:4.132 L5:4.016 L7:3.960 L9:4.119 L11:4.016
  eval  loss 4.3602  exits L1:4.777 L3:4.120 L11:3.984
step   2500  loss 4.0880  lr 2.98e-04  34,031 tok/s  eta 19.1h
          exits L1:4.842 L3:4.022 L5:3.898 L7:3.878 L9:4.067 L11:3.920
step   2520  loss 4.1836  lr 2.98e-04  34,012 tok/s  eta 19.1h
          exits L1:4.818 L3:4.240 L5:4.057 L7:3.934 L9:3.978 L11:4.024
step   2540  loss 4.1749  lr 2.98e-04  34,020 tok/s  eta 19.1h
          exits L1:4.835 L3:4.152 L5:4.031 L7:4.142 L9:3.916 L11:4.015
step   2560  loss 4.1168  lr 2.98e-04  34,029 tok/s  eta 19.0h
          exits L1:4.818 L3:4.142 L5:3.934 L7:3.826 L9:4.001 L11:3.955
step   2580  loss 4.2314  lr 2.98e-04  34,036 tok/s  eta 19.0h
          exits L1:4.893 L3:4.187 L5:4.123 L7:4.071 L9:4.119 L11:4.065
step   2600  loss 4.1474  lr 2.98e-04  34,044 tok/s  eta 19.0h
          exits L1:4.815 L3:4.215 L5:4.073 L7:3.939 L9:3.830 L11:3.971
step   2620  loss 4.1528  lr 2.98e-04  34,046 tok/s  eta 19.0h
          exits L1:4.813 L3:4.056 L5:4.027 L7:4.133 L9:4.023 L11:3.987
step   2640  loss 4.0885  lr 2.98e-04  34,052 tok/s  eta 19.0h
          exits L1:4.845 L3:4.026 L5:3.848 L7:3.923 L9:4.026 L11:3.925
step   2660  loss 4.0457  lr 2.98e-04  34,058 tok/s  eta 19.0h
          exits L1:4.774 L3:4.007 L5:3.852 L7:3.799 L9:4.013 L11:3.877
step   2680  loss 4.1358  lr 2.98e-04  34,066 tok/s  eta 19.0h
          exits L1:4.742 L3:4.186 L5:4.041 L7:4.007 L9:3.830 L11:3.972
step   2700  loss 4.0367  lr 2.98e-04  34,073 tok/s  eta 18.9h
          exits L1:4.743 L3:4.000 L5:3.906 L7:3.848 L9:3.918 L11:3.865
step   2720  loss 4.0436  lr 2.98e-04  34,080 tok/s  eta 18.9h
          exits L1:4.716 L3:4.050 L5:3.928 L7:3.826 L9:3.884 L11:3.875
step   2740  loss 4.0256  lr 2.98e-04  34,087 tok/s  eta 18.9h
          exits L1:4.685 L3:3.999 L5:3.922 L7:3.892 L9:3.849 L11:3.855
step   2760  loss 4.1115  lr 2.98e-04  34,092 tok/s  eta 18.9h
          exits L1:4.839 L3:4.078 L5:3.974 L7:3.970 L9:3.949 L11:3.932
step   2780  loss 4.0476  lr 2.98e-04  34,089 tok/s  eta 18.9h
          exits L1:4.712 L3:4.020 L5:3.976 L7:3.911 L9:3.842 L11:3.871
step   2800  loss 4.2014  lr 2.98e-04  34,096 tok/s  eta 18.9h
          exits L1:4.827 L3:4.109 L5:4.139 L7:4.124 L9:4.092 L11:4.030
step   2820  loss 4.1917  lr 2.97e-04  34,090 tok/s  eta 18.9h
          exits L1:4.854 L3:4.179 L5:4.068 L7:4.060 L9:3.993 L11:4.023
step   2840  loss 4.1202  lr 2.97e-04  34,095 tok/s  eta 18.9h
          exits L1:4.744 L3:4.086 L5:4.040 L7:4.014 L9:3.934 L11:3.951
step   2860  loss 4.0847  lr 2.97e-04  34,102 tok/s  eta 18.8h
          exits L1:4.772 L3:4.087 L5:3.975 L7:3.939 L9:3.848 L11:3.909
step   2880  loss 4.1125  lr 2.97e-04  34,109 tok/s  eta 18.8h
          exits L1:4.861 L3:4.080 L5:3.974 L7:3.945 L9:3.949 L11:3.935
step   2900  loss 4.0822  lr 2.97e-04  34,089 tok/s  eta 18.8h
          exits L1:4.798 L3:4.067 L5:3.925 L7:3.831 L9:3.990 L11:3.908
step   2920  loss 4.1175  lr 2.97e-04  34,095 tok/s  eta 18.8h
          exits L1:4.783 L3:4.121 L5:4.022 L7:3.977 L9:3.864 L11:3.942
step   2940  loss 4.0327  lr 2.97e-04  34,098 tok/s  eta 18.8h
          exits L1:4.730 L3:4.069 L5:3.885 L7:3.729 L9:3.897 L11:3.861
step   2960  loss 4.1134  lr 2.97e-04  34,101 tok/s  eta 18.8h
          exits L1:4.834 L3:4.056 L5:3.907 L7:3.921 L9:4.062 L11:3.944
step   2980  loss 4.1133  lr 2.97e-04  34,106 tok/s  eta 18.8h
          exits L1:4.810 L3:4.093 L5:3.983 L7:3.913 L9:3.974 L11:3.942
  eval  loss 4.3048  exits L1:4.718 L3:4.056 L11:3.914
  saved /global/scratch/users/iparra/effortless-dev/checkpoints/vr-exits/step-003000.pt
step   3000  loss 4.0600  lr 2.97e-04  34,038 tok/s  eta 18.8h
          exits L1:4.733 L3:4.029 L5:3.944 L7:3.989 L9:3.819 L11:3.887
step   3020  loss 4.1637  lr 2.97e-04  34,044 tok/s  eta 18.8h
          exits L1:4.787 L3:4.101 L5:4.061 L7:4.057 L9:4.038 L11:3.999
step   3040  loss 4.1192  lr 2.97e-04  34,051 tok/s  eta 18.8h
          exits L1:4.880 L3:4.129 L5:3.953 L7:3.888 L9:3.943 L11:3.937
step   3060  loss 4.0150  lr 2.97e-04  34,057 tok/s  eta 18.8h
          exits L1:4.624 L3:3.961 L5:3.925 L7:3.966 L9:3.824 L11:3.844
step   3080  loss 4.0565  lr 2.97e-04  34,064 tok/s  eta 18.7h
          exits L1:4.800 L3:3.967 L5:3.848 L7:3.880 L9:4.054 L11:3.883
step   3100  loss 4.0518  lr 2.97e-04  34,065 tok/s  eta 18.7h
          exits L1:4.733 L3:3.981 L5:3.888 L7:3.837 L9:4.057 L11:3.883
step   3120  loss 4.1181  lr 2.97e-04  34,071 tok/s  eta 18.7h
          exits L1:4.706 L3:4.142 L5:4.069 L7:3.965 L9:3.846 L11:3.948
step   3140  loss 4.0302  lr 2.97e-04  34,077 tok/s  eta 18.7h
          exits L1:4.654 L3:4.038 L5:3.962 L7:3.955 L9:3.710 L11:3.855
step   3160  loss 4.0466  lr 2.97e-04  34,083 tok/s  eta 18.7h
          exits L1:4.787 L3:4.016 L5:3.820 L7:3.917 L9:3.888 L11:3.878
step   3180  loss 4.0305  lr 2.97e-04  34,089 tok/s  eta 18.7h
          exits L1:4.754 L3:4.093 L5:3.846 L7:3.763 L9:3.797 L11:3.859
step   3200  loss 4.0400  lr 2.97e-04  34,095 tok/s  eta 18.7h
          exits L1:4.669 L3:4.000 L5:3.944 L7:4.017 L9:3.783 L11:3.870
step   3220  loss 4.0190  lr 2.97e-04  34,101 tok/s  eta 18.6h
          exits L1:4.598 L3:4.026 L5:3.996 L7:3.926 L9:3.717 L11:3.850
step   3240  loss 4.0947  lr 2.96e-04  34,107 tok/s  eta 18.6h
          exits L1:4.745 L3:4.023 L5:4.009 L7:4.006 L9:3.941 L11:3.918
step   3260  loss 4.0782  lr 2.96e-04  34,107 tok/s  eta 18.6h
          exits L1:4.748 L3:4.036 L5:3.949 L7:3.943 L9:3.930 L11:3.902
step   3280  loss 4.0179  lr 2.96e-04  34,112 tok/s  eta 18.6h
          exits L1:4.719 L3:3.965 L5:3.881 L7:3.869 L9:3.895 L11:3.838
step   3300  loss 4.0456  lr 2.96e-04  34,116 tok/s  eta 18.6h
          exits L1:4.712 L3:4.025 L5:3.946 L7:3.841 L9:3.913 L11:3.866
step   3320  loss 4.0527  lr 2.96e-04  34,121 tok/s  eta 18.6h
          exits L1:4.711 L3:3.998 L5:3.940 L7:4.026 L9:3.835 L11:3.878
step   3340  loss 4.0281  lr 2.96e-04  34,076 tok/s  eta 18.6h
          exits L1:4.653 L3:4.042 L5:3.942 L7:3.866 L9:3.794 L11:3.855
step   3360  loss 3.9667  lr 2.96e-04  34,081 tok/s  eta 18.6h
          exits L1:4.658 L3:3.880 L5:3.801 L7:3.849 L9:3.889 L11:3.796
step   3380  loss 4.0094  lr 2.96e-04  34,087 tok/s  eta 18.6h
          exits L1:4.679 L3:4.046 L5:3.876 L7:3.782 L9:3.805 L11:3.836
step   3400  loss 4.0455  lr 2.96e-04  34,077 tok/s  eta 18.6h
          exits L1:4.720 L3:3.996 L5:3.893 L7:3.862 L9:3.969 L11:3.873
step   3420  loss 4.0115  lr 2.96e-04  34,078 tok/s  eta 18.6h
          exits L1:4.675 L3:3.981 L5:3.877 L7:3.819 L9:3.908 L11:3.837
step   3440  loss 4.1261  lr 2.96e-04  34,082 tok/s  eta 18.5h
          exits L1:4.731 L3:4.128 L5:4.020 L7:3.984 L9:3.932 L11:3.961
step   3460  loss 3.9574  lr 2.96e-04  34,032 tok/s  eta 18.6h
          exits L1:4.677 L3:3.883 L5:3.835 L7:3.819 L9:3.827 L11:3.769
step   3480  loss 4.0339  lr 2.96e-04  34,037 tok/s  eta 18.5h
          exits L1:4.693 L3:4.058 L5:3.925 L7:3.915 L9:3.730 L11:3.859
  eval  loss 4.2555  exits L1:4.667 L3:4.004 L11:3.856
step   3500  loss 4.0147  lr 2.96e-04  33,987 tok/s  eta 18.6h
          exits L1:4.664 L3:3.997 L5:3.893 L7:3.812 L9:3.889 L11:3.840
step   3520  loss 3.9738  lr 2.96e-04  33,992 tok/s  eta 18.5h
          exits L1:4.601 L3:3.991 L5:3.880 L7:3.833 L9:3.704 L11:3.797
step   3540  loss 3.8957  lr 2.96e-04  33,998 tok/s  eta 18.5h
          exits L1:4.622 L3:3.851 L5:3.718 L7:3.690 L9:3.833 L11:3.714
step   3560  loss 4.0427  lr 2.96e-04  34,004 tok/s  eta 18.5h
          exits L1:4.717 L3:4.021 L5:3.860 L7:3.876 L9:3.908 L11:3.877
step   3580  loss 4.0684  lr 2.96e-04  34,010 tok/s  eta 18.5h
          exits L1:4.733 L3:4.032 L5:3.929 L7:3.952 L9:3.901 L11:3.893
step   3600  loss 4.1168  lr 2.96e-04  34,016 tok/s  eta 18.5h
          exits L1:4.785 L3:4.134 L5:3.929 L7:3.916 L9:3.943 L11:3.952
step   3620  loss 4.0706  lr 2.95e-04  34,021 tok/s  eta 18.5h
          exits L1:4.792 L3:4.036 L5:3.922 L7:3.888 L9:3.925 L11:3.891
step   3640  loss 3.9975  lr 2.95e-04  34,027 tok/s  eta 18.5h
          exits L1:4.732 L3:4.017 L5:3.795 L7:3.729 L9:3.871 L11:3.824
step   3660  loss 4.0620  lr 2.95e-04  34,032 tok/s  eta 18.4h
          exits L1:4.699 L3:3.994 L5:3.949 L7:4.013 L9:3.883 L11:3.889
step   3680  loss 4.0854  lr 2.95e-04  34,036 tok/s  eta 18.4h
          exits L1:4.799 L3:4.084 L5:3.872 L7:3.820 L9:3.994 L11:3.913
step   3700  loss 3.9648  lr 2.95e-04  34,041 tok/s  eta 18.4h
          exits L1:4.651 L3:4.009 L5:3.821 L7:3.793 L9:3.670 L11:3.788
step   3720  loss 4.0186  lr 2.95e-04  34,047 tok/s  eta 18.4h
          exits L1:4.718 L3:4.023 L5:3.845 L7:3.726 L9:3.930 L11:3.844
step   3740  loss 4.0323  lr 2.95e-04  34,051 tok/s  eta 18.4h
          exits L1:4.691 L3:4.057 L5:3.887 L7:3.845 L9:3.805 L11:3.857
step   3760  loss 4.0263  lr 2.95e-04  34,035 tok/s  eta 18.4h
          exits L1:4.648 L3:3.971 L5:3.908 L7:3.941 L9:3.871 L11:3.854
step   3780  loss 3.9796  lr 2.95e-04  34,041 tok/s  eta 18.4h
          exits L1:4.697 L3:3.883 L5:3.789 L7:3.783 L9:3.988 L11:3.797
step   3800  loss 3.9986  lr 2.95e-04  34,046 tok/s  eta 18.4h
          exits L1:4.717 L3:3.872 L5:3.870 L7:3.954 L9:3.912 L11:3.819
step   3820  loss 4.0883  lr 2.95e-04  34,036 tok/s  eta 18.4h
          exits L1:4.803 L3:4.073 L5:3.917 L7:3.907 L9:3.944 L11:3.918
step   3840  loss 3.9571  lr 2.95e-04  34,040 tok/s  eta 18.3h
          exits L1:4.619 L3:3.919 L5:3.833 L7:3.879 L9:3.734 L11:3.782
step   3860  loss 3.9841  lr 2.95e-04  34,045 tok/s  eta 18.3h
          exits L1:4.640 L3:3.872 L5:3.818 L7:3.863 L9:3.984 L11:3.812
step   3880  loss 4.0735  lr 2.95e-04  34,051 tok/s  eta 18.3h
          exits L1:4.622 L3:3.969 L5:4.043 L7:4.046 L9:3.936 L11:3.894
step   3900  loss 4.0030  lr 2.95e-04  34,051 tok/s  eta 18.3h
          exits L1:4.629 L3:4.010 L5:3.953 L7:3.876 L9:3.711 L11:3.819
step   3920  loss 3.9943  lr 2.95e-04  34,056 tok/s  eta 18.3h
          exits L1:4.553 L3:4.004 L5:3.935 L7:3.844 L9:3.768 L11:3.824
step   3940  loss 3.9301  lr 2.94e-04  34,061 tok/s  eta 18.3h
          exits L1:4.674 L3:3.934 L5:3.746 L7:3.660 L9:3.803 L11:3.749
step   3960  loss 4.0307  lr 2.94e-04  34,020 tok/s  eta 18.3h
          exits L1:4.689 L3:3.982 L5:3.908 L7:3.932 L9:3.870 L11:3.852
step   3980  loss 3.9854  lr 2.94e-04  34,025 tok/s  eta 18.3h
          exits L1:4.727 L3:3.944 L5:3.814 L7:3.770 L9:3.898 L11:3.802
  eval  loss 4.2142  exits L1:4.619 L3:3.961 L11:3.812
 threshold   mean depth   accuracy      nll    saved
----------------------------------------------------
     0.000    12.00/12      0.2979   3.9815    0.0%
     0.050    11.64/12      0.2979   3.9827    3.0%
     0.100    11.37/12      0.2976   3.9851    5.2%
     0.200    10.53/12      0.2955   4.0056   12.3%
     0.300     8.62/12      0.2848   4.0672   28.2%
     0.500     4.10/12      0.2533   4.3437   65.9%
     0.700     2.05/12      0.2350   4.5702   82.9%
     1.000     2.00/12      0.2338   4.5833   83.3%
  suggested exit_threshold 0.20 -> mean depth 10.53/12, 12.3% of blocks skipped
  saved /global/scratch/users/iparra/effortless-dev/checkpoints/vr-exits/step-004000.pt
step   4000  loss 4.0083  lr 2.94e-04  33,955 tok/s  eta 18.3h
          exits L1:4.732 L3:4.005 L5:3.801 L7:3.752 L9:3.921 L11:3.839
step   4020  loss 4.0240  lr 2.94e-04  33,961 tok/s  eta 18.3h
          exits L1:4.707 L3:3.983 L5:3.870 L7:3.911 L9:3.848 L11:3.847
step   4040  loss 4.0130  lr 2.94e-04  33,966 tok/s  eta 18.3h
          exits L1:4.716 L3:4.065 L5:3.825 L7:3.699 L9:3.866 L11:3.834
step   4060  loss 4.0728  lr 2.94e-04  33,971 tok/s  eta 18.3h
          exits L1:4.673 L3:3.997 L5:4.003 L7:4.050 L9:3.881 L11:3.893
step   4080  loss 3.9487  lr 2.94e-04  33,976 tok/s  eta 18.3h
          exits L1:4.693 L3:3.935 L5:3.730 L7:3.645 L9:3.897 L11:3.774
step   4100  loss 3.9687  lr 2.94e-04  33,982 tok/s  eta 18.2h
          exits L1:4.646 L3:3.883 L5:3.823 L7:3.850 L9:3.888 L11:3.793
step   4120  loss 3.9708  lr 2.94e-04  33,986 tok/s  eta 18.2h
          exits L1:4.641 L3:3.905 L5:3.837 L7:3.901 L9:3.802 L11:3.798
step   4140  loss 3.9626  lr 2.94e-04  33,992 tok/s  eta 18.2h
          exits L1:4.608 L3:3.895 L5:3.794 L7:3.853 L9:3.864 L11:3.793
step   4160  loss 3.9355  lr 2.94e-04  33,997 tok/s  eta 18.2h
          exits L1:4.586 L3:3.933 L5:3.821 L7:3.768 L9:3.736 L11:3.758
step   4180  loss 3.9326  lr 2.94e-04  34,002 tok/s  eta 18.2h
          exits L1:4.560 L3:3.900 L5:3.777 L7:3.827 L9:3.754 L11:3.760
step   4200  loss 3.9384  lr 2.94e-04  34,006 tok/s  eta 18.2h
          exits L1:4.581 L3:4.013 L5:3.841 L7:3.730 L9:3.611 L11:3.755
step   4220  loss 3.9556  lr 2.94e-04  34,011 tok/s  eta 18.2h
          exits L1:4.642 L3:3.928 L5:3.794 L7:3.732 L9:3.873 L11:3.778
step   4240  loss 4.0747  lr 2.93e-04  34,016 tok/s  eta 18.1h
          exits L1:4.783 L3:4.020 L5:3.943 L7:4.007 L9:3.854 L11:3.896
step   4260  loss 3.9739  lr 2.93e-04  34,012 tok/s  eta 18.1h
          exits L1:4.617 L3:3.957 L5:3.858 L7:3.832 L9:3.778 L11:3.798
step   4280  loss 4.0034  lr 2.93e-04  34,005 tok/s  eta 18.1h
          exits L1:4.718 L3:4.001 L5:3.841 L7:3.899 L9:3.746 L11:3.825
step   4300  loss 3.9454  lr 2.93e-04  34,009 tok/s  eta 18.1h
          exits L1:4.615 L3:3.954 L5:3.765 L7:3.778 L9:3.743 L11:3.773
step   4320  loss 3.9899  lr 2.93e-04  34,004 tok/s  eta 18.1h
          exits L1:4.706 L3:3.974 L5:3.809 L7:3.741 L9:3.912 L11:3.812
step   4340  loss 3.9010  lr 2.93e-04  34,009 tok/s  eta 18.1h
          exits L1:4.684 L3:3.838 L5:3.685 L7:3.687 L9:3.847 L11:3.714
step   4360  loss 3.8891  lr 2.93e-04  34,014 tok/s  eta 18.1h
          exits L1:4.512 L3:3.896 L5:3.747 L7:3.699 L9:3.727 L11:3.718
step   4380  loss 3.8888  lr 2.93e-04  34,019 tok/s  eta 18.1h
          exits L1:4.579 L3:3.770 L5:3.706 L7:3.800 L9:3.860 L11:3.706
step   4400  loss 3.9262  lr 2.93e-04  34,021 tok/s  eta 18.1h
          exits L1:4.638 L3:3.934 L5:3.774 L7:3.744 L9:3.722 L11:3.743
step   4420  loss 3.9960  lr 2.93e-04  34,026 tok/s  eta 18.0h
          exits L1:4.767 L3:3.936 L5:3.765 L7:3.732 L9:4.009 L11:3.819
step   4440  loss 3.9175  lr 2.93e-04  34,030 tok/s  eta 18.0h
          exits L1:4.600 L3:3.893 L5:3.817 L7:3.777 L9:3.710 L11:3.732
step   4460  loss 3.9494  lr 2.93e-04  34,035 tok/s  eta 18.0h
          exits L1:4.547 L3:3.912 L5:3.861 L7:3.886 L9:3.716 L11:3.773
step   4480  loss 3.9457  lr 2.93e-04  34,039 tok/s  eta 18.0h
          exits L1:4.500 L3:3.929 L5:3.901 L7:3.863 L9:3.704 L11:3.770
  eval  loss 4.1858  exits L1:4.586 L3:3.930 L11:3.777
step   4500  loss 3.9061  lr 2.93e-04  34,001 tok/s  eta 18.0h
          exits L1:4.526 L3:3.860 L5:3.821 L7:3.895 L9:3.630 L11:3.724
step   4520  loss 3.9641  lr 2.92e-04  34,004 tok/s  eta 18.0h
          exits L1:4.619 L3:3.955 L5:3.844 L7:3.858 L9:3.716 L11:3.782
step   4540  loss 3.9982  lr 2.92e-04  34,009 tok/s  eta 18.0h
          exits L1:4.659 L3:3.991 L5:3.870 L7:3.845 L9:3.795 L11:3.820
step   4560  loss 3.9092  lr 2.92e-04  34,013 tok/s  eta 18.0h
          exits L1:4.688 L3:3.789 L5:3.722 L7:3.784 L9:3.874 L11:3.725
step   4580  loss 3.9970  lr 2.92e-04  34,001 tok/s  eta 18.0h
          exits L1:4.702 L3:4.000 L5:3.819 L7:3.749 L9:3.856 L11:3.818
step   4600  loss 4.0059  lr 2.92e-04  34,005 tok/s  eta 18.0h
          exits L1:4.741 L3:3.955 L5:3.813 L7:3.766 L9:3.967 L11:3.820
step   4620  loss 4.0061  lr 2.92e-04  34,006 tok/s  eta 17.9h
          exits L1:4.737 L3:3.930 L5:3.875 L7:3.850 L9:3.912 L11:3.817
step   4640  loss 3.8952  lr 2.92e-04  33,988 tok/s  eta 17.9h
          exits L1:4.607 L3:3.876 L5:3.684 L7:3.638 L9:3.825 L11:3.717
step   4660  loss 3.8062  lr 2.92e-04  33,993 tok/s  eta 17.9h
          exits L1:4.413 L3:3.750 L5:3.722 L7:3.673 L9:3.683 L11:3.627
step   4680  loss 3.9094  lr 2.92e-04  33,997 tok/s  eta 17.9h
          exits L1:4.645 L3:3.893 L5:3.706 L7:3.670 L9:3.822 L11:3.732
step   4700  loss 3.9371  lr 2.92e-04  34,001 tok/s  eta 17.9h
          exits L1:4.572 L3:3.881 L5:3.790 L7:3.753 L9:3.885 L11:3.762
step   4720  loss 3.9238  lr 2.92e-04  34,005 tok/s  eta 17.9h
          exits L1:4.640 L3:3.895 L5:3.732 L7:3.764 L9:3.775 L11:3.743
step   4740  loss 3.9356  lr 2.92e-04  34,009 tok/s  eta 17.9h
          exits L1:4.606 L3:3.930 L5:3.779 L7:3.768 L9:3.757 L11:3.761
step   4760  loss 3.9176  lr 2.92e-04  34,014 tok/s  eta 17.9h
          exits L1:4.537 L3:3.922 L5:3.765 L7:3.665 L9:3.812 L11:3.742
step   4780  loss 3.8948  lr 2.91e-04  34,018 tok/s  eta 17.9h
          exits L1:4.555 L3:3.862 L5:3.766 L7:3.719 L9:3.752 L11:3.712
step   4800  loss 3.8999  lr 2.91e-04  34,022 tok/s  eta 17.8h
          exits L1:4.599 L3:3.879 L5:3.721 L7:3.646 L9:3.835 L11:3.719
step   4820  loss 3.8270  lr 2.91e-04  34,024 tok/s  eta 17.8h
          exits L1:4.553 L3:3.781 L5:3.639 L7:3.592 L9:3.771 L11:3.644
step   4840  loss 3.9272  lr 2.91e-04  34,028 tok/s  eta 17.8h
          exits L1:4.604 L3:3.836 L5:3.805 L7:3.882 L9:3.765 L11:3.747
step   4860  loss 3.8891  lr 2.91e-04  34,032 tok/s  eta 17.8h
          exits L1:4.488 L3:3.875 L5:3.839 L7:3.713 L9:3.685 L11:3.701
step   4880  loss 3.8967  lr 2.91e-04  34,037 tok/s  eta 17.8h
          exits L1:4.599 L3:3.890 L5:3.750 L7:3.655 L9:3.750 L11:3.713
step   4900  loss 3.8993  lr 2.91e-04  34,029 tok/s  eta 17.8h
          exits L1:4.569 L3:3.874 L5:3.764 L7:3.766 L9:3.707 L11:3.718
step   4920  loss 3.8826  lr 2.91e-04  34,032 tok/s  eta 17.8h
          exits L1:4.603 L3:3.805 L5:3.669 L7:3.711 L9:3.837 L11:3.697
step   4940  loss 3.8895  lr 2.91e-04  34,033 tok/s  eta 17.8h
          exits L1:4.615 L3:3.822 L5:3.719 L7:3.705 L9:3.819 L11:3.702
step   4960  loss 3.9312  lr 2.91e-04  34,036 tok/s  eta 17.7h
          exits L1:4.629 L3:3.864 L5:3.744 L7:3.806 L9:3.832 L11:3.751
step   4980  loss 3.8949  lr 2.91e-04  34,040 tok/s  eta 17.7h
          exits L1:4.525 L3:3.894 L5:3.767 L7:3.708 L9:3.722 L11:3.714
  eval  loss 4.1576  exits L1:4.555 L3:3.903 L11:3.747
  saved /global/scratch/users/iparra/effortless-dev/checkpoints/vr-exits/step-005000.pt
step   5000  loss 3.9944  lr 2.91e-04  33,999 tok/s  eta 17.7h
          exits L1:4.623 L3:4.042 L5:3.910 L7:3.810 L9:3.718 L11:3.814
step   5020  loss 3.9138  lr 2.91e-04  34,003 tok/s  eta 17.7h
          exits L1:4.510 L3:3.905 L5:3.833 L7:3.796 L9:3.675 L11:3.732
step   5040  loss 3.9229  lr 2.90e-04  34,007 tok/s  eta 17.7h
          exits L1:4.640 L3:3.855 L5:3.762 L7:3.751 L9:3.838 L11:3.733
step   5060  loss 3.8827  lr 2.90e-04  34,011 tok/s  eta 17.7h
          exits L1:4.532 L3:3.817 L5:3.775 L7:3.815 L9:3.700 L11:3.699
step   5080  loss 3.9737  lr 2.90e-04  34,015 tok/s  eta 17.7h
          exits L1:4.548 L3:4.027 L5:3.927 L7:3.809 L9:3.654 L11:3.792
step   5100  loss 3.8388  lr 2.90e-04  34,019 tok/s  eta 17.7h
          exits L1:4.474 L3:3.749 L5:3.742 L7:3.763 L9:3.719 L11:3.653
step   5120  loss 3.8578  lr 2.90e-04  34,023 tok/s  eta 17.7h
          exits L1:4.488 L3:3.942 L5:3.725 L7:3.548 L9:3.641 L11:3.684
step   5140  loss 3.8947  lr 2.90e-04  34,024 tok/s  eta 17.7h
          exits L1:4.568 L3:3.855 L5:3.751 L7:3.717 L9:3.774 L11:3.714
step   5160  loss 3.8849  lr 2.90e-04  34,028 tok/s  eta 17.6h
          exits L1:4.534 L3:3.840 L5:3.767 L7:3.759 L9:3.715 L11:3.704
step   5180  loss 3.9113  lr 2.90e-04  34,029 tok/s  eta 17.6h
          exits L1:4.580 L3:3.903 L5:3.803 L7:3.821 L9:3.631 L11:3.725
step   5200  loss 3.9504  lr 2.90e-04  34,033 tok/s  eta 17.6h
          exits L1:4.658 L3:3.845 L5:3.763 L7:3.802 L9:3.932 L11:3.774
step   5220  loss 3.8869  lr 2.90e-04  34,033 tok/s  eta 17.6h
          exits L1:4.706 L3:3.791 L5:3.628 L7:3.696 L9:3.886 L11:3.694
step   5240  loss 3.9270  lr 2.90e-04  34,036 tok/s  eta 17.6h
          exits L1:4.605 L3:3.874 L5:3.763 L7:3.767 L9:3.825 L11:3.749
step   5260  loss 3.9544  lr 2.89e-04  34,036 tok/s  eta 17.6h
          exits L1:4.621 L3:3.877 L5:3.840 L7:3.835 L9:3.819 L11:3.763
step   5280  loss 3.8478  lr 2.89e-04  34,040 tok/s  eta 17.6h
          exits L1:4.572 L3:3.810 L5:3.652 L7:3.622 L9:3.780 L11:3.658
step   5300  loss 3.8318  lr 2.89e-04  34,043 tok/s  eta 17.6h
          exits L1:4.480 L3:3.776 L5:3.720 L7:3.750 L9:3.642 L11:3.646
step   5320  loss 3.8836  lr 2.89e-04  34,026 tok/s  eta 17.6h
          exits L1:4.532 L3:3.865 L5:3.817 L7:3.720 L9:3.669 L11:3.694
step   5340  loss 3.8712  lr 2.89e-04  34,030 tok/s  eta 17.5h
          exits L1:4.596 L3:3.779 L5:3.742 L7:3.761 L9:3.760 L11:3.670
step   5360  loss 3.8689  lr 2.89e-04  34,034 tok/s  eta 17.5h
          exits L1:4.532 L3:3.882 L5:3.722 L7:3.629 L9:3.724 L11:3.687
step   5380  loss 3.8650  lr 2.89e-04  34,038 tok/s  eta 17.5h
          exits L1:4.420 L3:3.844 L5:3.796 L7:3.694 L9:3.712 L11:3.685
step   5400  loss 3.9510  lr 2.89e-04  34,041 tok/s  eta 17.5h
          exits L1:4.630 L3:3.936 L5:3.769 L7:3.729 L9:3.849 L11:3.775
step   5420  loss 3.8665  lr 2.89e-04  34,045 tok/s  eta 17.5h
          exits L1:4.570 L3:3.850 L5:3.670 L7:3.692 L9:3.723 L11:3.688
step   5440  loss 3.8712  lr 2.89e-04  34,048 tok/s  eta 17.5h
          exits L1:4.586 L3:3.869 L5:3.632 L7:3.610 L9:3.786 L11:3.694
step   5460  loss 3.8540  lr 2.89e-04  34,052 tok/s  eta 17.5h
          exits L1:4.547 L3:3.694 L5:3.673 L7:3.805 L9:3.851 L11:3.670
step   5480  loss 3.9523  lr 2.89e-04  34,056 tok/s  eta 17.5h
          exits L1:4.599 L3:3.884 L5:3.799 L7:3.827 L9:3.853 L11:3.778
  eval  loss 4.1309  exits L1:4.526 L3:3.877 L11:3.717
step   5500  loss 3.9755  lr 2.88e-04  34,022 tok/s  eta 17.5h
          exits L1:4.666 L3:3.926 L5:3.818 L7:3.934 L9:3.745 L11:3.793
step   5520  loss 3.8028  lr 2.88e-04  34,023 tok/s  eta 17.5h
          exits L1:4.567 L3:3.789 L5:3.567 L7:3.496 L9:3.755 L11:3.615
step   5540  loss 3.8489  lr 2.88e-04  34,026 tok/s  eta 17.4h
          exits L1:4.502 L3:3.785 L5:3.734 L7:3.825 L9:3.619 L11:3.665
step   5560  loss 3.9498  lr 2.88e-04  34,028 tok/s  eta 17.4h
          exits L1:4.632 L3:3.918 L5:3.776 L7:3.809 L9:3.800 L11:3.768
step   5580  loss 3.9901  lr 2.88e-04  34,028 tok/s  eta 17.4h
          exits L1:4.684 L3:4.008 L5:3.799 L7:3.756 L9:3.827 L11:3.812
step   5600  loss 3.8043  lr 2.88e-04  34,031 tok/s  eta 17.4h
          exits L1:4.462 L3:3.881 L5:3.728 L7:3.617 L9:3.434 L11:3.613
step   5620  loss 3.8868  lr 2.88e-04  34,034 tok/s  eta 17.4h
          exits L1:4.547 L3:3.930 L5:3.750 L7:3.666 L9:3.652 L11:3.703
step   5640  loss 3.9455  lr 2.88e-04  34,017 tok/s  eta 17.4h
          exits L1:4.688 L3:3.897 L5:3.756 L7:3.828 L9:3.778 L11:3.759
step   5660  loss 3.8473  lr 2.88e-04  34,020 tok/s  eta 17.4h
          exits L1:4.565 L3:3.781 L5:3.723 L7:3.662 L9:3.742 L11:3.651
step   5680  loss 3.8736  lr 2.88e-04  34,024 tok/s  eta 17.4h
          exits L1:4.541 L3:3.861 L5:3.705 L7:3.652 L9:3.771 L11:3.696
step   5700  loss 3.9975  lr 2.87e-04  34,027 tok/s  eta 17.4h
          exits L1:4.667 L3:3.915 L5:3.829 L7:3.812 L9:3.999 L11:3.813
step   5720  loss 3.8326  lr 2.87e-04  34,031 tok/s  eta 17.3h
          exits L1:4.597 L3:3.782 L5:3.598 L7:3.678 L9:3.711 L11:3.649
step   5740  loss 3.8983  lr 2.87e-04  34,035 tok/s  eta 17.3h
          exits L1:4.564 L3:3.834 L5:3.791 L7:3.858 L9:3.661 L11:3.709
step   5760  loss 3.8259  lr 2.87e-04  34,038 tok/s  eta 17.3h
          exits L1:4.382 L3:3.852 L5:3.773 L7:3.720 L9:3.519 L11:3.640
step   5780  loss 3.9519  lr 2.87e-04  34,042 tok/s  eta 17.3h
          exits L1:4.592 L3:3.929 L5:3.848 L7:3.910 L9:3.670 L11:3.765
step   5800  loss 3.9286  lr 2.87e-04  34,045 tok/s  eta 17.3h
          exits L1:4.683 L3:3.953 L5:3.714 L7:3.640 L9:3.777 L11:3.745
step   5820  loss 3.9646  lr 2.87e-04  34,046 tok/s  eta 17.3h
          exits L1:4.594 L3:3.964 L5:3.881 L7:3.852 L9:3.700 L11:3.777
step   5840  loss 3.8438  lr 2.87e-04  34,048 tok/s  eta 17.3h
          exits L1:4.457 L3:3.855 L5:3.741 L7:3.614 L9:3.694 L11:3.663
step   5860  loss 3.8606  lr 2.87e-04  34,051 tok/s  eta 17.3h
          exits L1:4.574 L3:3.864 L5:3.752 L7:3.658 L9:3.627 L11:3.664
step   5880  loss 3.8522  lr 2.87e-04  34,052 tok/s  eta 17.2h
          exits L1:4.478 L3:3.831 L5:3.765 L7:3.734 L9:3.617 L11:3.664
step   5900  loss 3.8168  lr 2.87e-04  34,055 tok/s  eta 17.2h
          exits L1:4.428 L3:3.816 L5:3.736 L7:3.653 L9:3.595 L11:3.632
step   5920  loss 3.8245  lr 2.86e-04  34,058 tok/s  eta 17.2h
          exits L1:4.507 L3:3.817 L5:3.686 L7:3.593 L9:3.679 L11:3.642
step   5940  loss 3.8973  lr 2.86e-04  34,061 tok/s  eta 17.2h
          exits L1:4.579 L3:3.862 L5:3.748 L7:3.759 L9:3.736 L11:3.713
step   5960  loss 3.8107  lr 2.86e-04  34,060 tok/s  eta 17.2h
          exits L1:4.503 L3:3.720 L5:3.692 L7:3.763 L9:3.646 L11:3.618
step   5980  loss 3.8153  lr 2.86e-04  34,063 tok/s  eta 17.2h
          exits L1:4.431 L3:3.802 L5:3.785 L7:3.730 L9:3.510 L11:3.619
  eval  loss 4.1088  exits L1:4.498 L3:3.855 L11:3.695
 threshold   mean depth   accuracy      nll    saved
----------------------------------------------------
     0.000    12.00/12      0.3074   3.8800    0.0%
     0.050    11.59/12      0.3073   3.8825    3.5%
     0.100    11.33/12      0.3070   3.8865    5.6%
     0.200    10.43/12      0.3037   3.9065   13.1%
     0.300     8.55/12      0.2920   3.9713   28.7%
     0.500     4.04/12      0.2581   4.2587   66.3%
     0.700     2.04/12      0.2379   4.4890   83.0%
     1.000     2.00/12      0.2373   4.5013   83.3%
  suggested exit_threshold 0.20 -> mean depth 10.43/12, 13.1% of blocks skipped
  saved /global/scratch/users/iparra/effortless-dev/checkpoints/vr-exits/step-006000.pt
step   6000  loss 3.8362  lr 2.86e-04  34,019 tok/s  eta 17.2h
          exits L1:4.565 L3:3.787 L5:3.646 L7:3.671 L9:3.713 L11:3.647
step   6020  loss 3.8224  lr 2.86e-04  34,023 tok/s  eta 17.2h
          exits L1:4.510 L3:3.848 L5:3.648 L7:3.591 L9:3.645 L11:3.641
step   6040  loss 3.8279  lr 2.86e-04  34,026 tok/s  eta 17.2h
          exits L1:4.468 L3:3.797 L5:3.735 L7:3.839 L9:3.501 L11:3.638
step   6060  loss 3.9210  lr 2.86e-04  34,029 tok/s  eta 17.2h
          exits L1:4.588 L3:3.921 L5:3.769 L7:3.745 L9:3.732 L11:3.738
step   6080  loss 3.8447  lr 2.86e-04  34,033 tok/s  eta 17.2h
          exits L1:4.484 L3:3.871 L5:3.740 L7:3.631 L9:3.625 L11:3.657
step   6100  loss 3.8665  lr 2.86e-04  34,036 tok/s  eta 17.1h
          exits L1:4.595 L3:3.807 L5:3.704 L7:3.664 L9:3.770 L11:3.668
step   6120  loss 3.8381  lr 2.85e-04  34,037 tok/s  eta 17.1h
          exits L1:4.497 L3:3.875 L5:3.691 L7:3.583 L9:3.650 L11:3.654
step   6140  loss 3.9037  lr 2.85e-04  34,041 tok/s  eta 17.1h
          exits L1:4.551 L3:3.828 L5:3.780 L7:3.782 L9:3.797 L11:3.717
step   6160  loss 3.7620  lr 2.85e-04  34,039 tok/s  eta 17.1h
          exits L1:4.413 L3:3.783 L5:3.646 L7:3.544 L9:3.538 L11:3.575
step   6180  loss 3.8892  lr 2.85e-04  34,042 tok/s  eta 17.1h
          exits L1:4.530 L3:3.831 L5:3.754 L7:3.783 L9:3.754 L11:3.706
step   6200  loss 3.8348  lr 2.85e-04  34,042 tok/s  eta 17.1h
          exits L1:4.498 L3:3.765 L5:3.766 L7:3.751 L9:3.634 L11:3.636
step   6220  loss 3.8243  lr 2.85e-04  34,045 tok/s  eta 17.1h
          exits L1:4.435 L3:3.884 L5:3.739 L7:3.584 L9:3.557 L11:3.638
step   6240  loss 3.9342  lr 2.85e-04  34,048 tok/s  eta 17.1h
          exits L1:4.592 L3:3.978 L5:3.789 L7:3.702 L9:3.706 L11:3.755
step   6260  loss 3.8171  lr 2.85e-04  34,051 tok/s  eta 17.0h
          exits L1:4.477 L3:3.727 L5:3.696 L7:3.748 L9:3.685 L11:3.635
step   6280  loss 3.9139  lr 2.85e-04  34,054 tok/s  eta 17.0h
          exits L1:4.513 L3:3.943 L5:3.805 L7:3.758 L9:3.660 L11:3.735
step   6300  loss 3.8241  lr 2.84e-04  34,058 tok/s  eta 17.0h
          exits L1:4.490 L3:3.865 L5:3.716 L7:3.606 L9:3.571 L11:3.633
step   6320  loss 3.8820  lr 2.84e-04  34,060 tok/s  eta 17.0h
          exits L1:4.459 L3:3.845 L5:3.810 L7:3.697 L9:3.769 L11:3.695
step   6340  loss 3.8923  lr 2.84e-04  34,062 tok/s  eta 17.0h
          exits L1:4.480 L3:3.865 L5:3.812 L7:3.828 L9:3.648 L11:3.707
step   6360  loss 3.8656  lr 2.84e-04  34,065 tok/s  eta 17.0h
          exits L1:4.438 L3:3.757 L5:3.805 L7:3.920 L9:3.649 L11:3.679
step   6380  loss 3.8391  lr 2.84e-04  34,069 tok/s  eta 17.0h
          exits L1:4.487 L3:3.825 L5:3.742 L7:3.690 L9:3.621 L11:3.648
step   6400  loss 3.9115  lr 2.84e-04  34,072 tok/s  eta 17.0h
          exits L1:4.603 L3:3.853 L5:3.698 L7:3.696 L9:3.893 L11:3.732
step   6420  loss 3.8908  lr 2.84e-04  34,075 tok/s  eta 16.9h
          exits L1:4.599 L3:3.841 L5:3.719 L7:3.708 L9:3.809 L11:3.696
step   6440  loss 3.9265  lr 2.84e-04  34,076 tok/s  eta 16.9h
          exits L1:4.501 L3:3.915 L5:3.861 L7:3.833 L9:3.682 L11:3.742
step   6460  loss 3.8519  lr 2.84e-04  34,079 tok/s  eta 16.9h
          exits L1:4.450 L3:3.800 L5:3.816 L7:3.789 L9:3.621 L11:3.662
step   6480  loss 3.9225  lr 2.84e-04  34,079 tok/s  eta 16.9h
          exits L1:4.539 L3:3.913 L5:3.852 L7:3.731 L9:3.750 L11:3.733
  eval  loss 4.0889  exits L1:4.478 L3:3.836 L11:3.671
step   6500  loss 3.8680  lr 2.83e-04  34,052 tok/s  eta 16.9h
          exits L1:4.505 L3:3.905 L5:3.735 L7:3.665 L9:3.648 L11:3.690
step   6520  loss 3.8067  lr 2.83e-04  34,053 tok/s  eta 16.9h
          exits L1:4.486 L3:3.707 L5:3.661 L7:3.700 L9:3.720 L11:3.614
step   6540  loss 3.8381  lr 2.83e-04  34,056 tok/s  eta 16.9h
          exits L1:4.593 L3:3.808 L5:3.675 L7:3.586 L9:3.735 L11:3.640
step   6560  loss 3.7764  lr 2.83e-04  34,059 tok/s  eta 16.9h
          exits L1:4.360 L3:3.762 L5:3.683 L7:3.661 L9:3.566 L11:3.596
step   6580  loss 3.7801  lr 2.83e-04  34,062 tok/s  eta 16.9h
          exits L1:4.443 L3:3.769 L5:3.609 L7:3.624 L9:3.601 L11:3.595
step   6600  loss 3.8267  lr 2.83e-04  34,065 tok/s  eta 16.9h
          exits L1:4.476 L3:3.860 L5:3.663 L7:3.540 L9:3.684 L11:3.646
step   6620  loss 3.7486  lr 2.83e-04  34,068 tok/s  eta 16.8h
          exits L1:4.449 L3:3.749 L5:3.604 L7:3.511 L9:3.587 L11:3.548
step   6640  loss 3.8632  lr 2.83e-04  34,070 tok/s  eta 16.8h
          exits L1:4.445 L3:3.786 L5:3.823 L7:3.850 L9:3.640 L11:3.668
step   6660  loss 3.8467  lr 2.83e-04  34,072 tok/s  eta 16.8h
          exits L1:4.519 L3:3.808 L5:3.725 L7:3.728 L9:3.643 L11:3.652
step   6680  loss 3.9078  lr 2.82e-04  34,075 tok/s  eta 16.8h
          exits L1:4.541 L3:3.833 L5:3.765 L7:3.784 L9:3.819 L11:3.721
step   6700  loss 3.8465  lr 2.82e-04  34,078 tok/s  eta 16.8h
          exits L1:4.563 L3:3.835 L5:3.687 L7:3.693 L9:3.636 L11:3.657
step   6720  loss 3.7995  lr 2.82e-04  34,081 tok/s  eta 16.8h
          exits L1:4.507 L3:3.843 L5:3.621 L7:3.545 L9:3.595 L11:3.614
step   6740  loss 3.8776  lr 2.82e-04  34,084 tok/s  eta 16.8h
          exits L1:4.528 L3:3.823 L5:3.749 L7:3.713 L9:3.769 L11:3.692
step   6760  loss 3.8678  lr 2.82e-04  34,072 tok/s  eta 16.8h
          exits L1:4.466 L3:3.819 L5:3.830 L7:3.920 L9:3.488 L11:3.676
step   6780  loss 3.9113  lr 2.82e-04  34,075 tok/s  eta 16.8h
          exits L1:4.666 L3:3.829 L5:3.708 L7:3.725 L9:3.868 L11:3.721
step   6800  loss 3.8007  lr 2.82e-04  34,074 tok/s  eta 16.7h
          exits L1:4.509 L3:3.828 L5:3.648 L7:3.546 L9:3.605 L11:3.611
step   6820  loss 3.7583  lr 2.82e-04  34,077 tok/s  eta 16.7h
          exits L1:4.524 L3:3.619 L5:3.568 L7:3.740 L9:3.662 L11:3.565
step   6840  loss 3.8486  lr 2.82e-04  34,077 tok/s  eta 16.7h
          exits L1:4.489 L3:3.831 L5:3.718 L7:3.715 L9:3.650 L11:3.662
step   6860  loss 3.8891  lr 2.81e-04  34,080 tok/s  eta 16.7h
          exits L1:4.499 L3:3.915 L5:3.813 L7:3.651 L9:3.687 L11:3.702
step   6880  loss 3.8073  lr 2.81e-04  34,082 tok/s  eta 16.7h
          exits L1:4.442 L3:3.772 L5:3.668 L7:3.587 L9:3.737 L11:3.622
step   6900  loss 3.8625  lr 2.81e-04  34,079 tok/s  eta 16.7h
          exits L1:4.464 L3:3.822 L5:3.762 L7:3.677 L9:3.738 L11:3.678
step   6920  loss 3.8494  lr 2.81e-04  34,082 tok/s  eta 16.7h
          exits L1:4.417 L3:3.845 L5:3.752 L7:3.728 L9:3.636 L11:3.668
step   6940  loss 3.7725  lr 2.81e-04  34,084 tok/s  eta 16.7h
          exits L1:4.427 L3:3.731 L5:3.663 L7:3.651 L9:3.611 L11:3.580
step   6960  loss 3.8535  lr 2.81e-04  34,086 tok/s  eta 16.7h
          exits L1:4.482 L3:3.874 L5:3.716 L7:3.610 L9:3.699 L11:3.676
step   6980  loss 3.7853  lr 2.81e-04  34,088 tok/s  eta 16.6h
          exits L1:4.354 L3:3.778 L5:3.748 L7:3.696 L9:3.519 L11:3.598
  eval  loss 4.0692  exits L1:4.453 L3:3.817 L11:3.651
  saved /global/scratch/users/iparra/effortless-dev/checkpoints/vr-exits/step-007000.pt
step   7000  loss 3.9275  lr 2.81e-04  34,058 tok/s  eta 16.6h
          exits L1:4.589 L3:3.944 L5:3.759 L7:3.683 L9:3.788 L11:3.746
step   7020  loss 3.8570  lr 2.81e-04  34,061 tok/s  eta 16.6h
          exits L1:4.536 L3:3.893 L5:3.732 L7:3.608 L9:3.639 L11:3.664
step   7040  loss 3.8451  lr 2.80e-04  34,064 tok/s  eta 16.6h
          exits L1:4.413 L3:3.819 L5:3.785 L7:3.737 L9:3.620 L11:3.657
step   7060  loss 3.8658  lr 2.80e-04  34,065 tok/s  eta 16.6h
          exits L1:4.476 L3:3.886 L5:3.776 L7:3.647 L9:3.661 L11:3.679
step   7080  loss 3.7125  lr 2.80e-04  34,068 tok/s  eta 16.6h
          exits L1:4.359 L3:3.700 L5:3.539 L7:3.493 L9:3.595 L11:3.525
step   7100  loss 3.7742  lr 2.80e-04  34,068 tok/s  eta 16.6h
          exits L1:4.420 L3:3.723 L5:3.661 L7:3.706 L9:3.538 L11:3.580
step   7120  loss 3.7286  lr 2.80e-04  34,071 tok/s  eta 16.6h
          exits L1:4.332 L3:3.722 L5:3.615 L7:3.637 L9:3.475 L11:3.543
step   7140  loss 3.8088  lr 2.80e-04  34,073 tok/s  eta 16.6h
          exits L1:4.440 L3:3.724 L5:3.701 L7:3.742 L9:3.660 L11:3.617
step   7160  loss 3.8023  lr 2.80e-04  34,075 tok/s  eta 16.6h
          exits L1:4.545 L3:3.790 L5:3.632 L7:3.542 L9:3.668 L11:3.602
step   7180  loss 3.7618  lr 2.80e-04  34,077 tok/s  eta 16.5h
          exits L1:4.398 L3:3.743 L5:3.660 L7:3.562 L9:3.597 L11:3.571
step   7200  loss 3.8255  lr 2.79e-04  34,072 tok/s  eta 16.5h
          exits L1:4.431 L3:3.764 L5:3.723 L7:3.751 L9:3.662 L11:3.643
step   7220  loss 3.8545  lr 2.79e-04  34,075 tok/s  eta 16.5h
          exits L1:4.551 L3:3.821 L5:3.651 L7:3.649 L9:3.764 L11:3.669
step   7240  loss 3.8421  lr 2.79e-04  34,078 tok/s  eta 16.5h
          exits L1:4.551 L3:3.805 L5:3.634 L7:3.549 L9:3.848 L11:3.655
step   7260  loss 3.7400  lr 2.79e-04  34,081 tok/s  eta 16.5h
          exits L1:4.350 L3:3.658 L5:3.644 L7:3.759 L9:3.502 L11:3.550
step   7280  loss 3.7540  lr 2.79e-04  34,083 tok/s  eta 16.5h
          exits L1:4.444 L3:3.701 L5:3.588 L7:3.494 L9:3.734 L11:3.563
step   7300  loss 3.8633  lr 2.79e-04  34,086 tok/s  eta 16.5h
          exits L1:4.478 L3:3.866 L5:3.753 L7:3.770 L9:3.587 L11:3.682
step   7320  loss 3.7640  lr 2.79e-04  34,072 tok/s  eta 16.5h
          exits L1:4.425 L3:3.760 L5:3.627 L7:3.560 L9:3.594 L11:3.578
step   7340  loss 3.8105  lr 2.79e-04  34,074 tok/s  eta 16.5h
          exits L1:4.496 L3:3.745 L5:3.634 L7:3.687 L9:3.692 L11:3.626
step   7360  loss 3.8376  lr 2.78e-04  34,077 tok/s  eta 16.4h
          exits L1:4.465 L3:3.799 L5:3.742 L7:3.723 L9:3.636 L11:3.647
step   7380  loss 3.8202  lr 2.78e-04  34,080 tok/s  eta 16.4h
          exits L1:4.448 L3:3.719 L5:3.739 L7:3.843 L9:3.608 L11:3.626
step   7400  loss 3.8546  lr 2.78e-04  34,082 tok/s  eta 16.4h
          exits L1:4.571 L3:3.841 L5:3.664 L7:3.640 L9:3.710 L11:3.662
step   7420  loss 3.8816  lr 2.78e-04  34,082 tok/s  eta 16.4h
          exits L1:4.479 L3:3.800 L5:3.789 L7:3.789 L9:3.777 L11:3.694
step   7440  loss 3.7746  lr 2.78e-04  34,084 tok/s  eta 16.4h
          exits L1:4.457 L3:3.690 L5:3.617 L7:3.641 L9:3.697 L11:3.584
step   7460  loss 3.8231  lr 2.78e-04  34,087 tok/s  eta 16.4h
          exits L1:4.518 L3:3.952 L5:3.681 L7:3.525 L9:3.482 L11:3.632
step   7480  loss 3.7636  lr 2.78e-04  34,089 tok/s  eta 16.4h
          exits L1:4.516 L3:3.673 L5:3.539 L7:3.597 L9:3.750 L11:3.573
  eval  loss 4.0556  exits L1:4.438 L3:3.801 L11:3.632
step   7500  loss 3.7442  lr 2.78e-04  34,063 tok/s  eta 16.4h
          exits L1:4.431 L3:3.707 L5:3.537 L7:3.423 L9:3.771 L11:3.556
step   7520  loss 3.8404  lr 2.77e-04  34,059 tok/s  eta 16.4h
          exits L1:4.625 L3:3.832 L5:3.640 L7:3.614 L9:3.653 L11:3.634
step   7540  loss 3.7613  lr 2.77e-04  34,062 tok/s  eta 16.4h
          exits L1:4.434 L3:3.755 L5:3.565 L7:3.548 L9:3.624 L11:3.584
step   7560  loss 3.8001  lr 2.77e-04  34,064 tok/s  eta 16.3h
          exits L1:4.427 L3:3.804 L5:3.669 L7:3.648 L9:3.596 L11:3.616
step   7580  loss 3.6501  lr 2.77e-04  34,067 tok/s  eta 16.3h
          exits L1:4.318 L3:3.691 L5:3.519 L7:3.427 L9:3.389 L11:3.450
step   7600  loss 3.8789  lr 2.77e-04  34,069 tok/s  eta 16.3h
          exits L1:4.554 L3:3.820 L5:3.729 L7:3.687 L9:3.811 L11:3.682
step   7620  loss 3.7600  lr 2.77e-04  34,071 tok/s  eta 16.3h
          exits L1:4.391 L3:3.757 L5:3.655 L7:3.632 L9:3.489 L11:3.568
step   7640  loss 3.8174  lr 2.77e-04  34,068 tok/s  eta 16.3h
          exits L1:4.456 L3:3.723 L5:3.646 L7:3.608 L9:3.857 L11:3.633
step   7660  loss 3.8134  lr 2.77e-04  34,071 tok/s  eta 16.3h
          exits L1:4.492 L3:3.830 L5:3.675 L7:3.632 L9:3.578 L11:3.617
step   7680  loss 3.8495  lr 2.76e-04  34,074 tok/s  eta 16.3h
          exits L1:4.539 L3:3.802 L5:3.665 L7:3.665 L9:3.752 L11:3.659
step   7700  loss 3.8410  lr 2.76e-04  34,076 tok/s  eta 16.3h
          exits L1:4.487 L3:3.798 L5:3.715 L7:3.636 L9:3.752 L11:3.653
step   7720  loss 3.8537  lr 2.76e-04  34,079 tok/s  eta 16.3h
          exits L1:4.601 L3:3.932 L5:3.649 L7:3.566 L9:3.604 L11:3.659
step   7740  loss 3.7606  lr 2.76e-04  34,079 tok/s  eta 16.2h
          exits L1:4.356 L3:3.720 L5:3.724 L7:3.799 L9:3.396 L11:3.563
step   7760  loss 3.8349  lr 2.76e-04  34,081 tok/s  eta 16.2h
          exits L1:4.478 L3:3.789 L5:3.654 L7:3.598 L9:3.813 L11:3.653
step   7780  loss 3.8244  lr 2.76e-04  34,083 tok/s  eta 16.2h
          exits L1:4.471 L3:3.840 L5:3.692 L7:3.564 L9:3.656 L11:3.637
step   7800  loss 3.9029  lr 2.76e-04  34,086 tok/s  eta 16.2h
          exits L1:4.467 L3:3.797 L5:3.825 L7:3.903 L9:3.745 L11:3.719
step   7820  loss 3.7925  lr 2.76e-04  34,086 tok/s  eta 16.2h
          exits L1:4.391 L3:3.726 L5:3.731 L7:3.801 L9:3.524 L11:3.597
step   7840  loss 3.8028  lr 2.75e-04  34,080 tok/s  eta 16.2h
          exits L1:4.452 L3:3.829 L5:3.655 L7:3.581 L9:3.600 L11:3.613
step   7860  loss 3.9002  lr 2.75e-04  34,082 tok/s  eta 16.2h
          exits L1:4.468 L3:3.833 L5:3.834 L7:3.861 L9:3.700 L11:3.711
step   7880  loss 3.8008  lr 2.75e-04  34,085 tok/s  eta 16.2h
          exits L1:4.515 L3:3.834 L5:3.639 L7:3.642 L9:3.508 L11:3.609
step   7900  loss 3.8451  lr 2.75e-04  34,087 tok/s  eta 16.2h
          exits L1:4.506 L3:3.848 L5:3.687 L7:3.616 L9:3.702 L11:3.659
step   7920  loss 3.8046  lr 2.75e-04  34,089 tok/s  eta 16.1h
          exits L1:4.455 L3:3.811 L5:3.666 L7:3.573 L9:3.659 L11:3.614
step   7940  loss 3.7485  lr 2.75e-04  34,091 tok/s  eta 16.1h
          exits L1:4.542 L3:3.792 L5:3.510 L7:3.496 L9:3.547 L11:3.548
step   7960  loss 3.8099  lr 2.75e-04  34,079 tok/s  eta 16.1h
          exits L1:4.429 L3:3.752 L5:3.722 L7:3.759 L9:3.604 L11:3.612
step   7980  loss 3.7576  lr 2.75e-04  34,082 tok/s  eta 16.1h
          exits L1:4.417 L3:3.766 L5:3.668 L7:3.570 L9:3.512 L11:3.553
  eval  loss 4.0413  exits L1:4.421 L3:3.786 L11:3.617
 threshold   mean depth   accuracy      nll    saved
----------------------------------------------------
     0.000    12.00/12      0.3094   3.8057    0.0%
     0.050    11.55/12      0.3093   3.8093    3.7%
     0.100    11.30/12      0.3087   3.8138    5.8%
     0.200    10.37/12      0.3069   3.8333   13.6%
     0.300     8.36/12      0.2941   3.9076   30.3%
     0.500     3.86/12      0.2625   4.2084   67.8%
     0.700     2.04/12      0.2489   4.4215   83.0%
     1.000     2.00/12      0.2482   4.4328   83.3%
  suggested exit_threshold 0.20 -> mean depth 10.37/12, 13.6% of blocks skipped
  saved /global/scratch/users/iparra/effortless-dev/checkpoints/vr-exits/step-008000.pt
step   8000  loss 3.8197  lr 2.74e-04  34,050 tok/s  eta 16.1h
          exits L1:4.509 L3:3.823 L5:3.623 L7:3.628 L9:3.650 L11:3.634
step   8020  loss 3.8072  lr 2.74e-04  34,052 tok/s  eta 16.1h
          exits L1:4.325 L3:3.819 L5:3.819 L7:3.743 L9:3.467 L11:3.617
step   8040  loss 3.7872  lr 2.74e-04  34,055 tok/s  eta 16.1h
          exits L1:4.387 L3:3.797 L5:3.722 L7:3.657 L9:3.504 L11:3.592
step   8060  loss 3.8029  lr 2.74e-04  34,054 tok/s  eta 16.1h
          exits L1:4.480 L3:3.847 L5:3.642 L7:3.534 L9:3.601 L11:3.611
step   8080  loss 3.7704  lr 2.74e-04  34,057 tok/s  eta 16.1h
          exits L1:4.446 L3:3.790 L5:3.576 L7:3.558 L9:3.588 L11:3.588
step   8100  loss 3.7656  lr 2.74e-04  34,059 tok/s  eta 16.1h
          exits L1:4.424 L3:3.803 L5:3.662 L7:3.624 L9:3.444 L11:3.576
step   8120  loss 3.7574  lr 2.74e-04  34,061 tok/s  eta 16.0h
          exits L1:4.394 L3:3.760 L5:3.654 L7:3.548 L9:3.579 L11:3.561
step   8140  loss 3.7817  lr 2.73e-04  34,057 tok/s  eta 16.0h
          exits L1:4.400 L3:3.745 L5:3.634 L7:3.613 L9:3.680 L11:3.594
step   8160  loss 3.7696  lr 2.73e-04  34,059 tok/s  eta 16.0h
          exits L1:4.520 L3:3.751 L5:3.592 L7:3.480 L9:3.681 L11:3.571
step   8180  loss 3.7897  lr 2.73e-04  34,062 tok/s  eta 16.0h
          exits L1:4.530 L3:3.716 L5:3.573 L7:3.572 L9:3.783 L11:3.599
step   8200  loss 3.8300  lr 2.73e-04  34,064 tok/s  eta 16.0h
          exits L1:4.594 L3:3.804 L5:3.619 L7:3.558 L9:3.759 L11:3.641
step   8220  loss 3.7238  lr 2.73e-04  34,067 tok/s  eta 16.0h
          exits L1:4.403 L3:3.747 L5:3.560 L7:3.466 L9:3.549 L11:3.530
step   8240  loss 3.7783  lr 2.73e-04  34,069 tok/s  eta 16.0h
          exits L1:4.470 L3:3.784 L5:3.592 L7:3.603 L9:3.579 L11:3.588
step   8260  loss 3.8149  lr 2.73e-04  34,071 tok/s  eta 16.0h
          exits L1:4.419 L3:3.845 L5:3.689 L7:3.667 L9:3.543 L11:3.630
step   8280  loss 3.7631  lr 2.73e-04  34,073 tok/s  eta 16.0h
          exits L1:4.420 L3:3.836 L5:3.589 L7:3.445 L9:3.577 L11:3.578
step   8300  loss 3.7836  lr 2.72e-04  34,076 tok/s  eta 15.9h
          exits L1:4.570 L3:3.747 L5:3.517 L7:3.485 L9:3.773 L11:3.591
step   8320  loss 3.7311  lr 2.72e-04  34,076 tok/s  eta 15.9h
          exits L1:4.391 L3:3.740 L5:3.633 L7:3.610 L9:3.447 L11:3.534
step   8340  loss 3.7253  lr 2.72e-04  34,078 tok/s  eta 15.9h
          exits L1:4.435 L3:3.696 L5:3.546 L7:3.577 L9:3.553 L11:3.530
step   8360  loss 3.7630  lr 2.72e-04  34,081 tok/s  eta 15.9h
          exits L1:4.418 L3:3.761 L5:3.608 L7:3.482 L9:3.667 L11:3.571
step   8380  loss 3.8287  lr 2.72e-04  34,083 tok/s  eta 15.9h
          exits L1:4.530 L3:3.876 L5:3.646 L7:3.493 L9:3.697 L11:3.638
step   8400  loss 3.8632  lr 2.72e-04  34,085 tok/s  eta 15.9h
          exits L1:4.502 L3:3.820 L5:3.745 L7:3.765 L9:3.675 L11:3.673
step   8420  loss 3.8625  lr 2.72e-04  34,087 tok/s  eta 15.9h
          exits L1:4.509 L3:3.838 L5:3.710 L7:3.720 L9:3.690 L11:3.668
step   8440  loss 3.6622  lr 2.71e-04  34,089 tok/s  eta 15.9h
          exits L1:4.284 L3:3.582 L5:3.577 L7:3.566 L9:3.533 L11:3.470
step   8460  loss 3.7379  lr 2.71e-04  34,085 tok/s  eta 15.9h
          exits L1:4.392 L3:3.744 L5:3.576 L7:3.585 L9:3.514 L11:3.546
step   8480  loss 3.7846  lr 2.71e-04  34,084 tok/s  eta 15.8h
          exits L1:4.586 L3:3.751 L5:3.624 L7:3.621 L9:3.599 L11:3.583
  eval  loss 4.0265  exits L1:4.403 L3:3.773 L11:3.601
step   8500  loss 3.8401  lr 2.71e-04  34,064 tok/s  eta 15.8h
          exits L1:4.479 L3:3.861 L5:3.742 L7:3.637 L9:3.601 L11:3.642
step   8520  loss 3.6840  lr 2.71e-04  34,062 tok/s  eta 15.8h
          exits L1:4.261 L3:3.609 L5:3.659 L7:3.706 L9:3.401 L11:3.484
step   8540  loss 3.7256  lr 2.71e-04  34,064 tok/s  eta 15.8h
          exits L1:4.380 L3:3.748 L5:3.587 L7:3.436 L9:3.599 L11:3.536
step   8560  loss 3.8167  lr 2.71e-04  34,043 tok/s  eta 15.8h
          exits L1:4.466 L3:3.786 L5:3.660 L7:3.600 L9:3.725 L11:3.632
step   8580  loss 3.7836  lr 2.70e-04  34,045 tok/s  eta 15.8h
          exits L1:4.474 L3:3.820 L5:3.631 L7:3.482 L9:3.624 L11:3.594
step   8600  loss 3.7449  lr 2.70e-04  34,047 tok/s  eta 15.8h
          exits L1:4.370 L3:3.717 L5:3.611 L7:3.631 L9:3.547 L11:3.550
step   8620  loss 3.8283  lr 2.70e-04  34,049 tok/s  eta 15.8h
          exits L1:4.354 L3:3.810 L5:3.771 L7:3.812 L9:3.527 L11:3.643
step   8640  loss 3.6892  lr 2.70e-04  34,052 tok/s  eta 15.8h
          exits L1:4.339 L3:3.696 L5:3.505 L7:3.490 L9:3.539 L11:3.500
step   8660  loss 3.7225  lr 2.70e-04  34,054 tok/s  eta 15.8h
          exits L1:4.287 L3:3.723 L5:3.655 L7:3.689 L9:3.388 L11:3.529
step   8680  loss 3.7435  lr 2.70e-04  34,056 tok/s  eta 15.8h
          exits L1:4.385 L3:3.669 L5:3.618 L7:3.684 L9:3.564 L11:3.549
step   8700  loss 3.7856  lr 2.70e-04  34,059 tok/s  eta 15.7h
          exits L1:4.425 L3:3.733 L5:3.620 L7:3.585 L9:3.723 L11:3.596
step   8720  loss 3.7430  lr 2.69e-04  34,061 tok/s  eta 15.7h
          exits L1:4.428 L3:3.700 L5:3.562 L7:3.553 L9:3.658 L11:3.548
step   8740  loss 3.7482  lr 2.69e-04  34,063 tok/s  eta 15.7h
          exits L1:4.457 L3:3.760 L5:3.567 L7:3.460 L9:3.632 L11:3.552
step   8760  loss 3.7749  lr 2.69e-04  34,065 tok/s  eta 15.7h
          exits L1:4.486 L3:3.850 L5:3.582 L7:3.443 L9:3.585 L11:3.583
step   8780  loss 3.8215  lr 2.69e-04  34,068 tok/s  eta 15.7h
          exits L1:4.372 L3:3.854 L5:3.768 L7:3.688 L9:3.532 L11:3.634
step   8800  loss 3.7820  lr 2.69e-04  34,070 tok/s  eta 15.7h
          exits L1:4.388 L3:3.830 L5:3.674 L7:3.542 L9:3.555 L11:3.588
step   8820  loss 3.7580  lr 2.69e-04  34,072 tok/s  eta 15.7h
          exits L1:4.409 L3:3.744 L5:3.615 L7:3.607 L9:3.546 L11:3.567
step   8840  loss 3.6982  lr 2.69e-04  34,074 tok/s  eta 15.7h
          exits L1:4.335 L3:3.663 L5:3.582 L7:3.545 L9:3.537 L11:3.505
step   8860  loss 3.7994  lr 2.68e-04  34,058 tok/s  eta 15.7h
          exits L1:4.424 L3:3.835 L5:3.675 L7:3.612 L9:3.545 L11:3.614
step   8880  loss 3.8573  lr 2.68e-04  34,055 tok/s  eta 15.6h
          exits L1:4.518 L3:3.846 L5:3.700 L7:3.638 L9:3.741 L11:3.667
step   8900  loss 3.8247  lr 2.68e-04  34,057 tok/s  eta 15.6h
          exits L1:4.553 L3:3.825 L5:3.608 L7:3.543 L9:3.730 L11:3.629
step   8920  loss 3.7344  lr 2.68e-04  34,059 tok/s  eta 15.6h
          exits L1:4.373 L3:3.701 L5:3.580 L7:3.569 L9:3.607 L11:3.550
step   8940  loss 3.6888  lr 2.68e-04  34,061 tok/s  eta 15.6h
          exits L1:4.355 L3:3.653 L5:3.502 L7:3.563 L9:3.535 L11:3.502
step   8960  loss 3.8034  lr 2.68e-04  34,063 tok/s  eta 15.6h
          exits L1:4.377 L3:3.861 L5:3.721 L7:3.582 L9:3.553 L11:3.609
step   8980  loss 3.6846  lr 2.68e-04  34,065 tok/s  eta 15.6h
          exits L1:4.373 L3:3.619 L5:3.510 L7:3.547 L9:3.567 L11:3.485
  eval  loss 4.0145  exits L1:4.389 L3:3.758 L11:3.586
  saved /global/scratch/users/iparra/effortless-dev/checkpoints/vr-exits/step-009000.pt
step   9000  loss 3.7662  lr 2.67e-04  34,042 tok/s  eta 15.6h
          exits L1:4.440 L3:3.744 L5:3.598 L7:3.582 L9:3.630 L11:3.573
step   9020  loss 3.7197  lr 2.67e-04  34,044 tok/s  eta 15.6h
          exits L1:4.500 L3:3.819 L5:3.471 L7:3.349 L9:3.505 L11:3.527
step   9040  loss 3.8395  lr 2.67e-04  34,047 tok/s  eta 15.6h
          exits L1:4.399 L3:3.793 L5:3.805 L7:3.757 L9:3.626 L11:3.641
step   9060  loss 3.7992  lr 2.67e-04  34,049 tok/s  eta 15.6h
          exits L1:4.471 L3:3.792 L5:3.616 L7:3.560 L9:3.684 L11:3.608
step   9080  loss 3.7930  lr 2.67e-04  34,051 tok/s  eta 15.5h
          exits L1:4.524 L3:3.774 L5:3.611 L7:3.612 L9:3.633 L11:3.602
step   9100  loss 3.7728  lr 2.67e-04  34,053 tok/s  eta 15.5h
          exits L1:4.427 L3:3.681 L5:3.643 L7:3.646 L9:3.678 L11:3.571
step   9120  loss 3.7201  lr 2.67e-04  34,055 tok/s  eta 15.5h
          exits L1:4.375 L3:3.712 L5:3.618 L7:3.554 L9:3.510 L11:3.523
step   9140  loss 3.7595  lr 2.66e-04  34,058 tok/s  eta 15.5h
          exits L1:4.370 L3:3.802 L5:3.627 L7:3.561 L9:3.529 L11:3.563
step   9160  loss 3.7348  lr 2.66e-04  34,060 tok/s  eta 15.5h
          exits L1:4.341 L3:3.709 L5:3.605 L7:3.616 L9:3.537 L11:3.541
step   9180  loss 3.7242  lr 2.66e-04  34,038 tok/s  eta 15.5h
          exits L1:4.432 L3:3.646 L5:3.521 L7:3.512 L9:3.707 L11:3.531
step   9200  loss 3.7135  lr 2.66e-04  34,039 tok/s  eta 15.5h
          exits L1:4.340 L3:3.669 L5:3.575 L7:3.564 L9:3.587 L11:3.525
step   9220  loss 3.6974  lr 2.66e-04  34,041 tok/s  eta 15.5h
          exits L1:4.388 L3:3.738 L5:3.552 L7:3.493 L9:3.444 L11:3.503
step   9240  loss 3.6974  lr 2.66e-04  34,043 tok/s  eta 15.5h
          exits L1:4.362 L3:3.667 L5:3.598 L7:3.543 L9:3.488 L11:3.492
step   9260  loss 3.8255  lr 2.66e-04  34,045 tok/s  eta 15.4h
          exits L1:4.426 L3:3.864 L5:3.727 L7:3.744 L9:3.470 L11:3.631
step   9280  loss 3.8000  lr 2.65e-04  34,047 tok/s  eta 15.4h
          exits L1:4.448 L3:3.820 L5:3.637 L7:3.509 L9:3.685 L11:3.615
step   9300  loss 3.7486  lr 2.65e-04  34,049 tok/s  eta 15.4h
          exits L1:4.451 L3:3.772 L5:3.565 L7:3.503 L9:3.584 L11:3.549
step   9320  loss 3.6671  lr 2.65e-04  34,051 tok/s  eta 15.4h
          exits L1:4.437 L3:3.637 L5:3.488 L7:3.357 L9:3.617 L11:3.461
step   9340  loss 3.7687  lr 2.65e-04  34,053 tok/s  eta 15.4h
          exits L1:4.315 L3:3.749 L5:3.719 L7:3.620 L9:3.574 L11:3.576
step   9360  loss 3.7520  lr 2.65e-04  34,055 tok/s  eta 15.4h
          exits L1:4.446 L3:3.758 L5:3.561 L7:3.543 L9:3.593 L11:3.559
step   9380  loss 3.7845  lr 2.65e-04  34,057 tok/s  eta 15.4h
          exits L1:4.424 L3:3.705 L5:3.614 L7:3.670 L9:3.702 L11:3.597
step   9400  loss 3.6106  lr 2.64e-04  34,059 tok/s  eta 15.4h
          exits L1:4.283 L3:3.555 L5:3.490 L7:3.476 L9:3.461 L11:3.401
step   9420  loss 3.7042  lr 2.64e-04  34,061 tok/s  eta 15.4h
          exits L1:4.321 L3:3.734 L5:3.566 L7:3.481 L9:3.493 L11:3.513
step   9440  loss 3.7563  lr 2.64e-04  34,063 tok/s  eta 15.3h
          exits L1:4.351 L3:3.813 L5:3.666 L7:3.487 L9:3.533 L11:3.562
step   9460  loss 3.8470  lr 2.64e-04  34,065 tok/s  eta 15.3h
          exits L1:4.497 L3:3.827 L5:3.729 L7:3.732 L9:3.618 L11:3.653
step   9480  loss 3.7420  lr 2.64e-04  34,068 tok/s  eta 15.3h
          exits L1:4.363 L3:3.794 L5:3.653 L7:3.600 L9:3.386 L11:3.546
  eval  loss 4.0032  exits L1:4.369 L3:3.748 L11:3.574
step   9500  loss 3.7132  lr 2.64e-04  34,029 tok/s  eta 15.3h
          exits L1:4.377 L3:3.679 L5:3.546 L7:3.623 L9:3.501 L11:3.520
step   9520  loss 3.7312  lr 2.64e-04  34,031 tok/s  eta 15.3h
          exits L1:4.328 L3:3.632 L5:3.621 L7:3.727 L9:3.565 L11:3.540
step   9540  loss 3.7381  lr 2.63e-04  34,032 tok/s  eta 15.3h
          exits L1:4.261 L3:3.710 L5:3.716 L7:3.737 L9:3.428 L11:3.545
step   9560  loss 3.8010  lr 2.63e-04  34,034 tok/s  eta 15.3h
          exits L1:4.344 L3:3.831 L5:3.747 L7:3.703 L9:3.478 L11:3.611
step   9580  loss 3.7631  lr 2.63e-04  34,036 tok/s  eta 15.3h
          exits L1:4.429 L3:3.801 L5:3.595 L7:3.559 L9:3.511 L11:3.575
step   9600  loss 3.6849  lr 2.63e-04  34,039 tok/s  eta 15.3h
          exits L1:4.239 L3:3.684 L5:3.606 L7:3.609 L9:3.401 L11:3.498
step   9620  loss 3.7438  lr 2.63e-04  34,041 tok/s  eta 15.3h
          exits L1:4.399 L3:3.748 L5:3.603 L7:3.512 L9:3.580 L11:3.547
step   9640  loss 3.8370  lr 2.63e-04  34,043 tok/s  eta 15.2h
          exits L1:4.482 L3:3.792 L5:3.761 L7:3.645 L9:3.707 L11:3.637
step   9660  loss 3.6926  lr 2.62e-04  34,045 tok/s  eta 15.2h
          exits L1:4.287 L3:3.656 L5:3.585 L7:3.513 L9:3.578 L11:3.498
step   9680  loss 3.7254  lr 2.62e-04  34,047 tok/s  eta 15.2h
          exits L1:4.451 L3:3.625 L5:3.563 L7:3.686 L9:3.570 L11:3.529
step   9700  loss 3.7565  lr 2.62e-04  34,049 tok/s  eta 15.2h
          exits L1:4.462 L3:3.796 L5:3.530 L7:3.471 L9:3.604 L11:3.567
step   9720  loss 3.8488  lr 2.62e-04  34,051 tok/s  eta 15.2h
          exits L1:4.512 L3:3.852 L5:3.654 L7:3.568 L9:3.759 L11:3.658
step   9740  loss 3.7437  lr 2.62e-04  34,053 tok/s  eta 15.2h
          exits L1:4.340 L3:3.787 L5:3.645 L7:3.614 L9:3.423 L11:3.550
step   9760  loss 3.7338  lr 2.62e-04  34,055 tok/s  eta 15.2h
          exits L1:4.303 L3:3.778 L5:3.634 L7:3.594 L9:3.442 L11:3.543
step   9780  loss 3.7438  lr 2.62e-04  34,057 tok/s  eta 15.2h
          exits L1:4.406 L3:3.768 L5:3.551 L7:3.431 L9:3.644 L11:3.558
step   9800  loss 3.6734  lr 2.61e-04  34,045 tok/s  eta 15.2h
          exits L1:4.269 L3:3.528 L5:3.578 L7:3.664 L9:3.591 L11:3.480
step   9820  loss 3.7978  lr 2.61e-04  34,047 tok/s  eta 15.1h
          exits L1:4.512 L3:3.800 L5:3.628 L7:3.512 L9:3.678 L11:3.597
step   9840  loss 3.7579  lr 2.61e-04  34,049 tok/s  eta 15.1h
          exits L1:4.381 L3:3.687 L5:3.605 L7:3.651 L9:3.660 L11:3.568
step   9860  loss 3.7849  lr 2.61e-04  34,050 tok/s  eta 15.1h
          exits L1:4.496 L3:3.728 L5:3.562 L7:3.586 L9:3.734 L11:3.592
step   9880  loss 3.8103  lr 2.61e-04  34,052 tok/s  eta 15.1h
          exits L1:4.410 L3:3.831 L5:3.730 L7:3.651 L9:3.517 L11:3.611
step   9900  loss 3.7602  lr 2.61e-04  34,054 tok/s  eta 15.1h
          exits L1:4.437 L3:3.807 L5:3.597 L7:3.499 L9:3.551 L11:3.564
step   9920  loss 3.6539  lr 2.60e-04  34,056 tok/s  eta 15.1h
          exits L1:4.321 L3:3.594 L5:3.477 L7:3.477 L9:3.594 L11:3.457
step   9940  loss 3.7895  lr 2.60e-04  34,059 tok/s  eta 15.1h
          exits L1:4.413 L3:3.718 L5:3.676 L7:3.656 L9:3.694 L11:3.598
step   9960  loss 3.7486  lr 2.60e-04  34,060 tok/s  eta 15.1h
          exits L1:4.413 L3:3.682 L5:3.623 L7:3.637 L9:3.602 L11:3.544
step   9980  loss 3.6668  lr 2.60e-04  34,062 tok/s  eta 15.1h
          exits L1:4.263 L3:3.685 L5:3.530 L7:3.489 L9:3.444 L11:3.480
  eval  loss 3.9869  exits L1:4.354 L3:3.734 L11:3.560
 threshold   mean depth   accuracy      nll    saved
----------------------------------------------------
     0.000    12.00/12      0.3185   3.7631    0.0%
     0.050    11.52/12      0.3182   3.7661    4.0%
     0.100    11.25/12      0.3179   3.7720    6.3%
     0.200    10.23/12      0.3142   3.7977   14.7%
     0.300     8.10/12      0.3007   3.8839   32.5%
     0.500     3.66/12      0.2639   4.1783   69.5%
     0.700     2.03/12      0.2480   4.3679   83.1%
     1.000     2.00/12      0.2467   4.3780   83.3%
  suggested exit_threshold 0.20 -> mean depth 10.23/12, 14.7% of blocks skipped
  saved /global/scratch/users/iparra/effortless-dev/checkpoints/vr-exits/step-010000.pt
step  10000  loss 3.7862  lr 2.60e-04  34,032 tok/s  eta 15.1h
          exits L1:4.450 L3:3.805 L5:3.656 L7:3.570 L9:3.573 L11:3.586
step  10020  loss 3.7510  lr 2.60e-04  34,034 tok/s  eta 15.0h
          exits L1:4.393 L3:3.748 L5:3.650 L7:3.580 L9:3.521 L11:3.551
step  10040  loss 3.7423  lr 2.59e-04  34,036 tok/s  eta 15.0h
          exits L1:4.388 L3:3.771 L5:3.609 L7:3.654 L9:3.398 L11:3.547
step  10060  loss 3.7273  lr 2.59e-04  34,038 tok/s  eta 15.0h
          exits L1:4.390 L3:3.761 L5:3.536 L7:3.412 L9:3.612 L11:3.539
step  10080  loss 3.7921  lr 2.59e-04  34,040 tok/s  eta 15.0h
          exits L1:4.540 L3:3.869 L5:3.582 L7:3.475 L9:3.565 L11:3.591
step  10100  loss 3.7229  lr 2.59e-04  34,042 tok/s  eta 15.0h
          exits L1:4.372 L3:3.785 L5:3.610 L7:3.537 L9:3.403 L11:3.525
step  10120  loss 3.6986  lr 2.59e-04  34,044 tok/s  eta 15.0h
          exits L1:4.298 L3:3.658 L5:3.626 L7:3.688 L9:3.409 L11:3.500
step  10140  loss 3.7785  lr 2.59e-04  34,046 tok/s  eta 15.0h
          exits L1:4.428 L3:3.725 L5:3.627 L7:3.639 L9:3.646 L11:3.583
step  10160  loss 3.8027  lr 2.58e-04  34,048 tok/s  eta 15.0h
          exits L1:4.461 L3:3.760 L5:3.636 L7:3.620 L9:3.699 L11:3.607
step  10180  loss 3.6947  lr 2.58e-04  34,050 tok/s  eta 15.0h
          exits L1:4.386 L3:3.605 L5:3.480 L7:3.613 L9:3.586 L11:3.502
step  10200  loss 3.7480  lr 2.58e-04  34,052 tok/s  eta 14.9h
          exits L1:4.381 L3:3.678 L5:3.624 L7:3.616 L9:3.635 L11:3.556
step  10220  loss 3.7426  lr 2.58e-04  34,054 tok/s  eta 14.9h
          exits L1:4.304 L3:3.756 L5:3.619 L7:3.649 L9:3.476 L11:3.563
step  10240  loss 3.7305  lr 2.58e-04  34,056 tok/s  eta 14.9h
          exits L1:4.427 L3:3.708 L5:3.612 L7:3.624 L9:3.471 L11:3.529
step  10260  loss 3.7440  lr 2.58e-04  34,058 tok/s  eta 14.9h
          exits L1:4.367 L3:3.773 L5:3.604 L7:3.467 L9:3.599 L11:3.550
step  10280  loss 3.7098  lr 2.57e-04  34,060 tok/s  eta 14.9h
          exits L1:4.266 L3:3.737 L5:3.627 L7:3.505 L9:3.510 L11:3.521
step  10300  loss 3.8160  lr 2.57e-04  34,062 tok/s  eta 14.9h
          exits L1:4.403 L3:3.892 L5:3.703 L7:3.578 L9:3.551 L11:3.629
step  10320  loss 3.6797  lr 2.57e-04  34,053 tok/s  eta 14.9h
          exits L1:4.358 L3:3.673 L5:3.532 L7:3.596 L9:3.397 L11:3.484
step  10340  loss 3.6809  lr 2.57e-04  34,054 tok/s  eta 14.9h
          exits L1:4.390 L3:3.619 L5:3.482 L7:3.459 L9:3.619 L11:3.479
step  10360  loss 3.7500  lr 2.57e-04  34,055 tok/s  eta 14.9h
          exits L1:4.328 L3:3.695 L5:3.626 L7:3.661 L9:3.595 L11:3.564
step  10380  loss 3.6981  lr 2.57e-04  34,057 tok/s  eta 14.8h
          exits L1:4.291 L3:3.699 L5:3.613 L7:3.534 L9:3.494 L11:3.501
step  10400  loss 3.6569  lr 2.56e-04  34,059 tok/s  eta 14.8h
          exits L1:4.234 L3:3.711 L5:3.574 L7:3.503 L9:3.338 L11:3.467
step  10420  loss 3.7111  lr 2.56e-04  34,061 tok/s  eta 14.8h
          exits L1:4.360 L3:3.740 L5:3.551 L7:3.448 L9:3.543 L11:3.518
step  10440  loss 3.7672  lr 2.56e-04  34,062 tok/s  eta 14.8h
          exits L1:4.396 L3:3.757 L5:3.658 L7:3.578 L9:3.590 L11:3.569
step  10460  loss 3.7261  lr 2.56e-04  34,063 tok/s  eta 14.8h
          exits L1:4.331 L3:3.729 L5:3.614 L7:3.565 L9:3.517 L11:3.535
step  10480  loss 3.6321  lr 2.56e-04  34,065 tok/s  eta 14.8h
          exits L1:4.324 L3:3.645 L5:3.469 L7:3.380 L9:3.471 L11:3.432
  eval  loss 3.9772  exits L1:4.344 L3:3.725 L11:3.550
step  10500  loss 3.7711  lr 2.56e-04  34,048 tok/s  eta 14.8h
          exits L1:4.328 L3:3.762 L5:3.685 L7:3.665 L9:3.531 L11:3.586
step  10520  loss 3.7897  lr 2.55e-04  34,050 tok/s  eta 14.8h
          exits L1:4.430 L3:3.803 L5:3.668 L7:3.675 L9:3.502 L11:3.595
step  10540  loss 3.6801  lr 2.55e-04  34,052 tok/s  eta 14.8h
          exits L1:4.351 L3:3.634 L5:3.529 L7:3.479 L9:3.578 L11:3.481
step  10560  loss 3.7566  lr 2.55e-04  34,054 tok/s  eta 14.7h
          exits L1:4.448 L3:3.639 L5:3.607 L7:3.628 L9:3.722 L11:3.553
step  10580  loss 3.7233  lr 2.55e-04  34,056 tok/s  eta 14.7h
          exits L1:4.348 L3:3.685 L5:3.572 L7:3.595 L9:3.578 L11:3.537
step  10600  loss 3.6974  lr 2.55e-04  34,058 tok/s  eta 14.7h
          exits L1:4.284 L3:3.668 L5:3.644 L7:3.583 L9:3.469 L11:3.488
step  10620  loss 3.7361  lr 2.55e-04  34,060 tok/s  eta 14.7h
          exits L1:4.358 L3:3.715 L5:3.625 L7:3.692 L9:3.434 L11:3.539
step  10640  loss 3.7043  lr 2.54e-04  34,053 tok/s  eta 14.7h
          exits L1:4.329 L3:3.726 L5:3.562 L7:3.377 L9:3.624 L11:3.506
step  10660  loss 3.7106  lr 2.54e-04  34,054 tok/s  eta 14.7h
          exits L1:4.267 L3:3.744 L5:3.602 L7:3.556 L9:3.461 L11:3.529
step  10680  loss 3.7326  lr 2.54e-04  34,056 tok/s  eta 14.7h
          exits L1:4.372 L3:3.681 L5:3.625 L7:3.662 L9:3.524 L11:3.531
step  10700  loss 3.7457  lr 2.54e-04  34,058 tok/s  eta 14.7h
          exits L1:4.332 L3:3.796 L5:3.655 L7:3.592 L9:3.434 L11:3.551
step  10720  loss 3.6949  lr 2.54e-04  34,051 tok/s  eta 14.7h
          exits L1:4.355 L3:3.670 L5:3.509 L7:3.513 L9:3.571 L11:3.500
step  10740  loss 3.6324  lr 2.54e-04  34,048 tok/s  eta 14.7h
          exits L1:4.230 L3:3.621 L5:3.528 L7:3.439 L9:3.478 L11:3.436
step  10760  loss 3.7652  lr 2.53e-04  34,036 tok/s  eta 14.6h
          exits L1:4.296 L3:3.748 L5:3.703 L7:3.696 L9:3.499 L11:3.576
step  10780  loss 3.7906  lr 2.53e-04  34,038 tok/s  eta 14.6h
          exits L1:4.407 L3:3.712 L5:3.719 L7:3.744 L9:3.591 L11:3.588
step  10800  loss 3.5995  lr 2.53e-04  34,040 tok/s  eta 14.6h
          exits L1:4.214 L3:3.515 L5:3.526 L7:3.585 L9:3.380 L11:3.397
step  10820  loss 3.7345  lr 2.53e-04  34,041 tok/s  eta 14.6h
          exits L1:4.309 L3:3.738 L5:3.682 L7:3.741 L9:3.322 L11:3.537
step  10840  loss 3.7090  lr 2.53e-04  34,042 tok/s  eta 14.6h
          exits L1:4.401 L3:3.739 L5:3.505 L7:3.463 L9:3.519 L11:3.512
step  10860  loss 3.8091  lr 2.53e-04  34,044 tok/s  eta 14.6h
          exits L1:4.504 L3:3.828 L5:3.689 L7:3.643 L9:3.522 L11:3.604
step  10880  loss 3.6631  lr 2.52e-04  34,046 tok/s  eta 14.6h
          exits L1:4.338 L3:3.627 L5:3.504 L7:3.489 L9:3.538 L11:3.464
step  10900  loss 3.7082  lr 2.52e-04  34,048 tok/s  eta 14.6h
          exits L1:4.391 L3:3.746 L5:3.539 L7:3.421 L9:3.531 L11:3.511
step  10920  loss 3.8268  lr 2.52e-04  34,049 tok/s  eta 14.6h
          exits L1:4.422 L3:3.737 L5:3.778 L7:3.889 L9:3.546 L11:3.628
step  10940  loss 3.6456  lr 2.52e-04  34,051 tok/s  eta 14.5h
          exits L1:4.217 L3:3.629 L5:3.553 L7:3.527 L9:3.419 L11:3.452
step  10960  loss 3.6629  lr 2.52e-04  34,053 tok/s  eta 14.5h
          exits L1:4.265 L3:3.728 L5:3.520 L7:3.511 L9:3.338 L11:3.474
step  10980  loss 3.7104  lr 2.52e-04  34,055 tok/s  eta 14.5h
          exits L1:4.336 L3:3.630 L5:3.565 L7:3.613 L9:3.599 L11:3.524
  eval  loss 3.9683  exits L1:4.330 L3:3.718 L11:3.539
  saved /global/scratch/users/iparra/effortless-dev/checkpoints/vr-exits/step-011000.pt
step  11000  loss 3.7598  lr 2.51e-04  34,036 tok/s  eta 14.5h
          exits L1:4.459 L3:3.741 L5:3.594 L7:3.487 L9:3.672 L11:3.562
step  11020  loss 3.6660  lr 2.51e-04  34,038 tok/s  eta 14.5h
          exits L1:4.371 L3:3.727 L5:3.460 L7:3.418 L9:3.416 L11:3.475
step  11040  loss 3.7643  lr 2.51e-04  34,039 tok/s  eta 14.5h
          exits L1:4.343 L3:3.741 L5:3.709 L7:3.694 L9:3.479 L11:3.566
step  11060  loss 3.7151  lr 2.51e-04  34,035 tok/s  eta 14.5h
          exits L1:4.209 L3:3.743 L5:3.720 L7:3.679 L9:3.315 L11:3.517
step  11080  loss 3.7477  lr 2.51e-04  34,028 tok/s  eta 14.5h
          exits L1:4.399 L3:3.710 L5:3.621 L7:3.574 L9:3.597 L11:3.547
step  11100  loss 3.6961  lr 2.51e-04  34,030 tok/s  eta 14.5h
          exits L1:4.410 L3:3.702 L5:3.490 L7:3.412 L9:3.597 L11:3.502
step  11120  loss 3.6845  lr 2.50e-04  34,032 tok/s  eta 14.5h
          exits L1:4.273 L3:3.687 L5:3.545 L7:3.500 L9:3.512 L11:3.497
step  11140  loss 3.6858  lr 2.50e-04  34,033 tok/s  eta 14.4h
          exits L1:4.384 L3:3.554 L5:3.493 L7:3.603 L9:3.650 L11:3.487
step  11160  loss 3.7459  lr 2.50e-04  34,035 tok/s  eta 14.4h
          exits L1:4.316 L3:3.728 L5:3.665 L7:3.656 L9:3.492 L11:3.548
step  11180  loss 3.6912  lr 2.50e-04  34,037 tok/s  eta 14.4h
          exits L1:4.383 L3:3.711 L5:3.535 L7:3.402 L9:3.551 L11:3.489
step  11200  loss 3.7830  lr 2.50e-04  34,039 tok/s  eta 14.4h
          exits L1:4.345 L3:3.641 L5:3.694 L7:3.748 L9:3.743 L11:3.588
step  11220  loss 3.7072  lr 2.49e-04  34,041 tok/s  eta 14.4h
          exits L1:4.373 L3:3.716 L5:3.563 L7:3.525 L9:3.493 L11:3.506
step  11240  loss 3.7237  lr 2.49e-04  34,042 tok/s  eta 14.4h
          exits L1:4.358 L3:3.715 L5:3.575 L7:3.557 L9:3.534 L11:3.528
step  11260  loss 3.7272  lr 2.49e-04  34,044 tok/s  eta 14.4h
          exits L1:4.424 L3:3.739 L5:3.619 L7:3.511 L9:3.478 L11:3.513
step  11280  loss 3.6521  lr 2.49e-04  34,046 tok/s  eta 14.4h
          exits L1:4.277 L3:3.751 L5:3.525 L7:3.403 L9:3.338 L11:3.451
step  11300  loss 3.6935  lr 2.49e-04  34,048 tok/s  eta 14.4h
          exits L1:4.265 L3:3.556 L5:3.597 L7:3.686 L9:3.609 L11:3.495
step  11320  loss 3.7083  lr 2.49e-04  34,049 tok/s  eta 14.3h
          exits L1:4.319 L3:3.706 L5:3.638 L7:3.479 L9:3.518 L11:3.505
step  11340  loss 3.6999  lr 2.48e-04  34,050 tok/s  eta 14.3h
          exits L1:4.340 L3:3.746 L5:3.559 L7:3.469 L9:3.457 L11:3.504
step  11360  loss 3.7226  lr 2.48e-04  34,051 tok/s  eta 14.3h
          exits L1:4.316 L3:3.735 L5:3.606 L7:3.563 L9:3.496 L11:3.529
step  11380  loss 3.7230  lr 2.48e-04  34,047 tok/s  eta 14.3h
          exits L1:4.400 L3:3.726 L5:3.558 L7:3.566 L9:3.500 L11:3.517
step  11400  loss 3.6877  lr 2.48e-04  34,048 tok/s  eta 14.3h
          exits L1:4.450 L3:3.708 L5:3.413 L7:3.324 L9:3.654 L11:3.497
step  11420  loss 3.6762  lr 2.48e-04  34,040 tok/s  eta 14.3h
          exits L1:4.359 L3:3.694 L5:3.486 L7:3.371 L9:3.577 L11:3.481
step  11440  loss 3.6807  lr 2.48e-04  34,042 tok/s  eta 14.3h
          exits L1:4.385 L3:3.648 L5:3.509 L7:3.476 L9:3.543 L11:3.478
step  11460  loss 3.6934  lr 2.47e-04  34,044 tok/s  eta 14.3h
          exits L1:4.346 L3:3.737 L5:3.541 L7:3.400 L9:3.528 L11:3.498
step  11480  loss 3.7170  lr 2.47e-04  34,045 tok/s  eta 14.3h
          exits L1:4.348 L3:3.640 L5:3.569 L7:3.650 L9:3.576 L11:3.527
  eval  loss 3.9574  exits L1:4.318 L3:3.706 L11:3.528
step  11500  loss 3.6993  lr 2.47e-04  34,030 tok/s  eta 14.3h
          exits L1:4.478 L3:3.707 L5:3.434 L7:3.412 L9:3.597 L11:3.507
step  11520  loss 3.7274  lr 2.47e-04  34,032 tok/s  eta 14.2h
          exits L1:4.381 L3:3.716 L5:3.595 L7:3.521 L9:3.560 L11:3.525
step  11540  loss 3.7389  lr 2.47e-04  34,034 tok/s  eta 14.2h
          exits L1:4.365 L3:3.738 L5:3.574 L7:3.511 L9:3.613 L11:3.545
step  11560  loss 3.7132  lr 2.46e-04  34,036 tok/s  eta 14.2h
          exits L1:4.387 L3:3.698 L5:3.578 L7:3.506 L9:3.552 L11:3.515
step  11580  loss 3.7684  lr 2.46e-04  34,037 tok/s  eta 14.2h
          exits L1:4.448 L3:3.790 L5:3.613 L7:3.474 L9:3.644 L11:3.572
step  11600  loss 3.6263  lr 2.46e-04  34,039 tok/s  eta 14.2h
          exits L1:4.317 L3:3.609 L5:3.410 L7:3.452 L9:3.477 L11:3.434
step  11620  loss 3.7193  lr 2.46e-04  34,041 tok/s  eta 14.2h
          exits L1:4.394 L3:3.678 L5:3.562 L7:3.656 L9:3.482 L11:3.521
step  11640  loss 3.7162  lr 2.46e-04  34,042 tok/s  eta 14.2h
          exits L1:4.328 L3:3.666 L5:3.588 L7:3.549 L9:3.612 L11:3.521
step  11660  loss 3.6767  lr 2.46e-04  34,044 tok/s  eta 14.2h
          exits L1:4.290 L3:3.634 L5:3.533 L7:3.502 L9:3.578 L11:3.481
step  11680  loss 3.6331  lr 2.45e-04  34,045 tok/s  eta 14.2h
          exits L1:4.315 L3:3.638 L5:3.492 L7:3.480 L9:3.381 L11:3.438
step  11700  loss 3.6467  lr 2.45e-04  34,040 tok/s  eta 14.1h
          exits L1:4.250 L3:3.609 L5:3.586 L7:3.510 L9:3.444 L11:3.437
step  11720  loss 3.7485  lr 2.45e-04  34,041 tok/s  eta 14.1h
          exits L1:4.375 L3:3.701 L5:3.663 L7:3.672 L9:3.534 L11:3.545
step  11740  loss 3.6607  lr 2.45e-04  34,043 tok/s  eta 14.1h
          exits L1:4.246 L3:3.655 L5:3.546 L7:3.511 L9:3.463 L11:3.467
step  11760  loss 3.7211  lr 2.45e-04  34,044 tok/s  eta 14.1h
          exits L1:4.374 L3:3.762 L5:3.556 L7:3.445 L9:3.552 L11:3.528
step  11780  loss 3.7441  lr 2.44e-04  34,046 tok/s  eta 14.1h
          exits L1:4.425 L3:3.762 L5:3.557 L7:3.470 L9:3.603 L11:3.549
step  11800  loss 3.6550  lr 2.44e-04  34,048 tok/s  eta 14.1h
          exits L1:4.429 L3:3.693 L5:3.419 L7:3.328 L9:3.494 L11:3.450
step  11820  loss 3.6911  lr 2.44e-04  34,046 tok/s  eta 14.1h
          exits L1:4.331 L3:3.692 L5:3.584 L7:3.430 L9:3.565 L11:3.493
step  11840  loss 3.6099  lr 2.44e-04  34,048 tok/s  eta 14.1h
          exits L1:4.341 L3:3.651 L5:3.407 L7:3.393 L9:3.359 L11:3.412
step  11860  loss 3.6637  lr 2.44e-04  34,050 tok/s  eta 14.1h
          exits L1:4.343 L3:3.705 L5:3.528 L7:3.395 L9:3.437 L11:3.458
step  11880  loss 3.7179  lr 2.44e-04  34,051 tok/s  eta 14.0h
          exits L1:4.331 L3:3.753 L5:3.570 L7:3.491 L9:3.512 L11:3.527
step  11900  loss 3.6255  lr 2.43e-04  34,053 tok/s  eta 14.0h
          exits L1:4.351 L3:3.670 L5:3.390 L7:3.199 L9:3.589 L11:3.430
step  11920  loss 3.6746  lr 2.43e-04  34,055 tok/s  eta 14.0h
          exits L1:4.350 L3:3.648 L5:3.532 L7:3.497 L9:3.534 L11:3.469
step  11940  loss 3.7644  lr 2.43e-04  34,056 tok/s  eta 14.0h
          exits L1:4.401 L3:3.801 L5:3.631 L7:3.535 L9:3.532 L11:3.559
step  11960  loss 3.7775  lr 2.43e-04  34,058 tok/s  eta 14.0h
          exits L1:4.425 L3:3.834 L5:3.642 L7:3.484 L9:3.574 L11:3.580
step  11980  loss 3.6416  lr 2.43e-04  34,060 tok/s  eta 14.0h
          exits L1:4.259 L3:3.665 L5:3.488 L7:3.442 L9:3.431 L11:3.445
  eval  loss 3.9523  exits L1:4.310 L3:3.698 L11:3.519
 threshold   mean depth   accuracy      nll    saved
----------------------------------------------------
     0.000    12.00/12      0.3212   3.7119    0.0%
     0.050    11.51/12      0.3214   3.7136    4.1%
     0.100    11.21/12      0.3207   3.7198    6.6%
     0.200    10.14/12      0.3179   3.7488   15.5%
     0.300     8.02/12      0.3097   3.8310   33.2%
     0.500     3.62/12      0.2706   4.1403   69.8%
     0.700     2.03/12      0.2546   4.3394   83.1%
     1.000     2.00/12      0.2544   4.3450   83.3%
  suggested exit_threshold 0.20 -> mean depth 10.14/12, 15.5% of blocks skipped
  saved /global/scratch/users/iparra/effortless-dev/checkpoints/vr-exits/step-012000.pt
step  12000  loss 3.6396  lr 2.42e-04  34,030 tok/s  eta 14.0h
          exits L1:4.258 L3:3.590 L5:3.531 L7:3.462 L9:3.519 L11:3.435
step  12020  loss 3.7547  lr 2.42e-04  34,031 tok/s  eta 14.0h
          exits L1:4.339 L3:3.797 L5:3.613 L7:3.534 L9:3.541 L11:3.568
step  12040  loss 3.6865  lr 2.42e-04  34,032 tok/s  eta 14.0h
          exits L1:4.285 L3:3.656 L5:3.597 L7:3.569 L9:3.484 L11:3.486
step  12060  loss 3.7098  lr 2.42e-04  34,034 tok/s  eta 14.0h
          exits L1:4.290 L3:3.687 L5:3.634 L7:3.634 L9:3.452 L11:3.511
step  12080  loss 3.7693  lr 2.42e-04  34,036 tok/s  eta 13.9h
          exits L1:4.391 L3:3.742 L5:3.621 L7:3.667 L9:3.558 L11:3.577
step  12100  loss 3.7814  lr 2.42e-04  34,037 tok/s  eta 13.9h
          exits L1:4.467 L3:3.753 L5:3.612 L7:3.567 L9:3.661 L11:3.585
step  12120  loss 3.6764  lr 2.41e-04  34,039 tok/s  eta 13.9h
          exits L1:4.301 L3:3.664 L5:3.578 L7:3.515 L9:3.471 L11:3.471
step  12140  loss 3.6434  lr 2.41e-04  34,040 tok/s  eta 13.9h
          exits L1:4.281 L3:3.636 L5:3.494 L7:3.470 L9:3.457 L11:3.446
step  12160  loss 3.6489  lr 2.41e-04  34,042 tok/s  eta 13.9h
          exits L1:4.362 L3:3.664 L5:3.434 L7:3.349 L9:3.532 L11:3.450
step  12180  loss 3.5960  lr 2.41e-04  34,043 tok/s  eta 13.9h
          exits L1:4.211 L3:3.682 L5:3.480 L7:3.354 L9:3.291 L11:3.395
step  12200  loss 3.7041  lr 2.41e-04  34,045 tok/s  eta 13.9h
          exits L1:4.365 L3:3.736 L5:3.586 L7:3.538 L9:3.418 L11:3.509
step  12220  loss 3.7508  lr 2.40e-04  34,047 tok/s  eta 13.9h
          exits L1:4.549 L3:3.839 L5:3.492 L7:3.429 L9:3.527 L11:3.550
step  12240  loss 3.6471  lr 2.40e-04  34,048 tok/s  eta 13.9h
          exits L1:4.266 L3:3.670 L5:3.503 L7:3.404 L9:3.479 L11:3.451
step  12260  loss 3.7092  lr 2.40e-04  34,050 tok/s  eta 13.8h
          exits L1:4.278 L3:3.762 L5:3.587 L7:3.584 L9:3.387 L11:3.520
step  12280  loss 3.7579  lr 2.40e-04  34,051 tok/s  eta 13.8h
          exits L1:4.425 L3:3.778 L5:3.596 L7:3.505 L9:3.599 L11:3.565
step  12300  loss 3.7220  lr 2.40e-04  34,053 tok/s  eta 13.8h
          exits L1:4.388 L3:3.651 L5:3.580 L7:3.675 L9:3.519 L11:3.519
step  12320  loss 3.7029  lr 2.39e-04  34,044 tok/s  eta 13.8h
          exits L1:4.326 L3:3.680 L5:3.538 L7:3.510 L9:3.583 L11:3.509
step  12340  loss 3.6549  lr 2.39e-04  34,045 tok/s  eta 13.8h
          exits L1:4.393 L3:3.708 L5:3.444 L7:3.403 L9:3.408 L11:3.454
step  12360  loss 3.7398  lr 2.39e-04  34,046 tok/s  eta 13.8h
          exits L1:4.463 L3:3.652 L5:3.570 L7:3.589 L9:3.668 L11:3.536
step  12380  loss 3.7023  lr 2.39e-04  34,047 tok/s  eta 13.8h
          exits L1:4.346 L3:3.778 L5:3.574 L7:3.532 L9:3.339 L11:3.501
step  12400  loss 3.6862  lr 2.39e-04  34,049 tok/s  eta 13.8h
          exits L1:4.307 L3:3.633 L5:3.596 L7:3.586 L9:3.484 L11:3.483
step  12420  loss 3.6675  lr 2.39e-04  34,051 tok/s  eta 13.8h
          exits L1:4.295 L3:3.682 L5:3.552 L7:3.542 L9:3.387 L11:3.472
step  12440  loss 3.7444  lr 2.38e-04  34,052 tok/s  eta 13.7h
          exits L1:4.362 L3:3.749 L5:3.603 L7:3.463 L9:3.655 L11:3.547
step  12460  loss 3.6399  lr 2.38e-04  34,053 tok/s  eta 13.7h
          exits L1:4.249 L3:3.614 L5:3.588 L7:3.557 L9:3.367 L11:3.436
step  12480  loss 3.7319  lr 2.38e-04  34,055 tok/s  eta 13.7h
          exits L1:4.422 L3:3.752 L5:3.548 L7:3.448 L9:3.602 L11:3.538
  eval  loss 3.9417  exits L1:4.298 L3:3.691 L11:3.510
step  12500  loss 3.7512  lr 2.38e-04  34,041 tok/s  eta 13.7h
          exits L1:4.434 L3:3.725 L5:3.560 L7:3.624 L9:3.554 L11:3.554
step  12520  loss 3.6469  lr 2.38e-04  34,042 tok/s  eta 13.7h
          exits L1:4.218 L3:3.575 L5:3.567 L7:3.571 L9:3.493 L11:3.450
step  12540  loss 3.6896  lr 2.37e-04  34,044 tok/s  eta 13.7h
          exits L1:4.306 L3:3.697 L5:3.548 L7:3.407 L9:3.582 L11:3.493
step  12560  loss 3.7091  lr 2.37e-04  34,046 tok/s  eta 13.7h
          exits L1:4.286 L3:3.643 L5:3.625 L7:3.609 L9:3.581 L11:3.493
step  12580  loss 3.8028  lr 2.37e-04  34,047 tok/s  eta 13.7h
          exits L1:4.437 L3:3.817 L5:3.643 L7:3.544 L9:3.683 L11:3.608
step  12600  loss 3.6757  lr 2.37e-04  34,049 tok/s  eta 13.7h
          exits L1:4.352 L3:3.568 L5:3.524 L7:3.632 L9:3.552 L11:3.470
step  12620  loss 3.7208  lr 2.37e-04  34,050 tok/s  eta 13.6h
          exits L1:4.342 L3:3.758 L5:3.565 L7:3.491 L9:3.519 L11:3.534
step  12640  loss 3.7196  lr 2.36e-04  34,041 tok/s  eta 13.6h
          exits L1:4.354 L3:3.683 L5:3.582 L7:3.570 L9:3.544 L11:3.518
step  12660  loss 3.7689  lr 2.36e-04  34,041 tok/s  eta 13.6h
          exits L1:4.426 L3:3.798 L5:3.581 L7:3.498 L9:3.616 L11:3.581
step  12680  loss 3.6686  lr 2.36e-04  34,042 tok/s  eta 13.6h
          exits L1:4.253 L3:3.717 L5:3.553 L7:3.414 L9:3.460 L11:3.476
step  12700  loss 3.6666  lr 2.36e-04  34,044 tok/s  eta 13.6h
          exits L1:4.400 L3:3.642 L5:3.463 L7:3.507 L9:3.483 L11:3.464
step  12720  loss 3.7120  lr 2.36e-04  34,045 tok/s  eta 13.6h
          exits L1:4.391 L3:3.776 L5:3.534 L7:3.457 L9:3.470 L11:3.512
step  12740  loss 3.7031  lr 2.35e-04  34,047 tok/s  eta 13.6h
          exits L1:4.334 L3:3.690 L5:3.569 L7:3.537 L9:3.512 L11:3.504
step  12760  loss 3.6233  lr 2.35e-04  34,048 tok/s  eta 13.6h
          exits L1:4.220 L3:3.592 L5:3.521 L7:3.535 L9:3.408 L11:3.424
step  12780  loss 3.6857  lr 2.35e-04  34,050 tok/s  eta 13.6h
          exits L1:4.347 L3:3.613 L5:3.511 L7:3.517 L9:3.641 L11:3.491
step  12800  loss 3.7197  lr 2.35e-04  34,051 tok/s  eta 13.6h
          exits L1:4.329 L3:3.648 L5:3.597 L7:3.621 L9:3.588 L11:3.522
step  12820  loss 3.6744  lr 2.35e-04  34,053 tok/s  eta 13.5h
          exits L1:4.306 L3:3.557 L5:3.564 L7:3.670 L9:3.522 L11:3.474
step  12840  loss 3.7235  lr 2.35e-04  34,054 tok/s  eta 13.5h
          exits L1:4.370 L3:3.687 L5:3.560 L7:3.489 L9:3.672 L11:3.532
step  12860  loss 3.6921  lr 2.34e-04  34,056 tok/s  eta 13.5h
          exits L1:4.301 L3:3.704 L5:3.577 L7:3.465 L9:3.520 L11:3.495
step  12880  loss 3.6271  lr 2.34e-04  34,057 tok/s  eta 13.5h
          exits L1:4.309 L3:3.576 L5:3.472 L7:3.408 L9:3.552 L11:3.421
step  12900  loss 3.7272  lr 2.34e-04  34,059 tok/s  eta 13.5h
          exits L1:4.454 L3:3.731 L5:3.466 L7:3.436 L9:3.656 L11:3.531
step  12920  loss 3.7053  lr 2.34e-04  34,061 tok/s  eta 13.5h
          exits L1:4.270 L3:3.670 L5:3.592 L7:3.627 L9:3.493 L11:3.511
step  12940  loss 3.6420  lr 2.34e-04  34,062 tok/s  eta 13.5h
          exits L1:4.334 L3:3.626 L5:3.474 L7:3.453 L9:3.472 L11:3.443
step  12960  loss 3.6978  lr 2.33e-04  34,056 tok/s  eta 13.5h
          exits L1:4.306 L3:3.682 L5:3.550 L7:3.487 L9:3.573 L11:3.505
step  12980  loss 3.7530  lr 2.33e-04  34,056 tok/s  eta 13.5h
          exits L1:4.421 L3:3.809 L5:3.615 L7:3.609 L9:3.400 L11:3.558
  eval  loss 3.9326  exits L1:4.285 L3:3.683 L11:3.501
  saved /global/scratch/users/iparra/effortless-dev/checkpoints/vr-exits/step-013000.pt
step  13000  loss 3.6538  lr 2.33e-04  34,040 tok/s  eta 13.4h
          exits L1:4.230 L3:3.621 L5:3.553 L7:3.449 L9:3.545 L11:3.457
step  13020  loss 3.6831  lr 2.33e-04  34,042 tok/s  eta 13.4h
          exits L1:4.355 L3:3.633 L5:3.524 L7:3.500 L9:3.582 L11:3.480
step  13040  loss 3.7451  lr 2.33e-04  34,043 tok/s  eta 13.4h
          exits L1:4.375 L3:3.752 L5:3.599 L7:3.578 L9:3.522 L11:3.550
step  13060  loss 3.7261  lr 2.32e-04  34,045 tok/s  eta 13.4h
          exits L1:4.280 L3:3.735 L5:3.663 L7:3.604 L9:3.456 L11:3.525
step  13080  loss 3.7464  lr 2.32e-04  34,046 tok/s  eta 13.4h
          exits L1:4.305 L3:3.786 L5:3.681 L7:3.606 L9:3.441 L11:3.554
step  13100  loss 3.6222  lr 2.32e-04  34,047 tok/s  eta 13.4h
          exits L1:4.258 L3:3.597 L5:3.489 L7:3.470 L9:3.452 L11:3.422
step  13120  loss 3.7626  lr 2.32e-04  34,049 tok/s  eta 13.4h
          exits L1:4.372 L3:3.736 L5:3.674 L7:3.612 L9:3.580 L11:3.558
step  13140  loss 3.7095  lr 2.32e-04  34,050 tok/s  eta 13.4h
          exits L1:4.374 L3:3.758 L5:3.558 L7:3.445 L9:3.490 L11:3.512
step  13160  loss 3.6540  lr 2.31e-04  34,052 tok/s  eta 13.4h
          exits L1:4.305 L3:3.793 L5:3.519 L7:3.413 L9:3.236 L11:3.454
step  13180  loss 3.6094  lr 2.31e-04  34,053 tok/s  eta 13.3h
          exits L1:4.267 L3:3.611 L5:3.447 L7:3.324 L9:3.508 L11:3.405
step  13200  loss 3.6405  lr 2.31e-04  34,055 tok/s  eta 13.3h
          exits L1:4.301 L3:3.630 L5:3.473 L7:3.372 L9:3.549 L11:3.442
step  13220  loss 3.6771  lr 2.31e-04  34,056 tok/s  eta 13.3h
          exits L1:4.301 L3:3.668 L5:3.555 L7:3.515 L9:3.469 L11:3.476
step  13240  loss 3.6860  lr 2.31e-04  34,058 tok/s  eta 13.3h
          exits L1:4.359 L3:3.582 L5:3.535 L7:3.495 L9:3.676 L11:3.478
step  13260  loss 3.7128  lr 2.30e-04  34,053 tok/s  eta 13.3h
          exits L1:4.346 L3:3.661 L5:3.589 L7:3.570 L9:3.565 L11:3.510
step  13280  loss 3.6740  lr 2.30e-04  34,054 tok/s  eta 13.3h
          exits L1:4.289 L3:3.666 L5:3.601 L7:3.537 L9:3.414 L11:3.467
step  13300  loss 3.6644  lr 2.30e-04  34,056 tok/s  eta 13.3h
          exits L1:4.302 L3:3.635 L5:3.492 L7:3.528 L9:3.521 L11:3.471
step  13320  loss 3.6617  lr 2.30e-04  34,056 tok/s  eta 13.3h
          exits L1:4.423 L3:3.657 L5:3.421 L7:3.402 L9:3.553 L11:3.454
step  13340  loss 3.6834  lr 2.30e-04  34,054 tok/s  eta 13.3h
          exits L1:4.316 L3:3.709 L5:3.541 L7:3.496 L9:3.447 L11:3.487
step  13360  loss 3.6846  lr 2.29e-04  34,055 tok/s  eta 13.2h
          exits L1:4.263 L3:3.674 L5:3.590 L7:3.542 L9:3.478 L11:3.485
step  13380  loss 3.6906  lr 2.29e-04  34,057 tok/s  eta 13.2h
          exits L1:4.349 L3:3.689 L5:3.500 L7:3.448 L9:3.579 L11:3.496
step  13400  loss 3.6835  lr 2.29e-04  34,058 tok/s  eta 13.2h
          exits L1:4.339 L3:3.663 L5:3.557 L7:3.546 L9:3.485 L11:3.488
step  13420  loss 3.6648  lr 2.29e-04  34,059 tok/s  eta 13.2h
          exits L1:4.308 L3:3.684 L5:3.529 L7:3.466 L9:3.436 L11:3.466
step  13440  loss 3.6878  lr 2.29e-04  34,061 tok/s  eta 13.2h
          exits L1:4.313 L3:3.696 L5:3.539 L7:3.465 L9:3.520 L11:3.495
step  13460  loss 3.6378  lr 2.28e-04  34,062 tok/s  eta 13.2h
          exits L1:4.235 L3:3.495 L5:3.524 L7:3.596 L9:3.581 L11:3.438
step  13480  loss 3.6294  lr 2.28e-04  34,064 tok/s  eta 13.2h
          exits L1:4.315 L3:3.662 L5:3.426 L7:3.373 L9:3.454 L11:3.429
  eval  loss 3.9214  exits L1:4.275 L3:3.673 L11:3.490
step  13500  loss 3.6699  lr 2.28e-04  34,051 tok/s  eta 13.2h
          exits L1:4.287 L3:3.653 L5:3.521 L7:3.417 L9:3.596 L11:3.473
step  13520  loss 3.6433  lr 2.28e-04  34,052 tok/s  eta 13.2h
          exits L1:4.274 L3:3.600 L5:3.479 L7:3.516 L9:3.487 L11:3.448
step  13540  loss 3.6916  lr 2.28e-04  34,054 tok/s  eta 13.2h
          exits L1:4.352 L3:3.731 L5:3.542 L7:3.484 L9:3.420 L11:3.484
step  13560  loss 3.7148  lr 2.27e-04  34,055 tok/s  eta 13.1h
          exits L1:4.289 L3:3.687 L5:3.611 L7:3.600 L9:3.519 L11:3.522
step  13580  loss 3.6973  lr 2.27e-04  34,050 tok/s  eta 13.1h
          exits L1:4.390 L3:3.766 L5:3.483 L7:3.402 L9:3.484 L11:3.496
step  13600  loss 3.6312  lr 2.27e-04  34,052 tok/s  eta 13.1h
          exits L1:4.247 L3:3.646 L5:3.537 L7:3.410 L9:3.440 L11:3.431
step  13620  loss 3.6767  lr 2.27e-04  34,053 tok/s  eta 13.1h
          exits L1:4.332 L3:3.731 L5:3.515 L7:3.501 L9:3.375 L11:3.476
step  13640  loss 3.6584  lr 2.27e-04  34,052 tok/s  eta 13.1h
          exits L1:4.343 L3:3.621 L5:3.511 L7:3.465 L9:3.517 L11:3.448
step  13660  loss 3.6606  lr 2.26e-04  34,053 tok/s  eta 13.1h
          exits L1:4.239 L3:3.603 L5:3.552 L7:3.591 L9:3.482 L11:3.468
step  13680  loss 3.7362  lr 2.26e-04  34,055 tok/s  eta 13.1h
          exits L1:4.402 L3:3.725 L5:3.626 L7:3.627 L9:3.476 L11:3.528
step  13700  loss 3.5852  lr 2.26e-04  34,056 tok/s  eta 13.1h
          exits L1:4.252 L3:3.676 L5:3.398 L7:3.245 L9:3.385 L11:3.388
step  13720  loss 3.6068  lr 2.26e-04  34,052 tok/s  eta 13.1h
          exits L1:4.211 L3:3.623 L5:3.450 L7:3.462 L9:3.370 L11:3.408
step  13740  loss 3.6208  lr 2.26e-04  34,053 tok/s  eta 13.0h
          exits L1:4.201 L3:3.686 L5:3.496 L7:3.465 L9:3.300 L11:3.427
step  13760  loss 3.5883  lr 2.25e-04  34,054 tok/s  eta 13.0h
          exits L1:4.324 L3:3.604 L5:3.381 L7:3.381 L9:3.369 L11:3.388
step  13780  loss 3.7349  lr 2.25e-04  34,055 tok/s  eta 13.0h
          exits L1:4.346 L3:3.693 L5:3.620 L7:3.655 L9:3.528 L11:3.532
step  13800  loss 3.5543  lr 2.25e-04  34,057 tok/s  eta 13.0h
          exits L1:4.221 L3:3.459 L5:3.416 L7:3.439 L9:3.469 L11:3.351
step  13820  loss 3.6340  lr 2.25e-04  34,058 tok/s  eta 13.0h
          exits L1:4.318 L3:3.641 L5:3.457 L7:3.386 L9:3.498 L11:3.428
step  13840  loss 3.6218  lr 2.25e-04  34,060 tok/s  eta 13.0h
          exits L1:4.272 L3:3.641 L5:3.459 L7:3.399 L9:3.429 L11:3.419
step  13860  loss 3.6579  lr 2.24e-04  34,061 tok/s  eta 13.0h
          exits L1:4.283 L3:3.721 L5:3.541 L7:3.374 L9:3.417 L11:3.459
step  13880  loss 3.7056  lr 2.24e-04  34,062 tok/s  eta 13.0h
          exits L1:4.259 L3:3.669 L5:3.615 L7:3.651 L9:3.475 L11:3.514
step  13900  loss 3.6299  lr 2.24e-04  34,057 tok/s  eta 13.0h
          exits L1:4.349 L3:3.596 L5:3.461 L7:3.492 L9:3.434 L11:3.417
step  13920  loss 3.6994  lr 2.24e-04  34,058 tok/s  eta 12.9h
          exits L1:4.376 L3:3.657 L5:3.487 L7:3.484 L9:3.655 L11:3.504
step  13940  loss 3.7160  lr 2.24e-04  34,059 tok/s  eta 12.9h
          exits L1:4.468 L3:3.706 L5:3.467 L7:3.380 L9:3.697 L11:3.520
step  13960  loss 3.7077  lr 2.23e-04  34,060 tok/s  eta 12.9h
          exits L1:4.350 L3:3.647 L5:3.537 L7:3.585 L9:3.582 L11:3.514
step  13980  loss 3.6275  lr 2.23e-04  34,061 tok/s  eta 12.9h
          exits L1:4.239 L3:3.671 L5:3.507 L7:3.480 L9:3.326 L11:3.432
  eval  loss 3.9162  exits L1:4.266 L3:3.668 L11:3.484
 threshold   mean depth   accuracy      nll    saved
----------------------------------------------------
     0.000    12.00/12      0.3295   3.6758    0.0%
     0.050    11.49/12      0.3293   3.6805    4.2%
     0.100    11.20/12      0.3290   3.6856    6.7%
     0.200    10.16/12      0.3248   3.7110   15.3%
     0.300     8.07/12      0.3154   3.7904   32.8%
     0.500     3.57/12      0.2780   4.0811   70.2%
     0.700     2.03/12      0.2609   4.2799   83.1%
     1.000     2.00/12      0.2610   4.2862   83.3%
  suggested exit_threshold 0.20 -> mean depth 10.16/12, 15.3% of blocks skipped
  saved /global/scratch/users/iparra/effortless-dev/checkpoints/vr-exits/step-014000.pt
step  14000  loss 3.6507  lr 2.23e-04  34,044 tok/s  eta 12.9h
          exits L1:4.214 L3:3.661 L5:3.537 L7:3.471 L9:3.461 L11:3.458
step  14020  loss 3.6519  lr 2.23e-04  34,045 tok/s  eta 12.9h
          exits L1:4.267 L3:3.665 L5:3.552 L7:3.540 L9:3.343 L11:3.449
step  14040  loss 3.6420  lr 2.23e-04  34,040 tok/s  eta 12.9h
          exits L1:4.246 L3:3.626 L5:3.518 L7:3.549 L9:3.406 L11:3.443
step  14060  loss 3.6542  lr 2.22e-04  34,042 tok/s  eta 12.9h
          exits L1:4.274 L3:3.544 L5:3.558 L7:3.654 L9:3.492 L11:3.446
step  14080  loss 3.7007  lr 2.22e-04  34,043 tok/s  eta 12.9h
          exits L1:4.373 L3:3.659 L5:3.542 L7:3.543 L9:3.535 L11:3.493
step  14100  loss 3.6144  lr 2.22e-04  34,045 tok/s  eta 12.9h
          exits L1:4.293 L3:3.592 L5:3.449 L7:3.422 L9:3.473 L11:3.410
step  14120  loss 3.6504  lr 2.22e-04  34,046 tok/s  eta 12.8h
          exits L1:4.251 L3:3.665 L5:3.571 L7:3.601 L9:3.287 L11:3.448
step  14140  loss 3.6539  lr 2.22e-04  34,047 tok/s  eta 12.8h
          exits L1:4.356 L3:3.602 L5:3.424 L7:3.401 L9:3.651 L11:3.455
step  14160  loss 3.6468  lr 2.21e-04  34,049 tok/s  eta 12.8h
          exits L1:4.267 L3:3.662 L5:3.487 L7:3.437 L9:3.465 L11:3.451
step  14180  loss 3.6425  lr 2.21e-04  34,050 tok/s  eta 12.8h
          exits L1:4.342 L3:3.688 L5:3.500 L7:3.416 L9:3.367 L11:3.431
step  14200  loss 3.6420  lr 2.21e-04  34,046 tok/s  eta 12.8h
          exits L1:4.245 L3:3.657 L5:3.507 L7:3.484 L9:3.409 L11:3.446
step  14220  loss 3.7312  lr 2.21e-04  34,047 tok/s  eta 12.8h
          exits L1:4.379 L3:3.763 L5:3.563 L7:3.524 L9:3.519 L11:3.533
step  14240  loss 3.6118  lr 2.21e-04  34,048 tok/s  eta 12.8h
          exits L1:4.256 L3:3.647 L5:3.467 L7:3.343 L9:3.429 L11:3.408
step  14260  loss 3.6635  lr 2.20e-04  34,050 tok/s  eta 12.8h
          exits L1:4.277 L3:3.714 L5:3.532 L7:3.394 L9:3.473 L11:3.464
step  14280  loss 3.6447  lr 2.20e-04  34,051 tok/s  eta 12.8h
          exits L1:4.263 L3:3.576 L5:3.493 L7:3.531 L9:3.531 L11:3.448
step  14300  loss 3.7317  lr 2.20e-04  34,053 tok/s  eta 12.7h
          exits L1:4.439 L3:3.694 L5:3.529 L7:3.574 L9:3.588 L11:3.535
step  14320  loss 3.7063  lr 2.20e-04  34,053 tok/s  eta 12.7h
          exits L1:4.324 L3:3.665 L5:3.575 L7:3.606 L9:3.513 L11:3.511
step  14340  loss 3.5892  lr 2.20e-04  34,054 tok/s  eta 12.7h
          exits L1:4.163 L3:3.607 L5:3.476 L7:3.404 L9:3.374 L11:3.394
step  14360  loss 3.6840  lr 2.19e-04  34,056 tok/s  eta 12.7h
          exits L1:4.406 L3:3.657 L5:3.493 L7:3.465 L9:3.558 L11:3.481
step  14380  loss 3.6755  lr 2.19e-04  34,057 tok/s  eta 12.7h
          exits L1:4.320 L3:3.703 L5:3.523 L7:3.472 L9:3.462 L11:3.481
step  14400  loss 3.6051  lr 2.19e-04  34,058 tok/s  eta 12.7h
          exits L1:4.100 L3:3.680 L5:3.573 L7:3.525 L9:3.183 L11:3.417
step  14420  loss 3.6892  lr 2.19e-04  34,059 tok/s  eta 12.7h
          exits L1:4.429 L3:3.711 L5:3.473 L7:3.433 L9:3.517 L11:3.483
step  14440  loss 3.6792  lr 2.19e-04  34,061 tok/s  eta 12.7h
          exits L1:4.310 L3:3.633 L5:3.513 L7:3.570 L9:3.519 L11:3.487
step  14460  loss 3.6731  lr 2.18e-04  34,062 tok/s  eta 12.7h
          exits L1:4.302 L3:3.713 L5:3.562 L7:3.378 L9:3.496 L11:3.465
step  14480  loss 3.6754  lr 2.18e-04  34,064 tok/s  eta 12.6h
          exits L1:4.243 L3:3.691 L5:3.571 L7:3.470 L9:3.488 L11:3.476
  eval  loss 3.9097  exits L1:4.259 L3:3.660 L11:3.476
step  14500  loss 3.7055  lr 2.18e-04  34,051 tok/s  eta 12.6h
          exits L1:4.385 L3:3.763 L5:3.507 L7:3.385 L9:3.541 L11:3.512
step  14520  loss 3.6931  lr 2.18e-04  34,048 tok/s  eta 12.6h
          exits L1:4.330 L3:3.653 L5:3.577 L7:3.562 L9:3.494 L11:3.477
step  14540  loss 3.7587  lr 2.17e-04  34,050 tok/s  eta 12.6h
          exits L1:4.388 L3:3.851 L5:3.600 L7:3.412 L9:3.553 L11:3.564
step  14560  loss 3.7258  lr 2.17e-04  34,051 tok/s  eta 12.6h
          exits L1:4.228 L3:3.644 L5:3.682 L7:3.881 L9:3.380 L11:3.532
step  14580  loss 3.5666  lr 2.17e-04  34,052 tok/s  eta 12.6h
          exits L1:4.166 L3:3.608 L5:3.443 L7:3.326 L9:3.354 L11:3.372
step  14600  loss 3.6371  lr 2.17e-04  34,054 tok/s  eta 12.6h
          exits L1:4.307 L3:3.559 L5:3.458 L7:3.450 L9:3.591 L11:3.432
step  14620  loss 3.6776  lr 2.17e-04  34,055 tok/s  eta 12.6h
          exits L1:4.250 L3:3.648 L5:3.601 L7:3.581 L9:3.472 L11:3.479
step  14640  loss 3.6324  lr 2.16e-04  34,054 tok/s  eta 12.6h
          exits L1:4.125 L3:3.659 L5:3.620 L7:3.535 L9:3.292 L11:3.436
step  14660  loss 3.7084  lr 2.16e-04  34,055 tok/s  eta 12.6h
          exits L1:4.387 L3:3.649 L5:3.481 L7:3.537 L9:3.653 L11:3.515
step  14680  loss 3.6095  lr 2.16e-04  34,057 tok/s  eta 12.5h
          exits L1:4.177 L3:3.571 L5:3.495 L7:3.473 L9:3.457 L11:3.414
step  14700  loss 3.5342  lr 2.16e-04  34,058 tok/s  eta 12.5h
          exits L1:4.070 L3:3.440 L5:3.474 L7:3.457 L9:3.444 L11:3.323
step  14720  loss 3.6088  lr 2.16e-04  34,059 tok/s  eta 12.5h
          exits L1:4.311 L3:3.640 L5:3.408 L7:3.323 L9:3.457 L11:3.407
step  14740  loss 3.6192  lr 2.15e-04  34,060 tok/s  eta 12.5h
          exits L1:4.210 L3:3.633 L5:3.510 L7:3.460 L9:3.372 L11:3.419
step  14760  loss 3.6760  lr 2.15e-04  34,062 tok/s  eta 12.5h
          exits L1:4.323 L3:3.703 L5:3.561 L7:3.480 L9:3.428 L11:3.476
step  14780  loss 3.6224  lr 2.15e-04  34,063 tok/s  eta 12.5h
          exits L1:4.197 L3:3.640 L5:3.523 L7:3.417 L9:3.430 L11:3.425
step  14800  loss 3.6353  lr 2.15e-04  34,064 tok/s  eta 12.5h
          exits L1:4.221 L3:3.588 L5:3.546 L7:3.566 L9:3.424 L11:3.435
step  14820  loss 3.6141  lr 2.15e-04  34,056 tok/s  eta 12.5h
          exits L1:4.125 L3:3.560 L5:3.549 L7:3.597 L9:3.385 L11:3.415
step  14840  loss 3.5531  lr 2.14e-04  34,055 tok/s  eta 12.5h
          exits L1:4.230 L3:3.501 L5:3.396 L7:3.417 L9:3.394 L11:3.343
step  14860  loss 3.6488  lr 2.14e-04  34,056 tok/s  eta 12.4h
          exits L1:4.262 L3:3.756 L5:3.499 L7:3.312 L9:3.431 L11:3.455
step  14880  loss 3.5586  lr 2.14e-04  34,058 tok/s  eta 12.4h
          exits L1:4.254 L3:3.654 L5:3.410 L7:3.220 L9:3.321 L11:3.350
step  14900  loss 3.6380  lr 2.14e-04  34,059 tok/s  eta 12.4h
          exits L1:4.270 L3:3.620 L5:3.494 L7:3.463 L9:3.468 L11:3.434
step  14920  loss 3.6646  lr 2.13e-04  34,060 tok/s  eta 12.4h
          exits L1:4.261 L3:3.695 L5:3.546 L7:3.416 L9:3.476 L11:3.469
step  14940  loss 3.6520  lr 2.13e-04  34,061 tok/s  eta 12.4h
          exits L1:4.291 L3:3.647 L5:3.509 L7:3.406 L9:3.529 L11:3.450
step  14960  loss 3.6134  lr 2.13e-04  34,061 tok/s  eta 12.4h
          exits L1:4.307 L3:3.569 L5:3.409 L7:3.370 L9:3.568 L11:3.412
step  14980  loss 3.6828  lr 2.13e-04  34,062 tok/s  eta 12.4h
          exits L1:4.339 L3:3.730 L5:3.497 L7:3.397 L9:3.520 L11:3.491
  eval  loss 3.9038  exits L1:4.254 L3:3.655 L11:3.468
  saved /global/scratch/users/iparra/effortless-dev/checkpoints/vr-exits/step-015000.pt
step  15000  loss 3.6425  lr 2.13e-04  34,048 tok/s  eta 12.4h
          exits L1:4.294 L3:3.698 L5:3.451 L7:3.355 L9:3.454 L11:3.444
step  15020  loss 3.5729  lr 2.12e-04  34,050 tok/s  eta 12.4h
          exits L1:4.133 L3:3.574 L5:3.467 L7:3.412 L9:3.386 L11:3.378
step  15040  loss 3.6865  lr 2.12e-04  34,051 tok/s  eta 12.4h
          exits L1:4.270 L3:3.669 L5:3.611 L7:3.597 L9:3.435 L11:3.477
step  15060  loss 3.6446  lr 2.12e-04  34,052 tok/s  eta 12.3h
          exits L1:4.337 L3:3.628 L5:3.482 L7:3.482 L9:3.453 L11:3.439
step  15080  loss 3.6380  lr 2.12e-04  34,054 tok/s  eta 12.3h
          exits L1:4.232 L3:3.606 L5:3.507 L7:3.417 L9:3.545 L11:3.437
step  15100  loss 3.6122  lr 2.12e-04  34,055 tok/s  eta 12.3h
          exits L1:4.255 L3:3.577 L5:3.465 L7:3.441 L9:3.482 L11:3.417
step  15120  loss 3.5918  lr 2.11e-04  34,056 tok/s  eta 12.3h
          exits L1:4.298 L3:3.645 L5:3.353 L7:3.169 L9:3.537 L11:3.392
step  15140  loss 3.5883  lr 2.11e-04  34,053 tok/s  eta 12.3h
          exits L1:4.250 L3:3.640 L5:3.436 L7:3.328 L9:3.380 L11:3.392
step  15160  loss 3.5882  lr 2.11e-04  34,054 tok/s  eta 12.3h
          exits L1:4.171 L3:3.585 L5:3.476 L7:3.489 L9:3.338 L11:3.389
step  15180  loss 3.6150  lr 2.11e-04  34,056 tok/s  eta 12.3h
          exits L1:4.226 L3:3.671 L5:3.520 L7:3.368 L9:3.358 L11:3.410
step  15200  loss 3.6842  lr 2.11e-04  34,057 tok/s  eta 12.3h
          exits L1:4.350 L3:3.655 L5:3.488 L7:3.482 L9:3.568 L11:3.491
step  15220  loss 3.6178  lr 2.10e-04  34,058 tok/s  eta 12.3h
          exits L1:4.219 L3:3.585 L5:3.495 L7:3.418 L9:3.501 L11:3.415
step  15240  loss 3.7050  lr 2.10e-04  34,060 tok/s  eta 12.2h
          exits L1:4.305 L3:3.710 L5:3.609 L7:3.484 L9:3.534 L11:3.505
step  15260  loss 3.6095  lr 2.10e-04  34,061 tok/s  eta 12.2h
          exits L1:4.201 L3:3.603 L5:3.468 L7:3.366 L9:3.505 L11:3.416
step  15280  loss 3.6598  lr 2.10e-04  34,062 tok/s  eta 12.2h
          exits L1:4.251 L3:3.733 L5:3.520 L7:3.363 L9:3.453 L11:3.464
step  15300  loss 3.6972  lr 2.09e-04  34,063 tok/s  eta 12.2h
          exits L1:4.273 L3:3.644 L5:3.666 L7:3.705 L9:3.393 L11:3.489
step  15320  loss 3.6795  lr 2.09e-04  34,061 tok/s  eta 12.2h
          exits L1:4.312 L3:3.678 L5:3.550 L7:3.459 L9:3.516 L11:3.480
step  15340  loss 3.7134  lr 2.09e-04  34,062 tok/s  eta 12.2h
          exits L1:4.420 L3:3.622 L5:3.541 L7:3.591 L9:3.631 L11:3.507
step  15360  loss 3.6934  lr 2.09e-04  34,063 tok/s  eta 12.2h
          exits L1:4.323 L3:3.727 L5:3.555 L7:3.450 L9:3.502 L11:3.493
step  15380  loss 3.6049  lr 2.09e-04  34,064 tok/s  eta 12.2h
          exits L1:4.290 L3:3.568 L5:3.422 L7:3.423 L9:3.490 L11:3.404
step  15400  loss 3.6140  lr 2.08e-04  34,066 tok/s  eta 12.2h
          exits L1:4.282 L3:3.640 L5:3.438 L7:3.419 L9:3.392 L11:3.418
step  15420  loss 3.6284  lr 2.08e-04  34,067 tok/s  eta 12.1h
          exits L1:4.171 L3:3.572 L5:3.554 L7:3.538 L9:3.464 L11:3.430
step  15440  loss 3.6203  lr 2.08e-04  34,068 tok/s  eta 12.1h
          exits L1:4.184 L3:3.545 L5:3.488 L7:3.555 L9:3.472 L11:3.426
step  15460  loss 3.5623  lr 2.08e-04  34,064 tok/s  eta 12.1h
          exits L1:4.170 L3:3.550 L5:3.460 L7:3.382 L9:3.367 L11:3.355
step  15480  loss 3.6310  lr 2.08e-04  34,065 tok/s  eta 12.1h
          exits L1:4.307 L3:3.620 L5:3.445 L7:3.432 L9:3.485 L11:3.434
  eval  loss 3.8970  exits L1:4.244 L3:3.648 L11:3.461
step  15500  loss 3.6566  lr 2.07e-04  34,054 tok/s  eta 12.1h
          exits L1:4.235 L3:3.649 L5:3.593 L7:3.592 L9:3.340 L11:3.457
step  15520  loss 3.6622  lr 2.07e-04  34,055 tok/s  eta 12.1h
          exits L1:4.281 L3:3.740 L5:3.523 L7:3.483 L9:3.307 L11:3.463
step  15540  loss 3.4680  lr 2.07e-04  34,056 tok/s  eta 12.1h
          exits L1:4.057 L3:3.546 L5:3.389 L7:3.289 L9:3.103 L11:3.261
step  15560  loss 3.6160  lr 2.07e-04  34,057 tok/s  eta 12.1h
          exits L1:4.193 L3:3.666 L5:3.489 L7:3.438 L9:3.339 L11:3.418
step  15580  loss 3.6933  lr 2.06e-04  34,059 tok/s  eta 12.1h
          exits L1:4.358 L3:3.779 L5:3.557 L7:3.330 L9:3.498 L11:3.486
step  15600  loss 3.6444  lr 2.06e-04  34,060 tok/s  eta 12.1h
          exits L1:4.191 L3:3.619 L5:3.572 L7:3.556 L9:3.411 L11:3.451
step  15620  loss 3.6432  lr 2.06e-04  34,061 tok/s  eta 12.0h
          exits L1:4.244 L3:3.575 L5:3.516 L7:3.539 L9:3.520 L11:3.444
step  15640  loss 3.6248  lr 2.06e-04  34,061 tok/s  eta 12.0h
          exits L1:4.202 L3:3.663 L5:3.539 L7:3.528 L9:3.274 L11:3.424
step  15660  loss 3.5490  lr 2.06e-04  34,062 tok/s  eta 12.0h
          exits L1:4.106 L3:3.568 L5:3.432 L7:3.321 L9:3.378 L11:3.353
step  15680  loss 3.6289  lr 2.05e-04  34,063 tok/s  eta 12.0h
          exits L1:4.300 L3:3.572 L5:3.462 L7:3.491 L9:3.491 L11:3.425
step  15700  loss 3.6391  lr 2.05e-04  34,064 tok/s  eta 12.0h
          exits L1:4.207 L3:3.603 L5:3.513 L7:3.458 L9:3.546 L11:3.443
step  15720  loss 3.6494  lr 2.05e-04  34,065 tok/s  eta 12.0h
          exits L1:4.210 L3:3.665 L5:3.557 L7:3.583 L9:3.323 L11:3.455
step  15740  loss 3.6637  lr 2.05e-04  34,067 tok/s  eta 12.0h
          exits L1:4.226 L3:3.639 L5:3.597 L7:3.603 L9:3.396 L11:3.459
step  15760  loss 3.7259  lr 2.05e-04  34,068 tok/s  eta 12.0h
          exits L1:4.322 L3:3.728 L5:3.599 L7:3.600 L9:3.502 L11:3.532
step  15780  loss 3.5709  lr 2.04e-04  34,065 tok/s  eta 12.0h
          exits L1:4.247 L3:3.599 L5:3.416 L7:3.370 L9:3.342 L11:3.366
step  15800  loss 3.6740  lr 2.04e-04  34,066 tok/s  eta 11.9h
          exits L1:4.256 L3:3.681 L5:3.585 L7:3.488 L9:3.480 L11:3.473
step  15820  loss 3.6564  lr 2.04e-04  34,062 tok/s  eta 11.9h
          exits L1:4.285 L3:3.649 L5:3.496 L7:3.358 L9:3.593 L11:3.456
step  15840  loss 3.6649  lr 2.04e-04  34,064 tok/s  eta 11.9h
          exits L1:4.319 L3:3.724 L5:3.493 L7:3.388 L9:3.447 L11:3.458
step  15860  loss 3.6485  lr 2.03e-04  34,065 tok/s  eta 11.9h
          exits L1:4.225 L3:3.686 L5:3.575 L7:3.384 L9:3.448 L11:3.439
step  15880  loss 3.6851  lr 2.03e-04  34,066 tok/s  eta 11.9h
          exits L1:4.278 L3:3.703 L5:3.575 L7:3.556 L9:3.404 L11:3.489
step  15900  loss 3.6406  lr 2.03e-04  34,067 tok/s  eta 11.9h
          exits L1:4.295 L3:3.686 L5:3.493 L7:3.365 L9:3.450 L11:3.444
step  15920  loss 3.5494  lr 2.03e-04  34,069 tok/s  eta 11.9h
          exits L1:4.084 L3:3.490 L5:3.492 L7:3.578 L9:3.265 L11:3.344
step  15940  loss 3.6015  lr 2.03e-04  34,069 tok/s  eta 11.9h
          exits L1:4.291 L3:3.516 L5:3.469 L7:3.451 L9:3.526 L11:3.395
step  15960  loss 3.5731  lr 2.02e-04  34,070 tok/s  eta 11.9h
          exits L1:4.225 L3:3.563 L5:3.400 L7:3.321 L9:3.477 L11:3.372
step  15980  loss 3.7034  lr 2.02e-04  34,070 tok/s  eta 11.8h
          exits L1:4.303 L3:3.751 L5:3.597 L7:3.549 L9:3.378 L11:3.497
  eval  loss 3.8906  exits L1:4.236 L3:3.642 L11:3.455
 threshold   mean depth   accuracy      nll    saved
----------------------------------------------------
     0.000    12.00/12      0.3260   3.6526    0.0%
     0.050    11.50/12      0.3259   3.6553    4.1%
     0.100    11.21/12      0.3256   3.6592    6.6%
     0.200    10.11/12      0.3226   3.6874   15.7%
     0.300     7.98/12      0.3124   3.7718   33.5%
     0.500     3.57/12      0.2808   4.0735   70.2%
     0.700     2.02/12      0.2635   4.2682   83.2%
     1.000     2.00/12      0.2638   4.2738   83.3%
  suggested exit_threshold 0.20 -> mean depth 10.11/12, 15.7% of blocks skipped
  saved /global/scratch/users/iparra/effortless-dev/checkpoints/vr-exits/step-016000.pt
step  16000  loss 3.6707  lr 2.02e-04  34,055 tok/s  eta 11.8h
          exits L1:4.249 L3:3.716 L5:3.544 L7:3.463 L9:3.428 L11:3.475
step  16020  loss 3.5863  lr 2.02e-04  34,056 tok/s  eta 11.8h
          exits L1:4.180 L3:3.627 L5:3.486 L7:3.315 L9:3.383 L11:3.382
step  16040  loss 3.6244  lr 2.02e-04  34,057 tok/s  eta 11.8h
          exits L1:4.183 L3:3.559 L5:3.581 L7:3.641 L9:3.342 L11:3.418
step  16060  loss 3.6290  lr 2.01e-04  34,058 tok/s  eta 11.8h
          exits L1:4.301 L3:3.611 L5:3.454 L7:3.401 L9:3.500 L11:3.423
step  16080  loss 3.5712  lr 2.01e-04  34,056 tok/s  eta 11.8h
          exits L1:4.205 L3:3.548 L5:3.406 L7:3.343 L9:3.463 L11:3.370
step  16100  loss 3.6066  lr 2.01e-04  34,057 tok/s  eta 11.8h
          exits L1:4.187 L3:3.614 L5:3.500 L7:3.491 L9:3.334 L11:3.403
step  16120  loss 3.6192  lr 2.01e-04  34,059 tok/s  eta 11.8h
          exits L1:4.253 L3:3.537 L5:3.480 L7:3.467 L9:3.547 L11:3.415
step  16140  loss 3.6235  lr 2.00e-04  34,054 tok/s  eta 11.8h
          exits L1:4.218 L3:3.628 L5:3.565 L7:3.488 L9:3.344 L11:3.411
step  16160  loss 3.5886  lr 2.00e-04  34,055 tok/s  eta 11.8h
          exits L1:4.260 L3:3.581 L5:3.440 L7:3.372 L9:3.440 L11:3.382
step  16180  loss 3.6344  lr 2.00e-04  34,056 tok/s  eta 11.7h
          exits L1:4.296 L3:3.639 L5:3.488 L7:3.404 L9:3.463 L11:3.425
step  16200  loss 3.7324  lr 2.00e-04  34,057 tok/s  eta 11.7h
          exits L1:4.351 L3:3.778 L5:3.621 L7:3.500 L9:3.495 L11:3.532
step  16220  loss 3.6690  lr 2.00e-04  34,059 tok/s  eta 11.7h
          exits L1:4.324 L3:3.751 L5:3.528 L7:3.483 L9:3.329 L11:3.473
step  16240  loss 3.6783  lr 1.99e-04  34,060 tok/s  eta 11.7h
          exits L1:4.305 L3:3.608 L5:3.566 L7:3.584 L9:3.528 L11:3.474
step  16260  loss 3.6441  lr 1.99e-04  34,061 tok/s  eta 11.7h
          exits L1:4.208 L3:3.605 L5:3.515 L7:3.462 L9:3.557 L11:3.451
step  16280  loss 3.6403  lr 1.99e-04  34,061 tok/s  eta 11.7h
          exits L1:4.225 L3:3.692 L5:3.500 L7:3.459 L9:3.373 L11:3.441
step  16300  loss 3.5315  lr 1.99e-04  34,062 tok/s  eta 11.7h
          exits L1:4.218 L3:3.518 L5:3.342 L7:3.274 L9:3.435 L11:3.331
step  16320  loss 3.6665  lr 1.98e-04  34,062 tok/s  eta 11.7h
          exits L1:4.340 L3:3.669 L5:3.464 L7:3.390 L9:3.571 L11:3.465
step  16340  loss 3.5738  lr 1.98e-04  34,064 tok/s  eta 11.7h
          exits L1:4.225 L3:3.618 L5:3.463 L7:3.378 L9:3.256 L11:3.361
step  16360  loss 3.6767  lr 1.98e-04  34,065 tok/s  eta 11.6h
          exits L1:4.293 L3:3.724 L5:3.539 L7:3.434 L9:3.459 L11:3.481
step  16380  loss 3.5713  lr 1.98e-04  34,066 tok/s  eta 11.6h
          exits L1:4.200 L3:3.583 L5:3.393 L7:3.239 L9:3.523 L11:3.368
step  16400  loss 3.6985  lr 1.98e-04  34,062 tok/s  eta 11.6h
          exits L1:4.319 L3:3.736 L5:3.578 L7:3.500 L9:3.438 L11:3.494
step  16420  loss 3.6042  lr 1.97e-04  34,063 tok/s  eta 11.6h
          exits L1:4.226 L3:3.545 L5:3.467 L7:3.398 L9:3.562 L11:3.404
step  16440  loss 3.6160  lr 1.97e-04  34,065 tok/s  eta 11.6h
          exits L1:4.225 L3:3.724 L5:3.500 L7:3.346 L9:3.293 L11:3.410
step  16460  loss 3.5827  lr 1.97e-04  34,066 tok/s  eta 11.6h
          exits L1:4.335 L3:3.585 L5:3.416 L7:3.381 L9:3.372 L11:3.365
step  16480  loss 3.6647  lr 1.97e-04  34,067 tok/s  eta 11.6h
          exits L1:4.356 L3:3.642 L5:3.459 L7:3.429 L9:3.574 L11:3.462
  eval  loss 3.8835  exits L1:4.228 L3:3.636 L11:3.446
step  16500  loss 3.6082  lr 1.97e-04  34,056 tok/s  eta 11.6h
          exits L1:4.249 L3:3.565 L5:3.455 L7:3.416 L9:3.512 L11:3.406
step  16520  loss 3.7436  lr 1.96e-04  34,053 tok/s  eta 11.6h
          exits L1:4.282 L3:3.753 L5:3.690 L7:3.595 L9:3.495 L11:3.544
step  16540  loss 3.6287  lr 1.96e-04  34,054 tok/s  eta 11.6h
          exits L1:4.232 L3:3.603 L5:3.477 L7:3.427 L9:3.529 L11:3.433
step  16560  loss 3.5890  lr 1.96e-04  34,055 tok/s  eta 11.5h
          exits L1:4.142 L3:3.618 L5:3.539 L7:3.519 L9:3.210 L11:3.389
step  16580  loss 3.6745  lr 1.96e-04  34,056 tok/s  eta 11.5h
          exits L1:4.246 L3:3.656 L5:3.562 L7:3.502 L9:3.527 L11:3.478
step  16600  loss 3.6137  lr 1.95e-04  34,057 tok/s  eta 11.5h
          exits L1:4.245 L3:3.539 L5:3.431 L7:3.518 L9:3.507 L11:3.413
step  16620  loss 3.6622  lr 1.95e-04  34,057 tok/s  eta 11.5h
          exits L1:4.223 L3:3.588 L5:3.559 L7:3.619 L9:3.479 L11:3.462
step  16640  loss 3.7136  lr 1.95e-04  34,057 tok/s  eta 11.5h
          exits L1:4.333 L3:3.660 L5:3.567 L7:3.534 L9:3.641 L11:3.511
step  16660  loss 3.5823  lr 1.95e-04  34,058 tok/s  eta 11.5h
          exits L1:4.189 L3:3.573 L5:3.452 L7:3.395 L9:3.422 L11:3.375
step  16680  loss 3.5898  lr 1.95e-04  34,059 tok/s  eta 11.5h
          exits L1:4.167 L3:3.538 L5:3.472 L7:3.446 L9:3.474 L11:3.391
step  16700  loss 3.5886  lr 1.94e-04  34,057 tok/s  eta 11.5h
          exits L1:4.193 L3:3.600 L5:3.452 L7:3.452 L9:3.336 L11:3.394
step  16720  loss 3.6362  lr 1.94e-04  34,057 tok/s  eta 11.5h
          exits L1:4.213 L3:3.698 L5:3.555 L7:3.467 L9:3.314 L11:3.439
step  16740  loss 3.6619  lr 1.94e-04  34,059 tok/s  eta 11.4h
          exits L1:4.296 L3:3.596 L5:3.538 L7:3.587 L9:3.470 L11:3.456
step  16760  loss 3.6737  lr 1.94e-04  34,060 tok/s  eta 11.4h
          exits L1:4.296 L3:3.683 L5:3.535 L7:3.472 L9:3.473 L11:3.471
step  16780  loss 3.5881  lr 1.93e-04  34,061 tok/s  eta 11.4h
          exits L1:4.182 L3:3.570 L5:3.459 L7:3.394 L9:3.449 L11:3.390
step  16800  loss 3.6599  lr 1.93e-04  34,062 tok/s  eta 11.4h
          exits L1:4.127 L3:3.561 L5:3.664 L7:3.769 L9:3.381 L11:3.460
step  16820  loss 3.5977  lr 1.93e-04  34,063 tok/s  eta 11.4h
          exits L1:4.182 L3:3.524 L5:3.510 L7:3.514 L9:3.451 L11:3.393
step  16840  loss 3.7048  lr 1.93e-04  34,064 tok/s  eta 11.4h
          exits L1:4.334 L3:3.751 L5:3.540 L7:3.445 L9:3.512 L11:3.513
step  16860  loss 3.5693  lr 1.93e-04  34,060 tok/s  eta 11.4h
          exits L1:4.121 L3:3.552 L5:3.486 L7:3.444 L9:3.358 L11:3.372
step  16880  loss 3.6159  lr 1.92e-04  34,061 tok/s  eta 11.4h
          exits L1:4.273 L3:3.652 L5:3.480 L7:3.421 L9:3.345 L11:3.407
step  16900  loss 3.6529  lr 1.92e-04  34,063 tok/s  eta 11.4h
          exits L1:4.293 L3:3.658 L5:3.500 L7:3.471 L9:3.456 L11:3.453
step  16920  loss 3.6809  lr 1.92e-04  34,064 tok/s  eta 11.3h
          exits L1:4.330 L3:3.612 L5:3.526 L7:3.539 L9:3.569 L11:3.472
step  16940  loss 3.7097  lr 1.92e-04  34,064 tok/s  eta 11.3h
          exits L1:4.282 L3:3.736 L5:3.616 L7:3.558 L9:3.438 L11:3.513
step  16960  loss 3.5870  lr 1.91e-04  34,065 tok/s  eta 11.3h
          exits L1:4.323 L3:3.636 L5:3.355 L7:3.245 L9:3.455 L11:3.388
step  16980  loss 3.6286  lr 1.91e-04  34,066 tok/s  eta 11.3h
          exits L1:4.215 L3:3.578 L5:3.493 L7:3.516 L9:3.491 L11:3.428
  eval  loss 3.8798  exits L1:4.223 L3:3.631 L11:3.440
  saved /global/scratch/users/iparra/effortless-dev/checkpoints/vr-exits/step-017000.pt
step  17000  loss 3.6253  lr 1.91e-04  34,052 tok/s  eta 11.3h
          exits L1:4.259 L3:3.609 L5:3.458 L7:3.423 L9:3.507 L11:3.425
step  17020  loss 3.6477  lr 1.91e-04  34,049 tok/s  eta 11.3h
          exits L1:4.275 L3:3.593 L5:3.514 L7:3.518 L9:3.502 L11:3.442
step  17040  loss 3.6456  lr 1.91e-04  34,050 tok/s  eta 11.3h
          exits L1:4.213 L3:3.688 L5:3.556 L7:3.504 L9:3.332 L11:3.448
step  17060  loss 3.5913  lr 1.90e-04  34,051 tok/s  eta 11.3h
          exits L1:4.245 L3:3.558 L5:3.440 L7:3.428 L9:3.441 L11:3.390
step  17080  loss 3.6276  lr 1.90e-04  34,052 tok/s  eta 11.3h
          exits L1:4.334 L3:3.631 L5:3.415 L7:3.358 L9:3.511 L11:3.421
step  17100  loss 3.5996  lr 1.90e-04  34,054 tok/s  eta 11.3h
          exits L1:4.207 L3:3.597 L5:3.499 L7:3.481 L9:3.342 L11:3.392
step  17120  loss 3.6549  lr 1.90e-04  34,055 tok/s  eta 11.2h
          exits L1:4.356 L3:3.618 L5:3.475 L7:3.500 L9:3.502 L11:3.448
step  17140  loss 3.6246  lr 1.89e-04  34,056 tok/s  eta 11.2h
          exits L1:4.195 L3:3.590 L5:3.581 L7:3.592 L9:3.320 L11:3.419
step  17160  loss 3.6690  lr 1.89e-04  34,057 tok/s  eta 11.2h
          exits L1:4.277 L3:3.654 L5:3.528 L7:3.510 L9:3.497 L11:3.471
step  17180  loss 3.5695  lr 1.89e-04  34,058 tok/s  eta 11.2h
          exits L1:4.193 L3:3.559 L5:3.474 L7:3.394 L9:3.353 L11:3.356
step  17200  loss 3.6079  lr 1.89e-04  34,059 tok/s  eta 11.2h
          exits L1:4.285 L3:3.643 L5:3.415 L7:3.281 L9:3.484 L11:3.402
step  17220  loss 3.6130  lr 1.89e-04  34,060 tok/s  eta 11.2h
          exits L1:4.304 L3:3.581 L5:3.392 L7:3.368 L9:3.558 L11:3.413
step  17240  loss 3.6842  lr 1.88e-04  34,061 tok/s  eta 11.2h
          exits L1:4.340 L3:3.662 L5:3.508 L7:3.427 L9:3.617 L11:3.488
step  17260  loss 3.6315  lr 1.88e-04  34,062 tok/s  eta 11.2h
          exits L1:4.167 L3:3.614 L5:3.575 L7:3.639 L9:3.305 L11:3.427
step  17280  loss 3.6044  lr 1.88e-04  34,063 tok/s  eta 11.2h
          exits L1:4.277 L3:3.623 L5:3.419 L7:3.249 L9:3.535 L11:3.400
step  17300  loss 3.6302  lr 1.88e-04  34,064 tok/s  eta 11.1h
          exits L1:4.295 L3:3.557 L5:3.465 L7:3.510 L9:3.520 L11:3.421
step  17320  loss 3.6474  lr 1.87e-04  34,059 tok/s  eta 11.1h
          exits L1:4.389 L3:3.642 L5:3.418 L7:3.388 L9:3.537 L11:3.438
step  17340  loss 3.5838  lr 1.87e-04  34,056 tok/s  eta 11.1h
          exits L1:4.207 L3:3.539 L5:3.474 L7:3.483 L9:3.381 L11:3.382
step  17360  loss 3.5850  lr 1.87e-04  34,057 tok/s  eta 11.1h
          exits L1:4.208 L3:3.484 L5:3.430 L7:3.555 L9:3.438 L11:3.386
step  17380  loss 3.5936  lr 1.87e-04  34,058 tok/s  eta 11.1h
          exits L1:4.282 L3:3.514 L5:3.434 L7:3.506 L9:3.449 L11:3.383
step  17400  loss 3.6901  lr 1.87e-04  34,059 tok/s  eta 11.1h
          exits L1:4.336 L3:3.661 L5:3.536 L7:3.583 L9:3.491 L11:3.489
step  17420  loss 3.6084  lr 1.86e-04  34,061 tok/s  eta 11.1h
          exits L1:4.206 L3:3.549 L5:3.520 L7:3.522 L9:3.413 L11:3.397
step  17440  loss 3.6257  lr 1.86e-04  34,062 tok/s  eta 11.1h
          exits L1:4.139 L3:3.600 L5:3.564 L7:3.558 L9:3.393 L11:3.429
step  17460  loss 3.6100  lr 1.86e-04  34,063 tok/s  eta 11.1h
          exits L1:4.227 L3:3.618 L5:3.513 L7:3.500 L9:3.315 L11:3.401
step  17480  loss 3.6600  lr 1.86e-04  34,064 tok/s  eta 11.0h
          exits L1:4.252 L3:3.676 L5:3.535 L7:3.441 L9:3.488 L11:3.462
  eval  loss 3.8715  exits L1:4.212 L3:3.626 L11:3.434
step  17500  loss 3.6320  lr 1.85e-04  34,054 tok/s  eta 11.0h
          exits L1:4.173 L3:3.617 L5:3.552 L7:3.551 L9:3.385 L11:3.434
step  17520  loss 3.6740  lr 1.85e-04  34,055 tok/s  eta 11.0h
          exits L1:4.254 L3:3.626 L5:3.556 L7:3.618 L9:3.457 L11:3.474
step  17540  loss 3.6151  lr 1.85e-04  34,056 tok/s  eta 11.0h
          exits L1:4.239 L3:3.616 L5:3.441 L7:3.415 L9:3.455 L11:3.420
step  17560  loss 3.5805  lr 1.85e-04  34,057 tok/s  eta 11.0h
          exits L1:4.188 L3:3.596 L5:3.416 L7:3.378 L9:3.392 L11:3.382
step  17580  loss 3.5452  lr 1.85e-04  34,058 tok/s  eta 11.0h
          exits L1:4.125 L3:3.573 L5:3.412 L7:3.325 L9:3.354 L11:3.347
step  17600  loss 3.6176  lr 1.84e-04  34,059 tok/s  eta 11.0h
          exits L1:4.215 L3:3.626 L5:3.487 L7:3.470 L9:3.381 L11:3.418
step  17620  loss 3.5690  lr 1.84e-04  34,059 tok/s  eta 11.0h
          exits L1:4.215 L3:3.637 L5:3.408 L7:3.252 L9:3.377 L11:3.368
step  17640  loss 3.5564  lr 1.84e-04  34,051 tok/s  eta 11.0h
          exits L1:4.217 L3:3.583 L5:3.400 L7:3.291 L9:3.393 L11:3.346
step  17660  loss 3.6670  lr 1.84e-04  34,051 tok/s  eta 11.0h
          exits L1:4.282 L3:3.698 L5:3.523 L7:3.461 L9:3.459 L11:3.474
step  17680  loss 3.6496  lr 1.83e-04  34,052 tok/s  eta 10.9h
          exits L1:4.353 L3:3.618 L5:3.432 L7:3.479 L9:3.515 L11:3.447
step  17700  loss 3.6264  lr 1.83e-04  34,053 tok/s  eta 10.9h
          exits L1:4.270 L3:3.487 L5:3.479 L7:3.555 L9:3.596 L11:3.420
step  17720  loss 3.6539  lr 1.83e-04  34,054 tok/s  eta 10.9h
          exits L1:4.241 L3:3.598 L5:3.516 L7:3.533 L9:3.526 L11:3.458
step  17740  loss 3.6018  lr 1.83e-04  34,055 tok/s  eta 10.9h
          exits L1:4.134 L3:3.602 L5:3.516 L7:3.496 L9:3.357 L11:3.402
step  17760  loss 3.5725  lr 1.83e-04  34,056 tok/s  eta 10.9h
          exits L1:4.188 L3:3.555 L5:3.435 L7:3.463 L9:3.339 L11:3.366
step  17780  loss 3.5574  lr 1.82e-04  34,057 tok/s  eta 10.9h
          exits L1:4.207 L3:3.560 L5:3.412 L7:3.335 L9:3.392 L11:3.343
step  17800  loss 3.6204  lr 1.82e-04  34,058 tok/s  eta 10.9h
          exits L1:4.228 L3:3.643 L5:3.476 L7:3.381 L9:3.446 L11:3.416
step  17820  loss 3.6076  lr 1.82e-04  34,060 tok/s  eta 10.9h
          exits L1:4.229 L3:3.566 L5:3.474 L7:3.411 L9:3.514 L11:3.405
step  17840  loss 3.5818  lr 1.82e-04  34,060 tok/s  eta 10.9h
          exits L1:4.229 L3:3.583 L5:3.431 L7:3.363 L9:3.425 L11:3.378
step  17860  loss 3.6453  lr 1.81e-04  34,061 tok/s  eta 10.8h
          exits L1:4.191 L3:3.668 L5:3.559 L7:3.541 L9:3.355 L11:3.446
step  17880  loss 3.5783  lr 1.81e-04  34,062 tok/s  eta 10.8h
          exits L1:4.301 L3:3.641 L5:3.359 L7:3.281 L9:3.369 L11:3.370
step  17900  loss 3.5360  lr 1.81e-04  34,064 tok/s  eta 10.8h
          exits L1:4.228 L3:3.520 L5:3.377 L7:3.346 L9:3.346 L11:3.319
step  17920  loss 3.5063  lr 1.81e-04  34,064 tok/s  eta 10.8h
          exits L1:4.159 L3:3.555 L5:3.337 L7:3.164 L9:3.378 L11:3.304
step  17940  loss 3.5934  lr 1.81e-04  34,065 tok/s  eta 10.8h
          exits L1:4.192 L3:3.620 L5:3.472 L7:3.486 L9:3.289 L11:3.394
step  17960  loss 3.7009  lr 1.80e-04  34,061 tok/s  eta 10.8h
          exits L1:4.259 L3:3.756 L5:3.619 L7:3.484 L9:3.448 L11:3.505
step  17980  loss 3.5478  lr 1.80e-04  34,061 tok/s  eta 10.8h
          exits L1:4.090 L3:3.531 L5:3.476 L7:3.444 L9:3.310 L11:3.343
  eval  loss 3.8641  exits L1:4.203 L3:3.618 L11:3.427
 threshold   mean depth   accuracy      nll    saved
----------------------------------------------------
     0.000    12.00/12      0.3309   3.6406    0.0%
     0.050    11.47/12      0.3308   3.6436    4.4%
     0.100    11.17/12      0.3309   3.6467    6.9%
     0.200    10.08/12      0.3279   3.6737   16.0%
     0.300     7.93/12      0.3163   3.7611   33.9%
     0.500     3.50/12      0.2781   4.0647   70.8%
     0.700     2.02/12      0.2646   4.2458   83.2%
     1.000     2.00/12      0.2643   4.2492   83.3%
  suggested exit_threshold 0.20 -> mean depth 10.08/12, 16.0% of blocks skipped
  saved /global/scratch/users/iparra/effortless-dev/checkpoints/vr-exits/step-018000.pt
step  18000  loss 3.5752  lr 1.80e-04  34,045 tok/s  eta 10.8h
          exits L1:4.217 L3:3.637 L5:3.432 L7:3.398 L9:3.239 L11:3.375
step  18020  loss 3.6199  lr 1.80e-04  34,046 tok/s  eta 10.8h
          exits L1:4.190 L3:3.718 L5:3.532 L7:3.344 L9:3.317 L11:3.420
step  18040  loss 3.5575  lr 1.79e-04  34,047 tok/s  eta 10.8h
          exits L1:4.281 L3:3.644 L5:3.364 L7:3.266 L9:3.289 L11:3.347
step  18060  loss 3.7202  lr 1.79e-04  34,048 tok/s  eta 10.7h
          exits L1:4.292 L3:3.679 L5:3.612 L7:3.652 L9:3.516 L11:3.525
step  18080  loss 3.6308  lr 1.79e-04  34,049 tok/s  eta 10.7h
          exits L1:4.199 L3:3.684 L5:3.561 L7:3.497 L9:3.270 L11:3.424
step  18100  loss 3.6483  lr 1.79e-04  34,050 tok/s  eta 10.7h
          exits L1:4.243 L3:3.695 L5:3.551 L7:3.413 L9:3.406 L11:3.444
step  18120  loss 3.5988  lr 1.79e-04  34,051 tok/s  eta 10.7h
          exits L1:4.269 L3:3.526 L5:3.407 L7:3.438 L9:3.529 L11:3.397
step  18140  loss 3.5797  lr 1.78e-04  34,052 tok/s  eta 10.7h
          exits L1:4.135 L3:3.600 L5:3.482 L7:3.448 L9:3.321 L11:3.369
step  18160  loss 3.6563  lr 1.78e-04  34,053 tok/s  eta 10.7h
          exits L1:4.198 L3:3.639 L5:3.603 L7:3.592 L9:3.388 L11:3.453
step  18180  loss 3.6073  lr 1.78e-04  34,054 tok/s  eta 10.7h
          exits L1:4.283 L3:3.636 L5:3.450 L7:3.321 L9:3.453 L11:3.396
step  18200  loss 3.6215  lr 1.78e-04  34,055 tok/s  eta 10.7h
          exits L1:4.298 L3:3.593 L5:3.418 L7:3.348 L9:3.590 L11:3.420
step  18220  loss 3.5223  lr 1.77e-04  34,056 tok/s  eta 10.7h
          exits L1:4.075 L3:3.512 L5:3.455 L7:3.518 L9:3.163 L11:3.318
step  18240  loss 3.5544  lr 1.77e-04  34,057 tok/s  eta 10.6h
          exits L1:4.175 L3:3.586 L5:3.405 L7:3.322 L9:3.344 L11:3.347
step  18260  loss 3.6548  lr 1.77e-04  34,056 tok/s  eta 10.6h
          exits L1:4.281 L3:3.744 L5:3.484 L7:3.312 L9:3.468 L11:3.463
step  18280  loss 3.6578  lr 1.77e-04  34,057 tok/s  eta 10.6h
          exits L1:4.259 L3:3.710 L5:3.559 L7:3.495 L9:3.347 L11:3.453
step  18300  loss 3.5991  lr 1.77e-04  34,052 tok/s  eta 10.6h
          exits L1:4.182 L3:3.593 L5:3.486 L7:3.489 L9:3.364 L11:3.401
step  18320  loss 3.5584  lr 1.76e-04  34,053 tok/s  eta 10.6h
          exits L1:4.083 L3:3.544 L5:3.538 L7:3.551 L9:3.215 L11:3.356
step  18340  loss 3.5529  lr 1.76e-04  34,053 tok/s  eta 10.6h
          exits L1:4.166 L3:3.584 L5:3.424 L7:3.376 L9:3.291 L11:3.349
step  18360  loss 3.6185  lr 1.76e-04  34,055 tok/s  eta 10.6h
          exits L1:4.262 L3:3.653 L5:3.453 L7:3.420 L9:3.383 L11:3.418
step  18380  loss 3.5645  lr 1.76e-04  34,056 tok/s  eta 10.6h
          exits L1:4.230 L3:3.521 L5:3.402 L7:3.440 L9:3.390 L11:3.356
step  18400  loss 3.6067  lr 1.75e-04  34,057 tok/s  eta 10.6h
          exits L1:4.155 L3:3.655 L5:3.511 L7:3.498 L9:3.259 L11:3.412
step  18420  loss 3.5659  lr 1.75e-04  34,058 tok/s  eta 10.5h
          exits L1:4.165 L3:3.514 L5:3.411 L7:3.389 L9:3.488 L11:3.364
step  18440  loss 3.5816  lr 1.75e-04  34,059 tok/s  eta 10.5h
          exits L1:4.269 L3:3.512 L5:3.399 L7:3.433 L9:3.489 L11:3.376
step  18460  loss 3.5990  lr 1.75e-04  34,059 tok/s  eta 10.5h
          exits L1:4.234 L3:3.612 L5:3.461 L7:3.466 L9:3.322 L11:3.395
step  18480  loss 3.7197  lr 1.74e-04  34,061 tok/s  eta 10.5h
          exits L1:4.397 L3:3.812 L5:3.532 L7:3.473 L9:3.410 L11:3.516
  eval  loss 3.8590  exits L1:4.199 L3:3.613 L11:3.420
step  18500  loss 3.5834  lr 1.74e-04  34,051 tok/s  eta 10.5h
          exits L1:4.221 L3:3.614 L5:3.417 L7:3.354 L9:3.376 L11:3.378
step  18520  loss 3.6362  lr 1.74e-04  34,052 tok/s  eta 10.5h
          exits L1:4.275 L3:3.697 L5:3.462 L7:3.405 L9:3.389 L11:3.435
step  18540  loss 3.6685  lr 1.74e-04  34,053 tok/s  eta 10.5h
          exits L1:4.227 L3:3.688 L5:3.621 L7:3.521 L9:3.384 L11:3.465
step  18560  loss 3.6922  lr 1.74e-04  34,054 tok/s  eta 10.5h
          exits L1:4.335 L3:3.690 L5:3.551 L7:3.583 L9:3.436 L11:3.488
step  18580  loss 3.5567  lr 1.73e-04  34,052 tok/s  eta 10.5h
          exits L1:4.189 L3:3.562 L5:3.377 L7:3.282 L9:3.474 L11:3.360
step  18600  loss 3.6211  lr 1.73e-04  34,047 tok/s  eta 10.5h
          exits L1:4.313 L3:3.699 L5:3.386 L7:3.281 L9:3.460 L11:3.426
step  18620  loss 3.5540  lr 1.73e-04  34,048 tok/s  eta 10.4h
          exits L1:4.182 L3:3.613 L5:3.416 L7:3.352 L9:3.270 L11:3.354
step  18640  loss 3.5088  lr 1.73e-04  34,049 tok/s  eta 10.4h
          exits L1:4.143 L3:3.516 L5:3.351 L7:3.314 L9:3.334 L11:3.301
step  18660  loss 3.5712  lr 1.72e-04  34,050 tok/s  eta 10.4h
          exits L1:4.256 L3:3.581 L5:3.361 L7:3.383 L9:3.360 L11:3.363
step  18680  loss 3.6144  lr 1.72e-04  34,051 tok/s  eta 10.4h
          exits L1:4.155 L3:3.645 L5:3.529 L7:3.483 L9:3.327 L11:3.416
step  18700  loss 3.6608  lr 1.72e-04  34,052 tok/s  eta 10.4h
          exits L1:4.213 L3:3.630 L5:3.595 L7:3.595 L9:3.423 L11:3.454
step  18720  loss 3.6419  lr 1.72e-04  34,052 tok/s  eta 10.4h
          exits L1:4.233 L3:3.646 L5:3.508 L7:3.507 L9:3.401 L11:3.442
step  18740  loss 3.6622  lr 1.72e-04  34,053 tok/s  eta 10.4h
          exits L1:4.190 L3:3.652 L5:3.595 L7:3.601 L9:3.365 L11:3.464
step  18760  loss 3.6303  lr 1.71e-04  34,054 tok/s  eta 10.4h
          exits L1:4.241 L3:3.729 L5:3.474 L7:3.298 L9:3.421 L11:3.432
step  18780  loss 3.5388  lr 1.71e-04  34,055 tok/s  eta 10.4h
          exits L1:4.157 L3:3.566 L5:3.422 L7:3.367 L9:3.271 L11:3.339
step  18800  loss 3.6633  lr 1.71e-04  34,056 tok/s  eta 10.3h
          exits L1:4.308 L3:3.654 L5:3.475 L7:3.396 L9:3.596 L11:3.465
step  18820  loss 3.5287  lr 1.71e-04  34,057 tok/s  eta 10.3h
          exits L1:4.175 L3:3.498 L5:3.375 L7:3.308 L9:3.419 L11:3.320
step  18840  loss 3.6040  lr 1.70e-04  34,057 tok/s  eta 10.3h
          exits L1:4.253 L3:3.570 L5:3.440 L7:3.424 L9:3.476 L11:3.401
step  18860  loss 3.5473  lr 1.70e-04  34,058 tok/s  eta 10.3h
          exits L1:4.225 L3:3.519 L5:3.360 L7:3.457 L9:3.324 L11:3.338
step  18880  loss 3.5809  lr 1.70e-04  34,059 tok/s  eta 10.3h
          exits L1:4.253 L3:3.500 L5:3.413 L7:3.422 L9:3.506 L11:3.370
step  18900  loss 3.6537  lr 1.70e-04  34,058 tok/s  eta 10.3h
          exits L1:4.266 L3:3.686 L5:3.547 L7:3.442 L9:3.424 L11:3.451
step  18920  loss 3.5593  lr 1.70e-04  34,058 tok/s  eta 10.3h
          exits L1:4.152 L3:3.578 L5:3.437 L7:3.396 L9:3.309 L11:3.352
step  18940  loss 3.5845  lr 1.69e-04  34,059 tok/s  eta 10.3h
          exits L1:4.192 L3:3.597 L5:3.436 L7:3.357 L9:3.428 L11:3.383
step  18960  loss 3.6328  lr 1.69e-04  34,060 tok/s  eta 10.3h
          exits L1:4.296 L3:3.568 L5:3.448 L7:3.457 L9:3.570 L11:3.431
step  18980  loss 3.5327  lr 1.69e-04  34,061 tok/s  eta 10.2h
          exits L1:4.145 L3:3.567 L5:3.402 L7:3.376 L9:3.256 L11:3.328
  eval  loss 3.8528  exits L1:4.190 L3:3.607 L11:3.413
  saved /global/scratch/users/iparra/effortless-dev/checkpoints/vr-exits/step-019000.pt
step  19000  loss 3.6222  lr 1.69e-04  34,050 tok/s  eta 10.2h
          exits L1:4.304 L3:3.636 L5:3.430 L7:3.456 L9:3.405 L11:3.414
step  19020  loss 3.6377  lr 1.68e-04  34,051 tok/s  eta 10.2h
          exits L1:4.319 L3:3.660 L5:3.453 L7:3.357 L9:3.498 L11:3.432
step  19040  loss 3.6217  lr 1.68e-04  34,051 tok/s  eta 10.2h
          exits L1:4.309 L3:3.633 L5:3.396 L7:3.265 L9:3.591 L11:3.420
step  19060  loss 3.5546  lr 1.68e-04  34,052 tok/s  eta 10.2h
          exits L1:4.221 L3:3.544 L5:3.350 L7:3.284 L9:3.487 L11:3.351
step  19080  loss 3.6463  lr 1.68e-04  34,053 tok/s  eta 10.2h
          exits L1:4.298 L3:3.697 L5:3.498 L7:3.471 L9:3.340 L11:3.439
step  19100  loss 3.5057  lr 1.68e-04  34,054 tok/s  eta 10.2h
          exits L1:4.080 L3:3.466 L5:3.412 L7:3.480 L9:3.248 L11:3.304
step  19120  loss 3.5784  lr 1.67e-04  34,055 tok/s  eta 10.2h
          exits L1:4.119 L3:3.606 L5:3.524 L7:3.484 L9:3.243 L11:3.372
step  19140  loss 3.5848  lr 1.67e-04  34,056 tok/s  eta 10.2h
          exits L1:4.181 L3:3.597 L5:3.451 L7:3.352 L9:3.438 L11:3.380
step  19160  loss 3.5060  lr 1.67e-04  34,056 tok/s  eta 10.1h
          exits L1:4.145 L3:3.592 L5:3.317 L7:3.242 L9:3.232 L11:3.305
step  19180  loss 3.6163  lr 1.67e-04  34,057 tok/s  eta 10.1h
          exits L1:4.185 L3:3.590 L5:3.494 L7:3.421 L9:3.505 L11:3.415
step  19200  loss 3.5532  lr 1.66e-04  34,056 tok/s  eta 10.1h
          exits L1:4.137 L3:3.565 L5:3.446 L7:3.372 L9:3.337 L11:3.345
step  19220  loss 3.6448  lr 1.66e-04  34,057 tok/s  eta 10.1h
          exits L1:4.345 L3:3.588 L5:3.466 L7:3.556 L9:3.468 L11:3.443
step  19240  loss 3.5848  lr 1.66e-04  34,057 tok/s  eta 10.1h
          exits L1:4.171 L3:3.598 L5:3.505 L7:3.443 L9:3.320 L11:3.379
step  19260  loss 3.5733  lr 1.66e-04  34,058 tok/s  eta 10.1h
          exits L1:4.091 L3:3.639 L5:3.499 L7:3.399 L9:3.279 L11:3.376
step  19280  loss 3.5573  lr 1.65e-04  34,059 tok/s  eta 10.1h
          exits L1:4.178 L3:3.557 L5:3.391 L7:3.288 L9:3.462 L11:3.356
step  19300  loss 3.5998  lr 1.65e-04  34,060 tok/s  eta 10.1h
          exits L1:4.202 L3:3.614 L5:3.485 L7:3.494 L9:3.314 L11:3.392
step  19320  loss 3.5881  lr 1.65e-04  34,058 tok/s  eta 10.1h
          exits L1:4.179 L3:3.606 L5:3.486 L7:3.479 L9:3.281 L11:3.377
step  19340  loss 3.6253  lr 1.65e-04  34,059 tok/s  eta 10.1h
          exits L1:4.164 L3:3.639 L5:3.545 L7:3.474 L9:3.398 L11:3.430
step  19360  loss 3.6271  lr 1.65e-04  34,059 tok/s  eta 10.0h
          exits L1:4.242 L3:3.499 L5:3.465 L7:3.518 L9:3.617 L11:3.427
step  19380  loss 3.5947  lr 1.64e-04  34,060 tok/s  eta 10.0h
          exits L1:4.312 L3:3.515 L5:3.396 L7:3.399 L9:3.554 L11:3.379
step  19400  loss 3.5574  lr 1.64e-04  34,061 tok/s  eta 10.0h
          exits L1:4.149 L3:3.613 L5:3.458 L7:3.349 L9:3.290 L11:3.356
step  19420  loss 3.6276  lr 1.64e-04  34,062 tok/s  eta 10.0h
          exits L1:4.283 L3:3.563 L5:3.438 L7:3.448 L9:3.574 L11:3.420
step  19440  loss 3.5470  lr 1.64e-04  34,063 tok/s  eta 10.0h
          exits L1:4.197 L3:3.467 L5:3.390 L7:3.517 L9:3.379 L11:3.343
step  19460  loss 3.5071  lr 1.63e-04  34,064 tok/s  eta 10.0h
          exits L1:4.116 L3:3.433 L5:3.393 L7:3.314 L9:3.454 L11:3.297
step  19480  loss 3.5781  lr 1.63e-04  34,065 tok/s  eta 10.0h
          exits L1:4.203 L3:3.533 L5:3.482 L7:3.608 L9:3.252 L11:3.370
  eval  loss 3.8448  exits L1:4.182 L3:3.602 L11:3.408
step  19500  loss 3.6043  lr 1.63e-04  34,056 tok/s  eta 10.0h
          exits L1:4.220 L3:3.669 L5:3.448 L7:3.240 L9:3.478 L11:3.401
step  19520  loss 3.6170  lr 1.63e-04  34,054 tok/s  eta 10.0h
          exits L1:4.205 L3:3.598 L5:3.483 L7:3.395 L9:3.515 L11:3.418
step  19540  loss 3.6506  lr 1.63e-04  34,054 tok/s  eta 9.9h
          exits L1:4.296 L3:3.621 L5:3.512 L7:3.452 L9:3.520 L11:3.442
step  19560  loss 3.5729  lr 1.62e-04  34,055 tok/s  eta 9.9h
          exits L1:4.191 L3:3.544 L5:3.455 L7:3.430 L9:3.398 L11:3.368
step  19580  loss 3.5507  lr 1.62e-04  34,056 tok/s  eta 9.9h
          exits L1:4.175 L3:3.663 L5:3.428 L7:3.328 L9:3.168 L11:3.346
step  19600  loss 3.6182  lr 1.62e-04  34,057 tok/s  eta 9.9h
          exits L1:4.193 L3:3.623 L5:3.498 L7:3.444 L9:3.408 L11:3.418
step  19620  loss 3.7110  lr 1.62e-04  34,058 tok/s  eta 9.9h
          exits L1:4.392 L3:3.676 L5:3.551 L7:3.526 L9:3.575 L11:3.507
step  19640  loss 3.5593  lr 1.61e-04  34,052 tok/s  eta 9.9h
          exits L1:4.156 L3:3.473 L5:3.429 L7:3.483 L9:3.436 L11:3.356
step  19660  loss 3.6076  lr 1.61e-04  34,054 tok/s  eta 9.9h
          exits L1:4.178 L3:3.660 L5:3.509 L7:3.397 L9:3.349 L11:3.409
step  19680  loss 3.5180  lr 1.61e-04  34,055 tok/s  eta 9.9h
          exits L1:4.047 L3:3.519 L5:3.449 L7:3.313 L9:3.342 L11:3.310
step  19700  loss 3.5898  lr 1.61e-04  34,056 tok/s  eta 9.9h
          exits L1:4.104 L3:3.680 L5:3.558 L7:3.425 L9:3.197 L11:3.376
step  19720  loss 3.5938  lr 1.61e-04  34,056 tok/s  eta 9.8h
          exits L1:4.205 L3:3.626 L5:3.457 L7:3.494 L9:3.260 L11:3.394
step  19740  loss 3.5560  lr 1.60e-04  34,057 tok/s  eta 9.8h
          exits L1:4.168 L3:3.546 L5:3.407 L7:3.388 L9:3.380 L11:3.345
step  19760  loss 3.6848  lr 1.60e-04  34,058 tok/s  eta 9.8h
          exits L1:4.379 L3:3.736 L5:3.540 L7:3.496 L9:3.377 L11:3.476
step  19780  loss 3.4887  lr 1.60e-04  34,058 tok/s  eta 9.8h
          exits L1:4.148 L3:3.461 L5:3.321 L7:3.324 L9:3.324 L11:3.280
step  19800  loss 3.5766  lr 1.60e-04  34,059 tok/s  eta 9.8h
          exits L1:4.233 L3:3.626 L5:3.407 L7:3.354 L9:3.312 L11:3.367
step  19820  loss 3.5658  lr 1.59e-04  34,060 tok/s  eta 9.8h
          exits L1:4.231 L3:3.627 L5:3.391 L7:3.265 L9:3.376 L11:3.357
step  19840  loss 3.5384  lr 1.59e-04  34,059 tok/s  eta 9.8h
          exits L1:4.130 L3:3.490 L5:3.443 L7:3.458 L9:3.324 L11:3.329
step  19860  loss 3.5506  lr 1.59e-04  34,059 tok/s  eta 9.8h
          exits L1:4.161 L3:3.575 L5:3.404 L7:3.447 L9:3.244 L11:3.345
step  19880  loss 3.5738  lr 1.59e-04  34,060 tok/s  eta 9.8h
          exits L1:4.167 L3:3.596 L5:3.452 L7:3.393 L9:3.329 L11:3.375
step  19900  loss 3.6164  lr 1.59e-04  34,061 tok/s  eta 9.8h
          exits L1:4.179 L3:3.564 L5:3.510 L7:3.525 L9:3.445 L11:3.420
step  19920  loss 3.5055  lr 1.58e-04  34,062 tok/s  eta 9.7h
          exits L1:4.131 L3:3.493 L5:3.371 L7:3.333 L9:3.319 L11:3.297
step  19940  loss 3.4898  lr 1.58e-04  34,063 tok/s  eta 9.7h
          exits L1:4.155 L3:3.478 L5:3.308 L7:3.326 L9:3.304 L11:3.278
step  19960  loss 3.6306  lr 1.58e-04  34,063 tok/s  eta 9.7h
          exits L1:4.191 L3:3.641 L5:3.536 L7:3.517 L9:3.357 L11:3.433
step  19980  loss 3.5607  lr 1.58e-04  34,064 tok/s  eta 9.7h
          exits L1:4.189 L3:3.581 L5:3.416 L7:3.356 L9:3.359 L11:3.355
  eval  loss 3.8443  exits L1:4.176 L3:3.597 L11:3.403
 threshold   mean depth   accuracy      nll    saved
----------------------------------------------------
     0.000    12.00/12      0.3318   3.6017    0.0%
     0.050    11.47/12      0.3314   3.6052    4.4%
     0.100    11.17/12      0.3304   3.6122    6.9%
     0.200    10.06/12      0.3295   3.6386   16.2%
     0.300     8.00/12      0.3165   3.7162   33.3%
     0.500     3.55/12      0.2821   4.0216   70.4%
     0.700     2.02/12      0.2706   4.2140   83.1%
     1.000     2.00/12      0.2704   4.2199   83.3%
  suggested exit_threshold 0.20 -> mean depth 10.06/12, 16.2% of blocks skipped
  saved /global/scratch/users/iparra/effortless-dev/checkpoints/vr-exits/step-020000.pt
step  20000  loss 3.6236  lr 1.57e-04  34,051 tok/s  eta 9.7h
          exits L1:4.182 L3:3.671 L5:3.500 L7:3.354 L9:3.447 L11:3.422
step  20020  loss 3.6005  lr 1.57e-04  34,052 tok/s  eta 9.7h
          exits L1:4.227 L3:3.591 L5:3.415 L7:3.442 L9:3.441 L11:3.389
step  20040  loss 3.5190  lr 1.57e-04  34,051 tok/s  eta 9.7h
          exits L1:4.045 L3:3.531 L5:3.434 L7:3.322 L9:3.340 L11:3.314
step  20060  loss 3.5255  lr 1.57e-04  34,052 tok/s  eta 9.7h
          exits L1:4.180 L3:3.524 L5:3.355 L7:3.323 L9:3.361 L11:3.320
step  20080  loss 3.5821  lr 1.56e-04  34,053 tok/s  eta 9.7h
          exits L1:4.225 L3:3.591 L5:3.433 L7:3.334 L9:3.438 L11:3.378
step  20100  loss 3.5975  lr 1.56e-04  34,054 tok/s  eta 9.6h
          exits L1:4.234 L3:3.602 L5:3.415 L7:3.402 L9:3.440 L11:3.398
step  20120  loss 3.6389  lr 1.56e-04  34,055 tok/s  eta 9.6h
          exits L1:4.234 L3:3.652 L5:3.508 L7:3.456 L9:3.427 L11:3.437
step  20140  loss 3.5822  lr 1.56e-04  34,054 tok/s  eta 9.6h
          exits L1:4.232 L3:3.593 L5:3.422 L7:3.258 L9:3.507 L11:3.376
step  20160  loss 3.6175  lr 1.56e-04  34,055 tok/s  eta 9.6h
          exits L1:4.188 L3:3.637 L5:3.484 L7:3.372 L9:3.468 L11:3.424
step  20180  loss 3.5504  lr 1.55e-04  34,055 tok/s  eta 9.6h
          exits L1:4.201 L3:3.533 L5:3.405 L7:3.392 L9:3.349 L11:3.345
step  20200  loss 3.6285  lr 1.55e-04  34,051 tok/s  eta 9.6h
          exits L1:4.221 L3:3.677 L5:3.525 L7:3.376 L9:3.408 L11:3.422
step  20220  loss 3.5533  lr 1.55e-04  34,052 tok/s  eta 9.6h
          exits L1:4.101 L3:3.614 L5:3.458 L7:3.359 L9:3.264 L11:3.348
step  20240  loss 3.5249  lr 1.55e-04  34,053 tok/s  eta 9.6h
          exits L1:4.161 L3:3.470 L5:3.382 L7:3.397 L9:3.396 L11:3.317
step  20260  loss 3.5890  lr 1.54e-04  34,054 tok/s  eta 9.6h
          exits L1:4.145 L3:3.612 L5:3.483 L7:3.457 L9:3.329 L11:3.382
step  20280  loss 3.5789  lr 1.54e-04  34,055 tok/s  eta 9.6h
          exits L1:4.158 L3:3.626 L5:3.435 L7:3.297 L9:3.420 L11:3.376
step  20300  loss 3.6216  lr 1.54e-04  34,056 tok/s  eta 9.5h
          exits L1:4.229 L3:3.683 L5:3.493 L7:3.366 L9:3.376 L11:3.417
step  20320  loss 3.5833  lr 1.54e-04  34,057 tok/s  eta 9.5h
          exits L1:4.159 L3:3.535 L5:3.458 L7:3.463 L9:3.445 L11:3.384
step  20340  loss 3.6282  lr 1.54e-04  34,058 tok/s  eta 9.5h
          exits L1:4.318 L3:3.594 L5:3.448 L7:3.441 L9:3.501 L11:3.423
step  20360  loss 3.5335  lr 1.53e-04  34,059 tok/s  eta 9.5h
          exits L1:4.015 L3:3.558 L5:3.515 L7:3.472 L9:3.179 L11:3.335
step  20380  loss 3.5788  lr 1.53e-04  34,060 tok/s  eta 9.5h
          exits L1:4.135 L3:3.623 L5:3.458 L7:3.419 L9:3.303 L11:3.382
step  20400  loss 3.6466  lr 1.53e-04  34,061 tok/s  eta 9.5h
          exits L1:4.262 L3:3.705 L5:3.467 L7:3.356 L9:3.463 L11:3.444
step  20420  loss 3.5177  lr 1.53e-04  34,061 tok/s  eta 9.5h
          exits L1:4.123 L3:3.481 L5:3.377 L7:3.342 L9:3.399 L11:3.314
step  20440  loss 3.5762  lr 1.52e-04  34,061 tok/s  eta 9.5h
          exits L1:4.170 L3:3.541 L5:3.432 L7:3.425 L9:3.440 L11:3.369
step  20460  loss 3.5521  lr 1.52e-04  34,059 tok/s  eta 9.5h
          exits L1:4.202 L3:3.555 L5:3.355 L7:3.409 L9:3.335 L11:3.354
step  20480  loss 3.5075  lr 1.52e-04  34,060 tok/s  eta 9.4h
          exits L1:4.134 L3:3.520 L5:3.362 L7:3.365 L9:3.252 L11:3.295
  eval  loss 3.8382  exits L1:4.169 L3:3.594 L11:3.398
step  20500  loss 3.5617  lr 1.52e-04  34,050 tok/s  eta 9.4h
          exits L1:4.163 L3:3.585 L5:3.416 L7:3.344 L9:3.375 L11:3.366
step  20520  loss 3.6319  lr 1.52e-04  34,051 tok/s  eta 9.4h
          exits L1:4.293 L3:3.651 L5:3.441 L7:3.404 L9:3.468 L11:3.430
step  20540  loss 3.5441  lr 1.51e-04  34,052 tok/s  eta 9.4h
          exits L1:4.198 L3:3.550 L5:3.376 L7:3.307 L9:3.392 L11:3.341
step  20560  loss 3.5754  lr 1.51e-04  34,053 tok/s  eta 9.4h
          exits L1:4.300 L3:3.516 L5:3.389 L7:3.374 L9:3.491 L11:3.358
step  20580  loss 3.5577  lr 1.51e-04  34,054 tok/s  eta 9.4h
          exits L1:4.185 L3:3.476 L5:3.408 L7:3.350 L9:3.538 L11:3.344
step  20600  loss 3.5806  lr 1.51e-04  34,055 tok/s  eta 9.4h
          exits L1:4.101 L3:3.592 L5:3.541 L7:3.511 L9:3.264 L11:3.377
step  20620  loss 3.5147  lr 1.50e-04  34,056 tok/s  eta 9.4h
          exits L1:4.121 L3:3.488 L5:3.382 L7:3.346 L9:3.368 L11:3.311
step  20640  loss 3.5677  lr 1.50e-04  34,057 tok/s  eta 9.4h
          exits L1:4.236 L3:3.496 L5:3.378 L7:3.390 L9:3.520 L11:3.356
step  20660  loss 3.5968  lr 1.50e-04  34,058 tok/s  eta 9.3h
          exits L1:4.226 L3:3.676 L5:3.460 L7:3.331 L9:3.335 L11:3.390
step  20680  loss 3.5859  lr 1.50e-04  34,059 tok/s  eta 9.3h
          exits L1:4.246 L3:3.558 L5:3.408 L7:3.364 L9:3.493 L11:3.377
step  20700  loss 3.6083  lr 1.50e-04  34,060 tok/s  eta 9.3h
          exits L1:4.295 L3:3.596 L5:3.425 L7:3.440 L9:3.425 L11:3.401
step  20720  loss 3.6264  lr 1.49e-04  34,061 tok/s  eta 9.3h
          exits L1:4.260 L3:3.710 L5:3.484 L7:3.345 L9:3.362 L11:3.422
step  20740  loss 3.6086  lr 1.49e-04  34,059 tok/s  eta 9.3h
          exits L1:4.119 L3:3.589 L5:3.540 L7:3.514 L9:3.390 L11:3.410
step  20760  loss 3.5818  lr 1.49e-04  34,057 tok/s  eta 9.3h
          exits L1:4.174 L3:3.616 L5:3.480 L7:3.388 L9:3.322 L11:3.369
step  20780  loss 3.5959  lr 1.49e-04  34,058 tok/s  eta 9.3h
          exits L1:4.198 L3:3.681 L5:3.483 L7:3.452 L9:3.184 L11:3.392
step  20800  loss 3.6478  lr 1.48e-04  34,057 tok/s  eta 9.3h
          exits L1:4.247 L3:3.609 L5:3.493 L7:3.567 L9:3.461 L11:3.439
step  20820  loss 3.5354  lr 1.48e-04  34,058 tok/s  eta 9.3h
          exits L1:4.156 L3:3.550 L5:3.385 L7:3.382 L9:3.302 L11:3.333
step  20840  loss 3.6660  lr 1.48e-04  34,059 tok/s  eta 9.2h
          exits L1:4.235 L3:3.686 L5:3.555 L7:3.528 L9:3.400 L11:3.462
step  20860  loss 3.5556  lr 1.48e-04  34,060 tok/s  eta 9.2h
          exits L1:4.194 L3:3.593 L5:3.419 L7:3.407 L9:3.270 L11:3.348
step  20880  loss 3.5530  lr 1.48e-04  34,061 tok/s  eta 9.2h
          exits L1:4.218 L3:3.626 L5:3.395 L7:3.294 L9:3.277 L11:3.341
step  20900  loss 3.5278  lr 1.47e-04  34,062 tok/s  eta 9.2h
          exits L1:4.061 L3:3.572 L5:3.443 L7:3.289 L9:3.325 L11:3.328
step  20920  loss 3.6441  lr 1.47e-04  34,063 tok/s  eta 9.2h
          exits L1:4.371 L3:3.603 L5:3.442 L7:3.420 L9:3.563 L11:3.433
step  20940  loss 3.5778  lr 1.47e-04  34,064 tok/s  eta 9.2h
          exits L1:4.113 L3:3.588 L5:3.511 L7:3.438 L9:3.330 L11:3.375
step  20960  loss 3.5794  lr 1.47e-04  34,065 tok/s  eta 9.2h
          exits L1:4.250 L3:3.587 L5:3.389 L7:3.372 L9:3.406 L11:3.370
step  20980  loss 3.5589  lr 1.46e-04  34,065 tok/s  eta 9.2h
          exits L1:4.177 L3:3.566 L5:3.437 L7:3.310 L9:3.411 L11:3.345
  eval  loss 3.8323  exits L1:4.164 L3:3.589 L11:3.391
  saved /global/scratch/users/iparra/effortless-dev/checkpoints/vr-exits/step-021000.pt
step  21000  loss 3.4868  lr 1.46e-04  34,055 tok/s  eta 9.2h
          exits L1:4.196 L3:3.484 L5:3.305 L7:3.205 L9:3.363 L11:3.272
step  21020  loss 3.5349  lr 1.46e-04  34,056 tok/s  eta 9.2h
          exits L1:4.134 L3:3.584 L5:3.432 L7:3.333 L9:3.262 L11:3.327
step  21040  loss 3.5909  lr 1.46e-04  34,057 tok/s  eta 9.1h
          exits L1:4.137 L3:3.602 L5:3.506 L7:3.474 L9:3.317 L11:3.383
step  21060  loss 3.5537  lr 1.46e-04  34,058 tok/s  eta 9.1h
          exits L1:4.195 L3:3.540 L5:3.378 L7:3.408 L9:3.378 L11:3.355
step  21080  loss 3.6183  lr 1.45e-04  34,056 tok/s  eta 9.1h
          exits L1:4.267 L3:3.680 L5:3.432 L7:3.316 L9:3.434 L11:3.419
step  21100  loss 3.5337  lr 1.45e-04  34,057 tok/s  eta 9.1h
          exits L1:4.031 L3:3.498 L5:3.493 L7:3.471 L9:3.314 L11:3.325
step  21120  loss 3.6321  lr 1.45e-04  34,057 tok/s  eta 9.1h
          exits L1:4.191 L3:3.574 L5:3.540 L7:3.580 L9:3.437 L11:3.427
step  21140  loss 3.6110  lr 1.45e-04  34,058 tok/s  eta 9.1h
          exits L1:4.195 L3:3.545 L5:3.498 L7:3.441 L9:3.553 L11:3.408
step  21160  loss 3.6456  lr 1.44e-04  34,059 tok/s  eta 9.1h
          exits L1:4.239 L3:3.590 L5:3.530 L7:3.557 L9:3.473 L11:3.440
step  21180  loss 3.5358  lr 1.44e-04  34,060 tok/s  eta 9.1h
          exits L1:4.186 L3:3.480 L5:3.362 L7:3.451 L9:3.361 L11:3.327
step  21200  loss 3.6540  lr 1.44e-04  34,061 tok/s  eta 9.1h
          exits L1:4.304 L3:3.650 L5:3.484 L7:3.518 L9:3.424 L11:3.449
step  21220  loss 3.6200  lr 1.44e-04  34,062 tok/s  eta 9.0h
          exits L1:4.214 L3:3.616 L5:3.476 L7:3.462 L9:3.427 L11:3.421
step  21240  loss 3.6561  lr 1.44e-04  34,063 tok/s  eta 9.0h
          exits L1:4.154 L3:3.650 L5:3.640 L7:3.704 L9:3.255 L11:3.452
step  21260  loss 3.6259  lr 1.43e-04  34,064 tok/s  eta 9.0h
          exits L1:4.211 L3:3.615 L5:3.512 L7:3.519 L9:3.381 L11:3.415
step  21280  loss 3.5725  lr 1.43e-04  34,065 tok/s  eta 9.0h
          exits L1:4.200 L3:3.607 L5:3.392 L7:3.271 L9:3.445 L11:3.369
step  21300  loss 3.6024  lr 1.43e-04  34,065 tok/s  eta 9.0h
          exits L1:4.119 L3:3.667 L5:3.567 L7:3.495 L9:3.210 L11:3.398
step  21320  loss 3.5242  lr 1.43e-04  34,061 tok/s  eta 9.0h
          exits L1:4.049 L3:3.500 L5:3.442 L7:3.371 L9:3.367 L11:3.321
step  21340  loss 3.5514  lr 1.42e-04  34,062 tok/s  eta 9.0h
          exits L1:4.184 L3:3.523 L5:3.399 L7:3.400 L9:3.401 L11:3.347
step  21360  loss 3.5585  lr 1.42e-04  34,063 tok/s  eta 9.0h
          exits L1:4.149 L3:3.610 L5:3.438 L7:3.352 L9:3.306 L11:3.347
step  21380  loss 3.5918  lr 1.42e-04  34,064 tok/s  eta 9.0h
          exits L1:4.187 L3:3.538 L5:3.448 L7:3.487 L9:3.457 L11:3.376
step  21400  loss 3.4927  lr 1.42e-04  34,063 tok/s  eta 8.9h
          exits L1:4.070 L3:3.437 L5:3.381 L7:3.441 L9:3.283 L11:3.287
step  21420  loss 3.5765  lr 1.42e-04  34,064 tok/s  eta 8.9h
          exits L1:4.107 L3:3.636 L5:3.495 L7:3.336 L9:3.350 L11:3.379
step  21440  loss 3.5992  lr 1.41e-04  34,064 tok/s  eta 8.9h
          exits L1:4.207 L3:3.533 L5:3.479 L7:3.529 L9:3.422 L11:3.390
step  21460  loss 3.4828  lr 1.41e-04  34,065 tok/s  eta 8.9h
          exits L1:4.036 L3:3.403 L5:3.388 L7:3.437 L9:3.347 L11:3.276
step  21480  loss 3.6082  lr 1.41e-04  34,065 tok/s  eta 8.9h
          exits L1:4.233 L3:3.627 L5:3.457 L7:3.375 L9:3.446 L11:3.400
  eval  loss 3.8232  exits L1:4.156 L3:3.581 L11:3.383
step  21500  loss 3.5521  lr 1.41e-04  34,057 tok/s  eta 8.9h
          exits L1:4.104 L3:3.538 L5:3.479 L7:3.492 L9:3.276 L11:3.346
step  21520  loss 3.5570  lr 1.40e-04  34,058 tok/s  eta 8.9h
          exits L1:4.129 L3:3.482 L5:3.462 L7:3.503 L9:3.388 L11:3.341
step  21540  loss 3.5966  lr 1.40e-04  34,059 tok/s  eta 8.9h
          exits L1:4.151 L3:3.491 L5:3.529 L7:3.595 L9:3.428 L11:3.384
step  21560  loss 3.5302  lr 1.40e-04  34,060 tok/s  eta 8.9h
          exits L1:4.145 L3:3.466 L5:3.395 L7:3.398 L9:3.417 L11:3.323
step  21580  loss 3.5330  lr 1.40e-04  34,061 tok/s  eta 8.9h
          exits L1:4.065 L3:3.557 L5:3.464 L7:3.403 L9:3.252 L11:3.323
step  21600  loss 3.5531  lr 1.40e-04  34,062 tok/s  eta 8.8h
          exits L1:4.167 L3:3.488 L5:3.422 L7:3.392 L9:3.477 L11:3.346
step  21620  loss 3.5802  lr 1.39e-04  34,063 tok/s  eta 8.8h
          exits L1:4.260 L3:3.665 L5:3.391 L7:3.333 L9:3.293 L11:3.373
step  21640  loss 3.5620  lr 1.39e-04  34,062 tok/s  eta 8.8h
          exits L1:4.290 L3:3.552 L5:3.315 L7:3.294 L9:3.482 L11:3.355
step  21660  loss 3.5203  lr 1.39e-04  34,063 tok/s  eta 8.8h
          exits L1:4.120 L3:3.482 L5:3.405 L7:3.426 L9:3.312 L11:3.314
step  21680  loss 3.5499  lr 1.39e-04  34,059 tok/s  eta 8.8h
          exits L1:4.260 L3:3.567 L5:3.346 L7:3.269 L9:3.410 L11:3.343
step  21700  loss 3.6168  lr 1.38e-04  34,057 tok/s  eta 8.8h
          exits L1:4.246 L3:3.580 L5:3.446 L7:3.526 L9:3.433 L11:3.412
step  21720  loss 3.5062  lr 1.38e-04  34,058 tok/s  eta 8.8h
          exits L1:4.143 L3:3.469 L5:3.376 L7:3.373 L9:3.321 L11:3.288
step  21740  loss 3.4831  lr 1.38e-04  34,058 tok/s  eta 8.8h
          exits L1:4.040 L3:3.403 L5:3.375 L7:3.456 L9:3.309 L11:3.280
step  21760  loss 3.5067  lr 1.38e-04  34,059 tok/s  eta 8.8h
          exits L1:4.113 L3:3.494 L5:3.377 L7:3.393 L9:3.273 L11:3.299
step  21780  loss 3.6215  lr 1.38e-04  34,060 tok/s  eta 8.7h
          exits L1:4.166 L3:3.600 L5:3.505 L7:3.543 L9:3.397 L11:3.423
step  21800  loss 3.5084  lr 1.37e-04  34,061 tok/s  eta 8.7h
          exits L1:4.055 L3:3.520 L5:3.413 L7:3.313 L9:3.336 L11:3.300
step  21820  loss 3.5505  lr 1.37e-04  34,062 tok/s  eta 8.7h
          exits L1:4.125 L3:3.590 L5:3.408 L7:3.334 L9:3.335 L11:3.353
step  21840  loss 3.5791  lr 1.37e-04  34,062 tok/s  eta 8.7h
          exits L1:4.191 L3:3.514 L5:3.445 L7:3.438 L9:3.474 L11:3.370
step  21860  loss 3.5748  lr 1.37e-04  34,063 tok/s  eta 8.7h
          exits L1:4.158 L3:3.543 L5:3.486 L7:3.435 L9:3.384 L11:3.366
step  21880  loss 3.6034  lr 1.36e-04  34,064 tok/s  eta 8.7h
          exits L1:4.182 L3:3.638 L5:3.504 L7:3.462 L9:3.319 L11:3.395
step  21900  loss 3.5209  lr 1.36e-04  34,065 tok/s  eta 8.7h
          exits L1:4.215 L3:3.551 L5:3.288 L7:3.090 L9:3.526 L11:3.314
step  21920  loss 3.5468  lr 1.36e-04  34,066 tok/s  eta 8.7h
          exits L1:4.212 L3:3.594 L5:3.392 L7:3.345 L9:3.273 L11:3.330
step  21940  loss 3.5356  lr 1.36e-04  34,067 tok/s  eta 8.7h
          exits L1:4.184 L3:3.574 L5:3.419 L7:3.296 L9:3.305 L11:3.320
step  21960  loss 3.5813  lr 1.36e-04  34,067 tok/s  eta 8.6h
          exits L1:4.179 L3:3.589 L5:3.456 L7:3.486 L9:3.297 L11:3.371
step  21980  loss 3.5651  lr 1.35e-04  34,068 tok/s  eta 8.6h
          exits L1:4.264 L3:3.581 L5:3.390 L7:3.320 L9:3.383 L11:3.352
  eval  loss 3.8198  exits L1:4.153 L3:3.579 L11:3.381
 threshold   mean depth   accuracy      nll    saved
----------------------------------------------------
     0.000    12.00/12      0.3340   3.5814    0.0%
     0.050    11.49/12      0.3340   3.5846    4.3%
     0.100    11.18/12      0.3336   3.5871    6.8%
     0.200    10.12/12      0.3334   3.6076   15.7%
     0.300     8.03/12      0.3228   3.6906   33.1%
     0.500     3.56/12      0.2848   3.9942   70.4%
     0.700     2.02/12      0.2706   4.1981   83.1%
     1.000     2.00/12      0.2704   4.2021   83.3%
  suggested exit_threshold 0.20 -> mean depth 10.12/12, 15.7% of blocks skipped
  saved /global/scratch/users/iparra/effortless-dev/checkpoints/vr-exits/step-022000.pt
step  22000  loss 3.5877  lr 1.35e-04  34,054 tok/s  eta 8.6h
          exits L1:4.238 L3:3.569 L5:3.400 L7:3.413 L9:3.453 L11:3.381
step  22020  loss 3.6298  lr 1.35e-04  34,052 tok/s  eta 8.6h
          exits L1:4.226 L3:3.657 L5:3.531 L7:3.511 L9:3.313 L11:3.421
step  22040  loss 3.5519  lr 1.35e-04  34,053 tok/s  eta 8.6h
          exits L1:4.193 L3:3.517 L5:3.438 L7:3.458 L9:3.338 L11:3.336
step  22060  loss 3.5373  lr 1.34e-04  34,053 tok/s  eta 8.6h
          exits L1:4.145 L3:3.613 L5:3.399 L7:3.249 L9:3.316 L11:3.333
step  22080  loss 3.5168  lr 1.34e-04  34,054 tok/s  eta 8.6h
          exits L1:4.110 L3:3.549 L5:3.391 L7:3.303 L9:3.293 L11:3.311
step  22100  loss 3.6088  lr 1.34e-04  34,055 tok/s  eta 8.6h
          exits L1:4.144 L3:3.666 L5:3.484 L7:3.411 L9:3.362 L11:3.411
step  22120  loss 3.6080  lr 1.34e-04  34,056 tok/s  eta 8.6h
          exits L1:4.211 L3:3.602 L5:3.506 L7:3.540 L9:3.311 L11:3.398
step  22140  loss 3.5243  lr 1.34e-04  34,057 tok/s  eta 8.6h
          exits L1:4.159 L3:3.475 L5:3.382 L7:3.332 L9:3.429 L11:3.308
step  22160  loss 3.5917  lr 1.33e-04  34,058 tok/s  eta 8.5h
          exits L1:4.208 L3:3.630 L5:3.476 L7:3.403 L9:3.321 L11:3.381
step  22180  loss 3.6105  lr 1.33e-04  34,059 tok/s  eta 8.5h
          exits L1:4.227 L3:3.596 L5:3.447 L7:3.445 L9:3.448 L11:3.410
step  22200  loss 3.5577  lr 1.33e-04  34,059 tok/s  eta 8.5h
          exits L1:4.143 L3:3.585 L5:3.460 L7:3.374 L9:3.320 L11:3.348
step  22220  loss 3.5102  lr 1.33e-04  34,056 tok/s  eta 8.5h
          exits L1:4.084 L3:3.487 L5:3.431 L7:3.480 L9:3.216 L11:3.299
step  22240  loss 3.5865  lr 1.32e-04  34,056 tok/s  eta 8.5h
          exits L1:4.220 L3:3.623 L5:3.414 L7:3.331 L9:3.402 L11:3.378
step  22260  loss 3.5246  lr 1.32e-04  34,057 tok/s  eta 8.5h
          exits L1:4.157 L3:3.497 L5:3.386 L7:3.469 L9:3.263 L11:3.319
step  22280  loss 3.4921  lr 1.32e-04  34,058 tok/s  eta 8.5h
          exits L1:4.112 L3:3.462 L5:3.322 L7:3.275 L9:3.406 L11:3.290
step  22300  loss 3.5058  lr 1.32e-04  34,059 tok/s  eta 8.5h
          exits L1:4.082 L3:3.461 L5:3.384 L7:3.411 L9:3.334 L11:3.302
step  22320  loss 3.5080  lr 1.32e-04  34,059 tok/s  eta 8.5h
          exits L1:4.135 L3:3.489 L5:3.372 L7:3.353 L9:3.326 L11:3.302
step  22340  loss 3.6046  lr 1.31e-04  34,058 tok/s  eta 8.4h
          exits L1:4.108 L3:3.634 L5:3.515 L7:3.535 L9:3.287 L11:3.408
step  22360  loss 3.6016  lr 1.31e-04  34,059 tok/s  eta 8.4h
          exits L1:4.272 L3:3.570 L5:3.384 L7:3.364 L9:3.549 L11:3.402
step  22380  loss 3.5639  lr 1.31e-04  34,058 tok/s  eta 8.4h
          exits L1:4.169 L3:3.549 L5:3.404 L7:3.376 L9:3.432 L11:3.357
step  22400  loss 3.4790  lr 1.31e-04  34,059 tok/s  eta 8.4h
          exits L1:4.056 L3:3.448 L5:3.337 L7:3.347 L9:3.323 L11:3.276
step  22420  loss 3.5504  lr 1.31e-04  34,060 tok/s  eta 8.4h
          exits L1:4.166 L3:3.488 L5:3.407 L7:3.492 L9:3.367 L11:3.348
step  22440  loss 3.5324  lr 1.30e-04  34,061 tok/s  eta 8.4h
          exits L1:4.082 L3:3.556 L5:3.458 L7:3.334 L9:3.324 L11:3.322
step  22460  loss 3.6783  lr 1.30e-04  34,062 tok/s  eta 8.4h
          exits L1:4.381 L3:3.684 L5:3.475 L7:3.454 L9:3.523 L11:3.471
step  22480  loss 3.4873  lr 1.30e-04  34,063 tok/s  eta 8.4h
          exits L1:4.154 L3:3.422 L5:3.289 L7:3.239 L9:3.506 L11:3.279
  eval  loss 3.8104  exits L1:4.143 L3:3.571 L11:3.371
step  22500  loss 3.5232  lr 1.30e-04  34,055 tok/s  eta 8.4h
          exits L1:4.193 L3:3.450 L5:3.357 L7:3.408 L9:3.418 L11:3.311
step  22520  loss 3.5826  lr 1.29e-04  34,056 tok/s  eta 8.4h
          exits L1:4.103 L3:3.546 L5:3.503 L7:3.436 L9:3.451 L11:3.383
step  22540  loss 3.5399  lr 1.29e-04  34,057 tok/s  eta 8.3h
          exits L1:4.107 L3:3.533 L5:3.433 L7:3.378 L9:3.351 L11:3.338
step  22560  loss 3.6233  lr 1.29e-04  34,058 tok/s  eta 8.3h
          exits L1:4.193 L3:3.639 L5:3.501 L7:3.438 L9:3.407 L11:3.420
step  22580  loss 3.5516  lr 1.29e-04  34,059 tok/s  eta 8.3h
          exits L1:4.134 L3:3.566 L5:3.443 L7:3.391 L9:3.308 L11:3.340
step  22600  loss 3.5319  lr 1.29e-04  34,054 tok/s  eta 8.3h
          exits L1:4.151 L3:3.573 L5:3.421 L7:3.385 L9:3.215 L11:3.318
step  22620  loss 3.5021  lr 1.28e-04  34,054 tok/s  eta 8.3h
          exits L1:4.022 L3:3.538 L5:3.437 L7:3.387 L9:3.198 L11:3.296
step  22640  loss 3.5257  lr 1.28e-04  34,053 tok/s  eta 8.3h
          exits L1:4.135 L3:3.521 L5:3.386 L7:3.296 L9:3.416 L11:3.323
step  22660  loss 3.5956  lr 1.28e-04  34,054 tok/s  eta 8.3h
          exits L1:4.311 L3:3.616 L5:3.367 L7:3.344 L9:3.428 L11:3.386
step  22680  loss 3.5549  lr 1.28e-04  34,053 tok/s  eta 8.3h
          exits L1:4.135 L3:3.617 L5:3.425 L7:3.329 L9:3.295 L11:3.353
step  22700  loss 3.5850  lr 1.27e-04  34,054 tok/s  eta 8.3h
          exits L1:4.193 L3:3.596 L5:3.395 L7:3.250 L9:3.561 L11:3.385
step  22720  loss 3.6157  lr 1.27e-04  34,055 tok/s  eta 8.2h
          exits L1:4.261 L3:3.666 L5:3.481 L7:3.390 L9:3.362 L11:3.407
step  22740  loss 3.5858  lr 1.27e-04  34,056 tok/s  eta 8.2h
          exits L1:4.198 L3:3.604 L5:3.450 L7:3.356 L9:3.412 L11:3.383
step  22760  loss 3.4980  lr 1.27e-04  34,057 tok/s  eta 8.2h
          exits L1:4.184 L3:3.575 L5:3.274 L7:3.145 L9:3.333 L11:3.293
step  22780  loss 3.6382  lr 1.27e-04  34,058 tok/s  eta 8.2h
          exits L1:4.172 L3:3.618 L5:3.548 L7:3.508 L9:3.468 L11:3.440
step  22800  loss 3.5535  lr 1.26e-04  34,059 tok/s  eta 8.2h
          exits L1:4.153 L3:3.521 L5:3.449 L7:3.366 L9:3.400 L11:3.337
step  22820  loss 3.6153  lr 1.26e-04  34,060 tok/s  eta 8.2h
          exits L1:4.208 L3:3.560 L5:3.471 L7:3.453 L9:3.542 L11:3.414
step  22840  loss 3.4938  lr 1.26e-04  34,060 tok/s  eta 8.2h
          exits L1:4.139 L3:3.494 L5:3.336 L7:3.276 L9:3.339 L11:3.282
step  22860  loss 3.4937  lr 1.26e-04  34,061 tok/s  eta 8.2h
          exits L1:4.265 L3:3.523 L5:3.233 L7:3.100 L9:3.434 L11:3.278
step  22880  loss 3.5141  lr 1.26e-04  34,062 tok/s  eta 8.2h
          exits L1:4.007 L3:3.544 L5:3.460 L7:3.318 L9:3.290 L11:3.310
step  22900  loss 3.5754  lr 1.25e-04  34,063 tok/s  eta 8.1h
          exits L1:4.151 L3:3.548 L5:3.465 L7:3.474 L9:3.362 L11:3.368
step  22920  loss 3.5256  lr 1.25e-04  34,061 tok/s  eta 8.1h
          exits L1:4.100 L3:3.528 L5:3.363 L7:3.302 L9:3.424 L11:3.329
step  22940  loss 3.5187  lr 1.25e-04  34,061 tok/s  eta 8.1h
          exits L1:4.083 L3:3.487 L5:3.476 L7:3.462 L9:3.241 L11:3.300
step  22960  loss 3.5708  lr 1.25e-04  34,059 tok/s  eta 8.1h
          exits L1:4.194 L3:3.598 L5:3.444 L7:3.399 L9:3.334 L11:3.365
step  22980  loss 3.5119  lr 1.24e-04  34,060 tok/s  eta 8.1h
          exits L1:4.075 L3:3.530 L5:3.431 L7:3.365 L9:3.257 L11:3.303
  eval  loss 3.8114  exits L1:4.139 L3:3.567 L11:3.369
  saved /global/scratch/users/iparra/effortless-dev/checkpoints/vr-exits/step-023000.pt
step  23000  loss 3.5709  lr 1.24e-04  34,050 tok/s  eta 8.1h
          exits L1:4.251 L3:3.518 L5:3.403 L7:3.316 L9:3.525 L11:3.345
step  23020  loss 3.5615  lr 1.24e-04  34,051 tok/s  eta 8.1h
          exits L1:4.129 L3:3.620 L5:3.466 L7:3.284 L9:3.373 L11:3.356
step  23040  loss 3.5189  lr 1.24e-04  34,052 tok/s  eta 8.1h
          exits L1:4.127 L3:3.499 L5:3.371 L7:3.319 L9:3.389 L11:3.311
step  23060  loss 3.5520  lr 1.24e-04  34,053 tok/s  eta 8.1h
          exits L1:4.147 L3:3.472 L5:3.448 L7:3.520 L9:3.368 L11:3.342
step  23080  loss 3.5146  lr 1.23e-04  34,053 tok/s  eta 8.1h
          exits L1:4.143 L3:3.511 L5:3.361 L7:3.370 L9:3.303 L11:3.309
step  23100  loss 3.5660  lr 1.23e-04  34,054 tok/s  eta 8.0h
          exits L1:3.971 L3:3.614 L5:3.583 L7:3.436 L9:3.265 L11:3.370
step  23120  loss 3.6160  lr 1.23e-04  34,055 tok/s  eta 8.0h
          exits L1:4.126 L3:3.645 L5:3.546 L7:3.463 L9:3.365 L11:3.421
step  23140  loss 3.4759  lr 1.23e-04  34,056 tok/s  eta 8.0h
          exits L1:4.137 L3:3.523 L5:3.312 L7:3.273 L9:3.211 L11:3.265
step  23160  loss 3.6275  lr 1.23e-04  34,057 tok/s  eta 8.0h
          exits L1:4.318 L3:3.594 L5:3.454 L7:3.524 L9:3.409 L11:3.417
step  23180  loss 3.5420  lr 1.22e-04  34,058 tok/s  eta 8.0h
          exits L1:4.123 L3:3.583 L5:3.424 L7:3.399 L9:3.252 L11:3.337
step  23200  loss 3.5101  lr 1.22e-04  34,059 tok/s  eta 8.0h
          exits L1:4.161 L3:3.448 L5:3.390 L7:3.442 L9:3.293 L11:3.292
step  23220  loss 3.5233  lr 1.22e-04  34,059 tok/s  eta 8.0h
          exits L1:4.121 L3:3.495 L5:3.387 L7:3.385 L9:3.350 L11:3.318
step  23240  loss 3.4896  lr 1.22e-04  34,060 tok/s  eta 8.0h
          exits L1:4.089 L3:3.492 L5:3.338 L7:3.286 L9:3.333 L11:3.286
step  23260  loss 3.5962  lr 1.21e-04  34,058 tok/s  eta 8.0h
          exits L1:4.117 L3:3.604 L5:3.544 L7:3.509 L9:3.302 L11:3.388
step  23280  loss 3.5281  lr 1.21e-04  34,055 tok/s  eta 7.9h
          exits L1:4.167 L3:3.584 L5:3.354 L7:3.244 L9:3.335 L11:3.324
step  23300  loss 3.4942  lr 1.21e-04  34,055 tok/s  eta 7.9h
          exits L1:4.209 L3:3.515 L5:3.248 L7:3.203 L9:3.382 L11:3.292
step  23320  loss 3.5751  lr 1.21e-04  34,055 tok/s  eta 7.9h
          exits L1:4.260 L3:3.584 L5:3.378 L7:3.267 L9:3.501 L11:3.367
step  23340  loss 3.4920  lr 1.21e-04  34,056 tok/s  eta 7.9h
          exits L1:4.117 L3:3.506 L5:3.351 L7:3.340 L9:3.236 L11:3.285
step  23360  loss 3.5785  lr 1.20e-04  34,057 tok/s  eta 7.9h
          exits L1:4.224 L3:3.627 L5:3.378 L7:3.367 L9:3.341 L11:3.376
step  23380  loss 3.5674  lr 1.20e-04  34,058 tok/s  eta 7.9h
          exits L1:4.179 L3:3.563 L5:3.461 L7:3.458 L9:3.310 L11:3.355
step  23400  loss 3.5765  lr 1.20e-04  34,058 tok/s  eta 7.9h
          exits L1:4.164 L3:3.616 L5:3.470 L7:3.387 L9:3.325 L11:3.362
step  23420  loss 3.5852  lr 1.20e-04  34,059 tok/s  eta 7.9h
          exits L1:4.223 L3:3.599 L5:3.445 L7:3.338 L9:3.435 L11:3.379
step  23440  loss 3.5910  lr 1.20e-04  34,060 tok/s  eta 7.9h
          exits L1:4.228 L3:3.584 L5:3.451 L7:3.380 L9:3.418 L11:3.383
step  23460  loss 3.4216  lr 1.19e-04  34,061 tok/s  eta 7.8h
          exits L1:4.074 L3:3.496 L5:3.288 L7:3.170 L9:3.142 L11:3.204
step  23480  loss 3.5197  lr 1.19e-04  34,062 tok/s  eta 7.8h
          exits L1:4.225 L3:3.558 L5:3.314 L7:3.303 L9:3.271 L11:3.302
  eval  loss 3.8056  exits L1:4.132 L3:3.564 L11:3.365
step  23500  loss 3.5184  lr 1.19e-04  34,054 tok/s  eta 7.8h
          exits L1:4.122 L3:3.511 L5:3.354 L7:3.307 L9:3.407 L11:3.315
step  23520  loss 3.5403  lr 1.19e-04  34,055 tok/s  eta 7.8h
          exits L1:4.092 L3:3.610 L5:3.452 L7:3.299 L9:3.280 L11:3.328
step  23540  loss 3.5743  lr 1.18e-04  34,056 tok/s  eta 7.8h
          exits L1:4.095 L3:3.524 L5:3.533 L7:3.439 L9:3.432 L11:3.367
step  23560  loss 3.6117  lr 1.18e-04  34,057 tok/s  eta 7.8h
          exits L1:4.241 L3:3.606 L5:3.442 L7:3.471 L9:3.400 L11:3.408
step  23580  loss 3.5607  lr 1.18e-04  34,055 tok/s  eta 7.8h
          exits L1:4.218 L3:3.525 L5:3.403 L7:3.451 L9:3.361 L11:3.351
step  23600  loss 3.6004  lr 1.18e-04  34,052 tok/s  eta 7.8h
          exits L1:4.247 L3:3.597 L5:3.427 L7:3.402 L9:3.433 L11:3.391
step  23620  loss 3.5276  lr 1.18e-04  34,052 tok/s  eta 7.8h
          exits L1:4.138 L3:3.560 L5:3.396 L7:3.340 L9:3.279 L11:3.316
step  23640  loss 3.5037  lr 1.17e-04  34,051 tok/s  eta 7.8h
          exits L1:4.052 L3:3.513 L5:3.415 L7:3.349 L9:3.279 L11:3.295
step  23660  loss 3.5935  lr 1.17e-04  34,052 tok/s  eta 7.7h
          exits L1:4.178 L3:3.682 L5:3.473 L7:3.265 L9:3.379 L11:3.387
step  23680  loss 3.5525  lr 1.17e-04  34,053 tok/s  eta 7.7h
          exits L1:4.208 L3:3.587 L5:3.338 L7:3.276 L9:3.408 L11:3.344
step  23700  loss 3.6221  lr 1.17e-04  34,054 tok/s  eta 7.7h
          exits L1:4.246 L3:3.663 L5:3.441 L7:3.373 L9:3.446 L11:3.418
step  23720  loss 3.6515  lr 1.17e-04  34,055 tok/s  eta 7.7h
          exits L1:4.187 L3:3.555 L5:3.555 L7:3.622 L9:3.531 L11:3.450
step  23740  loss 3.5433  lr 1.16e-04  34,056 tok/s  eta 7.7h
          exits L1:4.175 L3:3.563 L5:3.369 L7:3.294 L9:3.401 L11:3.341
step  23760  loss 3.5637  lr 1.16e-04  34,056 tok/s  eta 7.7h
          exits L1:4.096 L3:3.535 L5:3.477 L7:3.421 L9:3.414 L11:3.359
step  23780  loss 3.5068  lr 1.16e-04  34,057 tok/s  eta 7.7h
          exits L1:4.134 L3:3.479 L5:3.391 L7:3.379 L9:3.309 L11:3.288
step  23800  loss 3.5362  lr 1.16e-04  34,058 tok/s  eta 7.7h
          exits L1:4.209 L3:3.512 L5:3.360 L7:3.296 L9:3.433 L11:3.324
step  23820  loss 3.4487  lr 1.16e-04  34,059 tok/s  eta 7.7h
          exits L1:4.057 L3:3.410 L5:3.302 L7:3.348 L9:3.275 L11:3.236
step  23840  loss 3.5581  lr 1.15e-04  34,060 tok/s  eta 7.6h
          exits L1:4.165 L3:3.614 L5:3.439 L7:3.320 L9:3.294 L11:3.343
step  23860  loss 3.4347  lr 1.15e-04  34,061 tok/s  eta 7.6h
          exits L1:3.998 L3:3.453 L5:3.318 L7:3.261 L9:3.233 L11:3.231
step  23880  loss 3.6054  lr 1.15e-04  34,061 tok/s  eta 7.6h
          exits L1:4.191 L3:3.590 L5:3.479 L7:3.384 L9:3.504 L11:3.406
step  23900  loss 3.6000  lr 1.15e-04  34,060 tok/s  eta 7.6h
          exits L1:4.142 L3:3.554 L5:3.521 L7:3.582 L9:3.353 L11:3.393
step  23920  loss 3.6109  lr 1.14e-04  34,061 tok/s  eta 7.6h
          exits L1:4.203 L3:3.626 L5:3.492 L7:3.452 L9:3.385 L11:3.404
step  23940  loss 3.5485  lr 1.14e-04  34,057 tok/s  eta 7.6h
          exits L1:4.165 L3:3.489 L5:3.417 L7:3.426 L9:3.427 L11:3.338
step  23960  loss 3.6144  lr 1.14e-04  34,057 tok/s  eta 7.6h
          exits L1:4.197 L3:3.575 L5:3.502 L7:3.550 L9:3.406 L11:3.406
step  23980  loss 3.4383  lr 1.14e-04  34,058 tok/s  eta 7.6h
          exits L1:3.992 L3:3.466 L5:3.372 L7:3.235 L9:3.209 L11:3.226
  eval  loss 3.7987  exits L1:4.126 L3:3.560 L11:3.359
 threshold   mean depth   accuracy      nll    saved
----------------------------------------------------
     0.000    12.00/12      0.3379   3.5665    0.0%
     0.050    11.47/12      0.3379   3.5692    4.4%
     0.100    11.16/12      0.3380   3.5737    7.0%
     0.200    10.04/12      0.3362   3.6007   16.3%
     0.300     7.93/12      0.3260   3.6804   33.9%
     0.500     3.49/12      0.2815   3.9871   70.9%
     0.700     2.02/12      0.2688   4.1809   83.2%
     1.000     2.00/12      0.2688   4.1861   83.3%
  suggested exit_threshold 0.20 -> mean depth 10.04/12, 16.3% of blocks skipped
  saved /global/scratch/users/iparra/effortless-dev/checkpoints/vr-exits/step-024000.pt
step  24000  loss 3.5514  lr 1.14e-04  34,047 tok/s  eta 7.6h
          exits L1:4.154 L3:3.565 L5:3.377 L7:3.360 L9:3.389 L11:3.348
step  24020  loss 3.5955  lr 1.13e-04  34,047 tok/s  eta 7.6h
          exits L1:4.223 L3:3.552 L5:3.432 L7:3.499 L9:3.416 L11:3.393
step  24040  loss 3.6022  lr 1.13e-04  34,048 tok/s  eta 7.5h
          exits L1:4.158 L3:3.628 L5:3.535 L7:3.482 L9:3.288 L11:3.391
step  24060  loss 3.5286  lr 1.13e-04  34,049 tok/s  eta 7.5h
          exits L1:4.065 L3:3.547 L5:3.446 L7:3.370 L9:3.294 L11:3.322
step  24080  loss 3.5890  lr 1.13e-04  34,050 tok/s  eta 7.5h
          exits L1:4.176 L3:3.602 L5:3.490 L7:3.431 L9:3.340 L11:3.377
step  24100  loss 3.5226  lr 1.13e-04  34,051 tok/s  eta 7.5h
          exits L1:4.101 L3:3.515 L5:3.419 L7:3.414 L9:3.281 L11:3.310
step  24120  loss 3.5279  lr 1.12e-04  34,052 tok/s  eta 7.5h
          exits L1:4.242 L3:3.471 L5:3.329 L7:3.360 L9:3.432 L11:3.314
step  24140  loss 3.6132  lr 1.12e-04  34,052 tok/s  eta 7.5h
          exits L1:4.233 L3:3.668 L5:3.451 L7:3.398 L9:3.371 L11:3.407
step  24160  loss 3.5814  lr 1.12e-04  34,053 tok/s  eta 7.5h
          exits L1:4.213 L3:3.543 L5:3.434 L7:3.371 L9:3.502 L11:3.374
step  24180  loss 3.5509  lr 1.12e-04  34,054 tok/s  eta 7.5h
          exits L1:4.218 L3:3.615 L5:3.375 L7:3.286 L9:3.327 L11:3.345
step  24200  loss 3.4863  lr 1.12e-04  34,052 tok/s  eta 7.5h
          exits L1:4.121 L3:3.545 L5:3.353 L7:3.249 L9:3.217 L11:3.274
step  24220  loss 3.6148  lr 1.11e-04  34,053 tok/s  eta 7.4h
          exits L1:4.140 L3:3.705 L5:3.545 L7:3.444 L9:3.256 L11:3.410
step  24240  loss 3.5213  lr 1.11e-04  34,053 tok/s  eta 7.4h
          exits L1:4.104 L3:3.522 L5:3.385 L7:3.254 L9:3.424 L11:3.312
step  24260  loss 3.4455  lr 1.11e-04  34,054 tok/s  eta 7.4h
          exits L1:3.995 L3:3.442 L5:3.364 L7:3.284 L9:3.242 L11:3.238
step  24280  loss 3.5550  lr 1.11e-04  34,054 tok/s  eta 7.4h
          exits L1:4.128 L3:3.476 L5:3.451 L7:3.501 L9:3.391 L11:3.343
step  24300  loss 3.5969  lr 1.11e-04  34,055 tok/s  eta 7.4h
          exits L1:4.228 L3:3.719 L5:3.430 L7:3.310 L9:3.291 L11:3.396
step  24320  loss 3.5738  lr 1.10e-04  34,051 tok/s  eta 7.4h
          exits L1:4.242 L3:3.627 L5:3.375 L7:3.273 L9:3.410 L11:3.366
step  24340  loss 3.5904  lr 1.10e-04  34,052 tok/s  eta 7.4h
          exits L1:4.150 L3:3.683 L5:3.466 L7:3.331 L9:3.319 L11:3.387
step  24360  loss 3.5119  lr 1.10e-04  34,052 tok/s  eta 7.4h
          exits L1:4.059 L3:3.487 L5:3.424 L7:3.378 L9:3.340 L11:3.309
step  24380  loss 3.6274  lr 1.10e-04  34,053 tok/s  eta 7.4h
          exits L1:4.276 L3:3.672 L5:3.482 L7:3.411 L9:3.386 L11:3.408
step  24400  loss 3.6690  lr 1.10e-04  34,054 tok/s  eta 7.3h
          exits L1:4.220 L3:3.634 L5:3.561 L7:3.659 L9:3.403 L11:3.467
step  24420  loss 3.5662  lr 1.09e-04  34,055 tok/s  eta 7.3h
          exits L1:4.158 L3:3.540 L5:3.437 L7:3.445 L9:3.389 L11:3.353
step  24440  loss 3.6100  lr 1.09e-04  34,056 tok/s  eta 7.3h
          exits L1:4.232 L3:3.608 L5:3.440 L7:3.427 L9:3.451 L11:3.405
step  24460  loss 3.5539  lr 1.09e-04  34,057 tok/s  eta 7.3h
          exits L1:4.162 L3:3.544 L5:3.414 L7:3.336 L9:3.444 L11:3.354
step  24480  loss 3.5493  lr 1.09e-04  34,057 tok/s  eta 7.3h
          exits L1:4.093 L3:3.539 L5:3.457 L7:3.418 L9:3.336 L11:3.345
  eval  loss 3.7958  exits L1:4.125 L3:3.554 L11:3.354
step  24500  loss 3.5749  lr 1.08e-04  34,050 tok/s  eta 7.3h
          exits L1:4.111 L3:3.564 L5:3.488 L7:3.522 L9:3.293 L11:3.381
step  24520  loss 3.5665  lr 1.08e-04  34,049 tok/s  eta 7.3h
          exits L1:4.182 L3:3.585 L5:3.446 L7:3.326 L9:3.390 L11:3.355
step  24540  loss 3.5420  lr 1.08e-04  34,050 tok/s  eta 7.3h
          exits L1:4.176 L3:3.534 L5:3.426 L7:3.370 L9:3.315 L11:3.322
step  24560  loss 3.5034  lr 1.08e-04  34,050 tok/s  eta 7.3h
          exits L1:4.108 L3:3.527 L5:3.408 L7:3.329 L9:3.244 L11:3.287
step  24580  loss 3.5373  lr 1.08e-04  34,050 tok/s  eta 7.3h
          exits L1:4.189 L3:3.548 L5:3.343 L7:3.233 L9:3.460 L11:3.325
step  24600  loss 3.5557  lr 1.07e-04  34,051 tok/s  eta 7.2h
          exits L1:4.186 L3:3.531 L5:3.400 L7:3.346 L9:3.440 L11:3.344
step  24620  loss 3.6056  lr 1.07e-04  34,051 tok/s  eta 7.2h
          exits L1:4.212 L3:3.651 L5:3.478 L7:3.345 L9:3.409 L11:3.396
step  24640  loss 3.6329  lr 1.07e-04  34,052 tok/s  eta 7.2h
          exits L1:4.273 L3:3.574 L5:3.497 L7:3.588 L9:3.416 L11:3.419
step  24660  loss 3.5972  lr 1.07e-04  34,052 tok/s  eta 7.2h
          exits L1:4.264 L3:3.608 L5:3.414 L7:3.414 L9:3.372 L11:3.389
step  24680  loss 3.5377  lr 1.07e-04  34,053 tok/s  eta 7.2h
          exits L1:4.078 L3:3.557 L5:3.451 L7:3.406 L9:3.272 L11:3.332
step  24700  loss 3.4984  lr 1.06e-04  34,054 tok/s  eta 7.2h
          exits L1:4.031 L3:3.523 L5:3.422 L7:3.343 L9:3.253 L11:3.292
step  24720  loss 3.5612  lr 1.06e-04  34,053 tok/s  eta 7.2h
          exits L1:4.199 L3:3.622 L5:3.415 L7:3.243 L9:3.389 L11:3.351
step  24740  loss 3.6288  lr 1.06e-04  34,053 tok/s  eta 7.2h
          exits L1:4.227 L3:3.508 L5:3.514 L7:3.602 L9:3.533 L11:3.419
step  24760  loss 3.5218  lr 1.06e-04  34,054 tok/s  eta 7.2h
          exits L1:4.106 L3:3.575 L5:3.405 L7:3.330 L9:3.237 L11:3.313
step  24780  loss 3.5009  lr 1.06e-04  34,055 tok/s  eta 7.1h
          exits L1:4.075 L3:3.535 L5:3.404 L7:3.334 L9:3.239 L11:3.285
step  24800  loss 3.4902  lr 1.05e-04  34,055 tok/s  eta 7.1h
          exits L1:4.101 L3:3.484 L5:3.330 L7:3.333 L9:3.303 L11:3.284
step  24820  loss 3.4990  lr 1.05e-04  34,056 tok/s  eta 7.1h
          exits L1:4.096 L3:3.607 L5:3.336 L7:3.196 L9:3.245 L11:3.293
step  24840  loss 3.4962  lr 1.05e-04  34,055 tok/s  eta 7.1h
          exits L1:4.084 L3:3.494 L5:3.378 L7:3.372 L9:3.256 L11:3.287
step  24860  loss 3.5498  lr 1.05e-04  34,056 tok/s  eta 7.1h
          exits L1:4.160 L3:3.546 L5:3.408 L7:3.466 L9:3.271 L11:3.340
step  24880  loss 3.5468  lr 1.05e-04  34,056 tok/s  eta 7.1h
          exits L1:4.197 L3:3.584 L5:3.360 L7:3.285 L9:3.380 L11:3.336
step  24900  loss 3.5015  lr 1.04e-04  34,057 tok/s  eta 7.1h
          exits L1:4.113 L3:3.499 L5:3.361 L7:3.298 L9:3.344 L11:3.295
step  24920  loss 3.5877  lr 1.04e-04  34,057 tok/s  eta 7.1h
          exits L1:4.266 L3:3.521 L5:3.390 L7:3.448 L9:3.488 L11:3.378
step  24940  loss 3.5448  lr 1.04e-04  34,058 tok/s  eta 7.1h
          exits L1:4.120 L3:3.563 L5:3.427 L7:3.387 L9:3.307 L11:3.339
step  24960  loss 3.5777  lr 1.04e-04  34,058 tok/s  eta 7.0h
          exits L1:4.120 L3:3.515 L5:3.484 L7:3.466 L9:3.449 L11:3.372
step  24980  loss 3.6333  lr 1.04e-04  34,059 tok/s  eta 7.0h
          exits L1:4.183 L3:3.698 L5:3.589 L7:3.427 L9:3.331 L11:3.427
  eval  loss 3.7920  exits L1:4.120 L3:3.551 L11:3.350
  saved /global/scratch/users/iparra/effortless-dev/checkpoints/vr-exits/step-025000.pt
step  25000  loss 3.5813  lr 1.03e-04  34,050 tok/s  eta 7.0h
          exits L1:4.135 L3:3.498 L5:3.488 L7:3.480 L9:3.489 L11:3.375
step  25020  loss 3.4824  lr 1.03e-04  34,051 tok/s  eta 7.0h
          exits L1:4.108 L3:3.480 L5:3.314 L7:3.249 L9:3.349 L11:3.272
step  25040  loss 3.5102  lr 1.03e-04  34,052 tok/s  eta 7.0h
          exits L1:4.118 L3:3.549 L5:3.384 L7:3.281 L9:3.297 L11:3.301
step  25060  loss 3.5920  lr 1.03e-04  34,053 tok/s  eta 7.0h
          exits L1:4.216 L3:3.435 L5:3.435 L7:3.513 L9:3.606 L11:3.380
step  25080  loss 3.5859  lr 1.03e-04  34,053 tok/s  eta 7.0h
          exits L1:4.166 L3:3.641 L5:3.472 L7:3.305 L9:3.390 L11:3.386
step  25100  loss 3.6539  lr 1.02e-04  34,054 tok/s  eta 7.0h
          exits L1:4.175 L3:3.683 L5:3.560 L7:3.560 L9:3.359 L11:3.451
step  25120  loss 3.4933  lr 1.02e-04  34,055 tok/s  eta 7.0h
          exits L1:4.117 L3:3.424 L5:3.339 L7:3.326 L9:3.432 L11:3.284
step  25140  loss 3.5829  lr 1.02e-04  34,053 tok/s  eta 7.0h
          exits L1:4.177 L3:3.630 L5:3.451 L7:3.332 L9:3.395 L11:3.379
step  25160  loss 3.5991  lr 1.02e-04  34,054 tok/s  eta 6.9h
          exits L1:4.201 L3:3.549 L5:3.426 L7:3.489 L9:3.471 L11:3.396
step  25180  loss 3.5915  lr 1.02e-04  34,055 tok/s  eta 6.9h
          exits L1:4.232 L3:3.616 L5:3.413 L7:3.275 L9:3.500 L11:3.385
step  25200  loss 3.5198  lr 1.01e-04  34,055 tok/s  eta 6.9h
          exits L1:4.114 L3:3.532 L5:3.348 L7:3.344 L9:3.336 L11:3.313
step  25220  loss 3.5884  lr 1.01e-04  34,055 tok/s  eta 6.9h
          exits L1:4.167 L3:3.542 L5:3.461 L7:3.532 L9:3.374 L11:3.382
step  25240  loss 3.5887  lr 1.01e-04  34,056 tok/s  eta 6.9h
          exits L1:4.223 L3:3.650 L5:3.425 L7:3.337 L9:3.360 L11:3.383
step  25260  loss 3.6027  lr 1.01e-04  34,057 tok/s  eta 6.9h
          exits L1:4.236 L3:3.606 L5:3.438 L7:3.269 L9:3.569 L11:3.396
step  25280  loss 3.5391  lr 1.01e-04  34,058 tok/s  eta 6.9h
          exits L1:4.199 L3:3.494 L5:3.322 L7:3.238 L9:3.581 L11:3.332
step  25300  loss 3.6050  lr 1.00e-04  34,054 tok/s  eta 6.9h
          exits L1:4.218 L3:3.599 L5:3.489 L7:3.425 L9:3.401 L11:3.395
step  25320  loss 3.5221  lr 1.00e-04  34,055 tok/s  eta 6.9h
          exits L1:4.061 L3:3.436 L5:3.456 L7:3.430 L9:3.427 L11:3.308
step  25340  loss 3.5660  lr 1.00e-04  34,056 tok/s  eta 6.8h
          exits L1:4.171 L3:3.584 L5:3.420 L7:3.342 L9:3.392 L11:3.361
step  25360  loss 3.5261  lr 9.98e-05  34,056 tok/s  eta 6.8h
          exits L1:4.187 L3:3.500 L5:3.349 L7:3.389 L9:3.339 L11:3.317
step  25380  loss 3.4710  lr 9.96e-05  34,057 tok/s  eta 6.8h
          exits L1:4.174 L3:3.589 L5:3.240 L7:3.075 L9:3.274 L11:3.262
step  25400  loss 3.4827  lr 9.94e-05  34,058 tok/s  eta 6.8h
          exits L1:4.062 L3:3.514 L5:3.355 L7:3.239 L9:3.313 L11:3.276
step  25420  loss 3.6167  lr 9.92e-05  34,058 tok/s  eta 6.8h
          exits L1:4.237 L3:3.630 L5:3.459 L7:3.414 L9:3.438 L11:3.412
step  25440  loss 3.5513  lr 9.90e-05  34,059 tok/s  eta 6.8h
          exits L1:4.117 L3:3.557 L5:3.451 L7:3.406 L9:3.338 L11:3.345
step  25460  loss 3.4961  lr 9.89e-05  34,058 tok/s  eta 6.8h
          exits L1:4.143 L3:3.491 L5:3.322 L7:3.341 L9:3.301 L11:3.287
step  25480  loss 3.5076  lr 9.87e-05  34,059 tok/s  eta 6.8h
          exits L1:4.079 L3:3.563 L5:3.399 L7:3.355 L9:3.181 L11:3.293
  eval  loss 3.7856  exits L1:4.111 L3:3.546 L11:3.343
step  25500  loss 3.5887  lr 9.85e-05  34,051 tok/s  eta 6.8h
          exits L1:4.149 L3:3.600 L5:3.492 L7:3.461 L9:3.335 L11:3.386
step  25520  loss 3.5259  lr 9.83e-05  34,052 tok/s  eta 6.8h
          exits L1:4.113 L3:3.578 L5:3.428 L7:3.359 L9:3.226 L11:3.312
step  25540  loss 3.5283  lr 9.81e-05  34,052 tok/s  eta 6.7h
          exits L1:4.124 L3:3.504 L5:3.402 L7:3.316 L9:3.430 L11:3.310
step  25560  loss 3.5698  lr 9.79e-05  34,053 tok/s  eta 6.7h
          exits L1:4.222 L3:3.578 L5:3.389 L7:3.392 L9:3.361 L11:3.355
step  25580  loss 3.4548  lr 9.77e-05  34,054 tok/s  eta 6.7h
          exits L1:3.997 L3:3.391 L5:3.373 L7:3.416 L9:3.259 L11:3.241
step  25600  loss 3.5511  lr 9.75e-05  34,055 tok/s  eta 6.7h
          exits L1:4.170 L3:3.483 L5:3.482 L7:3.454 L9:3.378 L11:3.336
step  25620  loss 3.5134  lr 9.73e-05  34,055 tok/s  eta 6.7h
          exits L1:4.115 L3:3.563 L5:3.390 L7:3.388 L9:3.178 L11:3.308
step  25640  loss 3.4712  lr 9.71e-05  34,055 tok/s  eta 6.7h
          exits L1:4.057 L3:3.490 L5:3.351 L7:3.290 L9:3.245 L11:3.258
step  25660  loss 3.5778  lr 9.69e-05  34,056 tok/s  eta 6.7h
          exits L1:4.200 L3:3.509 L5:3.389 L7:3.471 L9:3.476 L11:3.374
step  25680  loss 3.5449  lr 9.67e-05  34,057 tok/s  eta 6.7h
          exits L1:4.178 L3:3.590 L5:3.409 L7:3.290 L9:3.346 L11:3.336
step  25700  loss 3.5209  lr 9.65e-05  34,058 tok/s  eta 6.7h
          exits L1:4.143 L3:3.420 L5:3.342 L7:3.355 L9:3.527 L11:3.317
step  25720  loss 3.5232  lr 9.63e-05  34,058 tok/s  eta 6.6h
          exits L1:4.161 L3:3.565 L5:3.382 L7:3.285 L9:3.310 L11:3.311
step  25740  loss 3.5293  lr 9.61e-05  34,059 tok/s  eta 6.6h
          exits L1:4.074 L3:3.543 L5:3.437 L7:3.342 L9:3.323 L11:3.322
step  25760  loss 3.5668  lr 9.59e-05  34,059 tok/s  eta 6.6h
          exits L1:4.129 L3:3.642 L5:3.469 L7:3.434 L9:3.200 L11:3.361
step  25780  loss 3.5747  lr 9.57e-05  34,058 tok/s  eta 6.6h
          exits L1:4.107 L3:3.565 L5:3.505 L7:3.380 L9:3.418 L11:3.367
step  25800  loss 3.5155  lr 9.55e-05  34,059 tok/s  eta 6.6h
          exits L1:4.126 L3:3.517 L5:3.390 L7:3.368 L9:3.289 L11:3.303
step  25820  loss 3.5078  lr 9.53e-05  34,055 tok/s  eta 6.6h
          exits L1:4.039 L3:3.524 L5:3.439 L7:3.405 L9:3.216 L11:3.305
step  25840  loss 3.5160  lr 9.52e-05  34,056 tok/s  eta 6.6h
          exits L1:4.159 L3:3.545 L5:3.342 L7:3.392 L9:3.232 L11:3.309
step  25860  loss 3.5014  lr 9.50e-05  34,057 tok/s  eta 6.6h
          exits L1:4.073 L3:3.483 L5:3.397 L7:3.399 L9:3.276 L11:3.296
step  25880  loss 3.5083  lr 9.48e-05  34,057 tok/s  eta 6.6h
          exits L1:4.182 L3:3.474 L5:3.315 L7:3.237 L9:3.481 L11:3.299
step  25900  loss 3.5070  lr 9.46e-05  34,058 tok/s  eta 6.5h
          exits L1:4.084 L3:3.482 L5:3.383 L7:3.328 L9:3.376 L11:3.308
step  25920  loss 3.5419  lr 9.44e-05  34,059 tok/s  eta 6.5h
          exits L1:4.115 L3:3.558 L5:3.416 L7:3.351 L9:3.349 L11:3.335
step  25940  loss 3.6114  lr 9.42e-05  34,059 tok/s  eta 6.5h
          exits L1:4.199 L3:3.621 L5:3.491 L7:3.426 L9:3.411 L11:3.405
step  25960  loss 3.5952  lr 9.40e-05  34,059 tok/s  eta 6.5h
          exits L1:4.173 L3:3.611 L5:3.500 L7:3.504 L9:3.287 L11:3.381
step  25980  loss 3.5024  lr 9.38e-05  34,060 tok/s  eta 6.5h
          exits L1:4.099 L3:3.462 L5:3.369 L7:3.394 L9:3.326 L11:3.300
  eval  loss 3.7810  exits L1:4.109 L3:3.543 L11:3.340
 threshold   mean depth   accuracy      nll    saved
----------------------------------------------------
     0.000    12.00/12      0.3435   3.5441    0.0%
     0.050    11.47/12      0.3434   3.5475    4.4%
     0.100    11.15/12      0.3420   3.5535    7.1%
     0.200    10.03/12      0.3402   3.5776   16.4%
     0.300     7.90/12      0.3279   3.6592   34.2%
     0.500     3.54/12      0.2858   3.9728   70.5%
     0.700     2.02/12      0.2711   4.1654   83.1%
     1.000     2.00/12      0.2711   4.1707   83.3%
  suggested exit_threshold 0.20 -> mean depth 10.03/12, 16.4% of blocks skipped
  saved /global/scratch/users/iparra/effortless-dev/checkpoints/vr-exits/step-026000.pt
step  26000  loss 3.4964  lr 9.36e-05  34,049 tok/s  eta 6.5h
          exits L1:4.139 L3:3.443 L5:3.309 L7:3.333 L9:3.416 L11:3.284
step  26020  loss 3.4816  lr 9.34e-05  34,050 tok/s  eta 6.5h
          exits L1:4.129 L3:3.485 L5:3.320 L7:3.180 L9:3.401 L11:3.269
step  26040  loss 3.5532  lr 9.32e-05  34,051 tok/s  eta 6.5h
          exits L1:4.171 L3:3.654 L5:3.386 L7:3.279 L9:3.279 L11:3.345
step  26060  loss 3.5351  lr 9.30e-05  34,051 tok/s  eta 6.5h
          exits L1:4.177 L3:3.605 L5:3.385 L7:3.277 L9:3.281 L11:3.326
step  26080  loss 3.5275  lr 9.29e-05  34,050 tok/s  eta 6.5h
          exits L1:4.186 L3:3.458 L5:3.351 L7:3.326 L9:3.488 L11:3.319
step  26100  loss 3.5641  lr 9.27e-05  34,050 tok/s  eta 6.4h
          exits L1:4.199 L3:3.612 L5:3.399 L7:3.339 L9:3.351 L11:3.354
step  26120  loss 3.4403  lr 9.25e-05  34,051 tok/s  eta 6.4h
          exits L1:4.024 L3:3.470 L5:3.362 L7:3.344 L9:3.099 L11:3.223
step  26140  loss 3.5018  lr 9.23e-05  34,051 tok/s  eta 6.4h
          exits L1:4.040 L3:3.508 L5:3.435 L7:3.470 L9:3.151 L11:3.290
step  26160  loss 3.5760  lr 9.21e-05  34,052 tok/s  eta 6.4h
          exits L1:4.154 L3:3.619 L5:3.444 L7:3.360 L9:3.367 L11:3.371
step  26180  loss 3.5323  lr 9.19e-05  34,049 tok/s  eta 6.4h
          exits L1:4.192 L3:3.545 L5:3.356 L7:3.260 L9:3.424 L11:3.328
step  26200  loss 3.5047  lr 9.17e-05  34,049 tok/s  eta 6.4h
          exits L1:4.079 L3:3.518 L5:3.398 L7:3.357 L9:3.251 L11:3.298
step  26220  loss 3.5894  lr 9.15e-05  34,050 tok/s  eta 6.4h
          exits L1:4.228 L3:3.640 L5:3.386 L7:3.334 L9:3.411 L11:3.389
step  26240  loss 3.4694  lr 9.13e-05  34,051 tok/s  eta 6.4h
          exits L1:4.037 L3:3.477 L5:3.403 L7:3.363 L9:3.181 L11:3.255
step  26260  loss 3.5394  lr 9.11e-05  34,052 tok/s  eta 6.4h
          exits L1:4.081 L3:3.522 L5:3.441 L7:3.394 L9:3.360 L11:3.333
step  26280  loss 3.5198  lr 9.10e-05  34,052 tok/s  eta 6.3h
          exits L1:4.126 L3:3.542 L5:3.380 L7:3.358 L9:3.281 L11:3.310
step  26300  loss 3.5047  lr 9.08e-05  34,053 tok/s  eta 6.3h
          exits L1:4.035 L3:3.428 L5:3.431 L7:3.445 L9:3.374 L11:3.295
step  26320  loss 3.4975  lr 9.06e-05  34,053 tok/s  eta 6.3h
          exits L1:4.095 L3:3.606 L5:3.395 L7:3.306 L9:3.107 L11:3.287
step  26340  loss 3.4742  lr 9.04e-05  34,053 tok/s  eta 6.3h
          exits L1:3.986 L3:3.525 L5:3.446 L7:3.395 L9:3.073 L11:3.262
step  26360  loss 3.5798  lr 9.02e-05  34,054 tok/s  eta 6.3h
          exits L1:4.170 L3:3.632 L5:3.418 L7:3.232 L9:3.485 L11:3.381
step  26380  loss 3.4908  lr 9.00e-05  34,055 tok/s  eta 6.3h
          exits L1:4.109 L3:3.433 L5:3.341 L7:3.432 L9:3.302 L11:3.283
step  26400  loss 3.4774  lr 8.98e-05  34,054 tok/s  eta 6.3h
          exits L1:4.107 L3:3.451 L5:3.318 L7:3.309 L9:3.348 L11:3.264
step  26420  loss 3.4868  lr 8.96e-05  34,055 tok/s  eta 6.3h
          exits L1:4.103 L3:3.519 L5:3.357 L7:3.296 L9:3.244 L11:3.268
step  26440  loss 3.6083  lr 8.95e-05  34,056 tok/s  eta 6.3h
          exits L1:4.190 L3:3.555 L5:3.534 L7:3.595 L9:3.347 L11:3.396
step  26460  loss 3.5091  lr 8.93e-05  34,056 tok/s  eta 6.2h
          exits L1:4.032 L3:3.473 L5:3.445 L7:3.422 L9:3.293 L11:3.298
step  26480  loss 3.5328  lr 8.91e-05  34,056 tok/s  eta 6.2h
          exits L1:4.178 L3:3.508 L5:3.381 L7:3.230 L9:3.488 L11:3.314
  eval  loss 3.7787  exits L1:4.104 L3:3.540 L11:3.336
step  26500  loss 3.4837  lr 8.89e-05  34,050 tok/s  eta 6.2h
          exits L1:4.125 L3:3.503 L5:3.305 L7:3.264 L9:3.308 L11:3.279
step  26520  loss 3.5332  lr 8.87e-05  34,050 tok/s  eta 6.2h
          exits L1:4.217 L3:3.615 L5:3.294 L7:3.160 L9:3.395 L11:3.332
step  26540  loss 3.5195  lr 8.85e-05  34,051 tok/s  eta 6.2h
          exits L1:4.086 L3:3.569 L5:3.467 L7:3.392 L9:3.170 L11:3.302
step  26560  loss 3.4763  lr 8.83e-05  34,052 tok/s  eta 6.2h
          exits L1:4.026 L3:3.467 L5:3.418 L7:3.501 L9:3.076 L11:3.263
step  26580  loss 3.4689  lr 8.82e-05  34,053 tok/s  eta 6.2h
          exits L1:4.045 L3:3.488 L5:3.359 L7:3.333 L9:3.205 L11:3.256
step  26600  loss 3.4726  lr 8.80e-05  34,053 tok/s  eta 6.2h
          exits L1:4.008 L3:3.439 L5:3.391 L7:3.470 L9:3.191 L11:3.263
step  26620  loss 3.5316  lr 8.78e-05  34,054 tok/s  eta 6.2h
          exits L1:4.032 L3:3.529 L5:3.492 L7:3.417 L9:3.291 L11:3.322
step  26640  loss 3.5764  lr 8.76e-05  34,055 tok/s  eta 6.2h
          exits L1:4.178 L3:3.569 L5:3.451 L7:3.423 L9:3.376 L11:3.366
step  26660  loss 3.4247  lr 8.74e-05  34,055 tok/s  eta 6.1h
          exits L1:4.009 L3:3.437 L5:3.334 L7:3.260 L9:3.187 L11:3.210
step  26680  loss 3.4970  lr 8.72e-05  34,056 tok/s  eta 6.1h
          exits L1:4.023 L3:3.521 L5:3.441 L7:3.326 L9:3.242 L11:3.281
step  26700  loss 3.5484  lr 8.70e-05  34,055 tok/s  eta 6.1h
          exits L1:4.240 L3:3.518 L5:3.324 L7:3.348 L9:3.452 L11:3.336
step  26720  loss 3.6133  lr 8.69e-05  34,055 tok/s  eta 6.1h
          exits L1:4.213 L3:3.556 L5:3.466 L7:3.528 L9:3.462 L11:3.405
step  26740  loss 3.5316  lr 8.67e-05  34,052 tok/s  eta 6.1h
          exits L1:4.045 L3:3.558 L5:3.482 L7:3.384 L9:3.263 L11:3.318
step  26760  loss 3.5344  lr 8.65e-05  34,052 tok/s  eta 6.1h
          exits L1:4.093 L3:3.558 L5:3.403 L7:3.493 L9:3.187 L11:3.331
step  26780  loss 3.4787  lr 8.63e-05  34,053 tok/s  eta 6.1h
          exits L1:4.057 L3:3.448 L5:3.365 L7:3.369 L9:3.287 L11:3.262
step  26800  loss 3.5468  lr 8.61e-05  34,053 tok/s  eta 6.1h
          exits L1:4.158 L3:3.485 L5:3.412 L7:3.426 L9:3.421 L11:3.343
step  26820  loss 3.4619  lr 8.59e-05  34,054 tok/s  eta 6.1h
          exits L1:4.005 L3:3.473 L5:3.358 L7:3.308 L9:3.239 L11:3.255
step  26840  loss 3.4647  lr 8.58e-05  34,055 tok/s  eta 6.0h
          exits L1:4.048 L3:3.467 L5:3.364 L7:3.279 L9:3.270 L11:3.251
step  26860  loss 3.5249  lr 8.56e-05  34,055 tok/s  eta 6.0h
          exits L1:4.042 L3:3.570 L5:3.465 L7:3.410 L9:3.201 L11:3.316
step  26880  loss 3.5600  lr 8.54e-05  34,056 tok/s  eta 6.0h
          exits L1:4.163 L3:3.554 L5:3.385 L7:3.257 L9:3.537 L11:3.351
step  26900  loss 3.3947  lr 8.52e-05  34,057 tok/s  eta 6.0h
          exits L1:4.043 L3:3.506 L5:3.219 L7:3.009 L9:3.194 L11:3.181
step  26920  loss 3.5728  lr 8.50e-05  34,058 tok/s  eta 6.0h
          exits L1:4.192 L3:3.590 L5:3.442 L7:3.312 L9:3.424 L11:3.362
step  26940  loss 3.4245  lr 8.49e-05  34,058 tok/s  eta 6.0h
          exits L1:4.038 L3:3.364 L5:3.286 L7:3.346 L9:3.260 L11:3.205
step  26960  loss 3.5341  lr 8.47e-05  34,059 tok/s  eta 6.0h
          exits L1:4.158 L3:3.546 L5:3.383 L7:3.297 L9:3.372 L11:3.315
step  26980  loss 3.4862  lr 8.45e-05  34,059 tok/s  eta 6.0h
          exits L1:3.992 L3:3.422 L5:3.414 L7:3.511 L9:3.248 L11:3.276
  eval  loss 3.7733  exits L1:4.098 L3:3.537 L11:3.332
  saved /global/scratch/users/iparra/effortless-dev/checkpoints/vr-exits/step-027000.pt
step  27000  loss 3.4634  lr 8.43e-05  34,052 tok/s  eta 6.0h
          exits L1:4.034 L3:3.400 L5:3.390 L7:3.369 L9:3.306 L11:3.246
step  27020  loss 3.4473  lr 8.41e-05  34,050 tok/s  eta 5.9h
          exits L1:3.983 L3:3.456 L5:3.361 L7:3.309 L9:3.209 L11:3.243
step  27040  loss 3.4742  lr 8.40e-05  34,050 tok/s  eta 5.9h
          exits L1:4.087 L3:3.501 L5:3.334 L7:3.345 L9:3.180 L11:3.262
step  27060  loss 3.4358  lr 8.38e-05  34,051 tok/s  eta 5.9h
          exits L1:3.977 L3:3.397 L5:3.334 L7:3.429 L9:3.172 L11:3.226
step  27080  loss 3.5409  lr 8.36e-05  34,051 tok/s  eta 5.9h
          exits L1:4.167 L3:3.526 L5:3.349 L7:3.268 L9:3.503 L11:3.334
step  27100  loss 3.4642  lr 8.34e-05  34,052 tok/s  eta 5.9h
          exits L1:4.040 L3:3.510 L5:3.347 L7:3.248 L9:3.238 L11:3.255
step  27120  loss 3.5207  lr 8.32e-05  34,052 tok/s  eta 5.9h
          exits L1:4.153 L3:3.578 L5:3.363 L7:3.273 L9:3.290 L11:3.313
step  27140  loss 3.4939  lr 8.31e-05  34,053 tok/s  eta 5.9h
          exits L1:4.123 L3:3.462 L5:3.363 L7:3.350 L9:3.321 L11:3.276
step  27160  loss 3.5458  lr 8.29e-05  34,053 tok/s  eta 5.9h
          exits L1:4.054 L3:3.614 L5:3.528 L7:3.428 L9:3.158 L11:3.334
step  27180  loss 3.5815  lr 8.27e-05  34,054 tok/s  eta 5.9h
          exits L1:4.150 L3:3.628 L5:3.464 L7:3.417 L9:3.287 L11:3.378
step  27200  loss 3.4864  lr 8.25e-05  34,055 tok/s  eta 5.9h
          exits L1:4.120 L3:3.504 L5:3.311 L7:3.287 L9:3.289 L11:3.278
step  27220  loss 3.5345  lr 8.23e-05  34,056 tok/s  eta 5.8h
          exits L1:4.086 L3:3.593 L5:3.452 L7:3.337 L9:3.262 L11:3.326
step  27240  loss 3.5048  lr 8.22e-05  34,056 tok/s  eta 5.8h
          exits L1:4.011 L3:3.499 L5:3.430 L7:3.401 L9:3.274 L11:3.303
step  27260  loss 3.5810  lr 8.20e-05  34,057 tok/s  eta 5.8h
          exits L1:4.155 L3:3.657 L5:3.496 L7:3.315 L9:3.317 L11:3.367
step  27280  loss 3.4791  lr 8.18e-05  34,057 tok/s  eta 5.8h
          exits L1:4.133 L3:3.458 L5:3.336 L7:3.313 L9:3.316 L11:3.254
step  27300  loss 3.5532  lr 8.16e-05  34,058 tok/s  eta 5.8h
          exits L1:4.065 L3:3.517 L5:3.483 L7:3.433 L9:3.388 L11:3.342
step  27320  loss 3.5825  lr 8.15e-05  34,059 tok/s  eta 5.8h
          exits L1:4.275 L3:3.636 L5:3.425 L7:3.323 L9:3.354 L11:3.360
step  27340  loss 3.5730  lr 8.13e-05  34,058 tok/s  eta 5.8h
          exits L1:4.139 L3:3.565 L5:3.444 L7:3.410 L9:3.402 L11:3.368
step  27360  loss 3.5212  lr 8.11e-05  34,059 tok/s  eta 5.8h
          exits L1:4.084 L3:3.586 L5:3.399 L7:3.280 L9:3.299 L11:3.320
step  27380  loss 3.4234  lr 8.09e-05  34,059 tok/s  eta 5.8h
          exits L1:4.082 L3:3.422 L5:3.241 L7:3.203 L9:3.285 L11:3.208
step  27400  loss 3.5277  lr 8.07e-05  34,059 tok/s  eta 5.7h
          exits L1:4.210 L3:3.548 L5:3.310 L7:3.191 L9:3.482 L11:3.318
step  27420  loss 3.5424  lr 8.06e-05  34,060 tok/s  eta 5.7h
          exits L1:4.083 L3:3.458 L5:3.439 L7:3.494 L9:3.399 L11:3.338
step  27440  loss 3.4667  lr 8.04e-05  34,060 tok/s  eta 5.7h
          exits L1:4.024 L3:3.523 L5:3.357 L7:3.281 L9:3.197 L11:3.258
step  27460  loss 3.4920  lr 8.02e-05  34,061 tok/s  eta 5.7h
          exits L1:4.213 L3:3.550 L5:3.301 L7:3.229 L9:3.261 L11:3.272
step  27480  loss 3.5023  lr 8.00e-05  34,062 tok/s  eta 5.7h
          exits L1:4.074 L3:3.519 L5:3.375 L7:3.352 L9:3.263 L11:3.298
  eval  loss 3.7696  exits L1:4.093 L3:3.532 L11:3.327
step  27500  loss 3.5306  lr 7.99e-05  34,055 tok/s  eta 5.7h
          exits L1:4.123 L3:3.412 L5:3.438 L7:3.489 L9:3.415 L11:3.316
step  27520  loss 3.5293  lr 7.97e-05  34,056 tok/s  eta 5.7h
          exits L1:4.138 L3:3.547 L5:3.411 L7:3.330 L9:3.308 L11:3.314
step  27540  loss 3.5615  lr 7.95e-05  34,057 tok/s  eta 5.7h
          exits L1:4.138 L3:3.578 L5:3.440 L7:3.361 L9:3.369 L11:3.357
step  27560  loss 3.5053  lr 7.93e-05  34,057 tok/s  eta 5.7h
          exits L1:4.057 L3:3.432 L5:3.416 L7:3.407 L9:3.383 L11:3.293
step  27580  loss 3.5455  lr 7.92e-05  34,058 tok/s  eta 5.6h
          exits L1:4.184 L3:3.485 L5:3.366 L7:3.446 L9:3.400 L11:3.334
step  27600  loss 3.5160  lr 7.90e-05  34,059 tok/s  eta 5.6h
          exits L1:4.113 L3:3.512 L5:3.427 L7:3.367 L9:3.279 L11:3.298
step  27620  loss 3.4680  lr 7.88e-05  34,056 tok/s  eta 5.6h
          exits L1:4.086 L3:3.479 L5:3.306 L7:3.249 L9:3.317 L11:3.265
step  27640  loss 3.6405  lr 7.87e-05  34,055 tok/s  eta 5.6h
          exits L1:4.228 L3:3.668 L5:3.539 L7:3.415 L9:3.433 L11:3.431
step  27660  loss 3.5329  lr 7.85e-05  34,055 tok/s  eta 5.6h
          exits L1:4.142 L3:3.552 L5:3.399 L7:3.384 L9:3.283 L11:3.323
step  27680  loss 3.5589  lr 7.83e-05  34,056 tok/s  eta 5.6h
          exits L1:4.154 L3:3.593 L5:3.431 L7:3.345 L9:3.339 L11:3.346
step  27700  loss 3.5447  lr 7.81e-05  34,056 tok/s  eta 5.6h
          exits L1:4.149 L3:3.590 L5:3.402 L7:3.228 L9:3.409 L11:3.334
step  27720  loss 3.5360  lr 7.80e-05  34,056 tok/s  eta 5.6h
          exits L1:4.180 L3:3.569 L5:3.321 L7:3.290 L9:3.376 L11:3.331
step  27740  loss 3.5140  lr 7.78e-05  34,056 tok/s  eta 5.6h
          exits L1:3.976 L3:3.473 L5:3.470 L7:3.421 L9:3.355 L11:3.314
step  27760  loss 3.4992  lr 7.76e-05  34,057 tok/s  eta 5.6h
          exits L1:4.181 L3:3.459 L5:3.366 L7:3.369 L9:3.298 L11:3.273
step  27780  loss 3.5265  lr 7.74e-05  34,058 tok/s  eta 5.5h
          exits L1:4.094 L3:3.566 L5:3.424 L7:3.314 L9:3.304 L11:3.316
step  27800  loss 3.4892  lr 7.73e-05  34,058 tok/s  eta 5.5h
          exits L1:4.087 L3:3.416 L5:3.347 L7:3.444 L9:3.337 L11:3.282
step  27820  loss 3.4784  lr 7.71e-05  34,059 tok/s  eta 5.5h
          exits L1:4.091 L3:3.410 L5:3.312 L7:3.338 L9:3.392 L11:3.269
step  27840  loss 3.5215  lr 7.69e-05  34,060 tok/s  eta 5.5h
          exits L1:4.011 L3:3.425 L5:3.477 L7:3.484 L9:3.394 L11:3.316
step  27860  loss 3.5706  lr 7.68e-05  34,060 tok/s  eta 5.5h
          exits L1:4.126 L3:3.620 L5:3.440 L7:3.419 L9:3.276 L11:3.370
step  27880  loss 3.5000  lr 7.66e-05  34,061 tok/s  eta 5.5h
          exits L1:4.097 L3:3.528 L5:3.357 L7:3.223 L9:3.364 L11:3.295
step  27900  loss 3.5264  lr 7.64e-05  34,062 tok/s  eta 5.5h
          exits L1:4.145 L3:3.560 L5:3.389 L7:3.313 L9:3.307 L11:3.304
step  27920  loss 3.4938  lr 7.63e-05  34,063 tok/s  eta 5.5h
          exits L1:4.170 L3:3.474 L5:3.269 L7:3.222 L9:3.448 L11:3.280
step  27940  loss 3.4795  lr 7.61e-05  34,063 tok/s  eta 5.5h
          exits L1:4.031 L3:3.544 L5:3.386 L7:3.270 L9:3.205 L11:3.272
step  27960  loss 3.4511  lr 7.59e-05  34,062 tok/s  eta 5.4h
          exits L1:4.085 L3:3.443 L5:3.295 L7:3.146 L9:3.397 L11:3.237
step  27980  loss 3.4454  lr 7.57e-05  34,063 tok/s  eta 5.4h
          exits L1:4.037 L3:3.414 L5:3.288 L7:3.295 L9:3.302 L11:3.238
  eval  loss 3.7693  exits L1:4.090 L3:3.531 L11:3.324
 threshold   mean depth   accuracy      nll    saved
----------------------------------------------------
     0.000    12.00/12      0.3395   3.5269    0.0%
     0.050    11.45/12      0.3392   3.5295    4.6%
     0.100    11.13/12      0.3387   3.5353    7.2%
     0.200     9.96/12      0.3376   3.5649   17.0%
     0.300     7.82/12      0.3276   3.6463   34.9%
     0.500     3.46/12      0.2914   3.9542   71.2%
     0.700     2.02/12      0.2775   4.1476   83.1%
     1.000     2.00/12      0.2772   4.1519   83.3%
  suggested exit_threshold 0.20 -> mean depth 9.96/12, 17.0% of blocks skipped
  saved /global/scratch/users/iparra/effortless-dev/checkpoints/vr-exits/step-028000.pt
step  28000  loss 3.5089  lr 7.56e-05  34,051 tok/s  eta 5.4h
          exits L1:4.181 L3:3.473 L5:3.348 L7:3.291 L9:3.408 L11:3.279
step  28020  loss 3.4871  lr 7.54e-05  34,051 tok/s  eta 5.4h
          exits L1:4.082 L3:3.580 L5:3.329 L7:3.157 L9:3.292 L11:3.284
step  28040  loss 3.4626  lr 7.52e-05  34,052 tok/s  eta 5.4h
          exits L1:4.035 L3:3.498 L5:3.353 L7:3.184 L9:3.312 L11:3.254
step  28060  loss 3.4994  lr 7.51e-05  34,053 tok/s  eta 5.4h
          exits L1:4.080 L3:3.566 L5:3.328 L7:3.241 L9:3.303 L11:3.297
step  28080  loss 3.4903  lr 7.49e-05  34,053 tok/s  eta 5.4h
          exits L1:4.065 L3:3.538 L5:3.382 L7:3.264 L9:3.267 L11:3.280
step  28100  loss 3.5257  lr 7.47e-05  34,054 tok/s  eta 5.4h
          exits L1:4.106 L3:3.608 L5:3.405 L7:3.284 L9:3.249 L11:3.314
step  28120  loss 3.4909  lr 7.46e-05  34,055 tok/s  eta 5.4h
          exits L1:4.118 L3:3.424 L5:3.315 L7:3.383 L9:3.390 L11:3.285
step  28140  loss 3.5083  lr 7.44e-05  34,055 tok/s  eta 5.3h
          exits L1:4.154 L3:3.462 L5:3.310 L7:3.273 L9:3.483 L11:3.295
step  28160  loss 3.5084  lr 7.42e-05  34,053 tok/s  eta 5.3h
          exits L1:4.043 L3:3.545 L5:3.444 L7:3.415 L9:3.157 L11:3.298
step  28180  loss 3.5196  lr 7.41e-05  34,054 tok/s  eta 5.3h
          exits L1:4.163 L3:3.482 L5:3.343 L7:3.301 L9:3.462 L11:3.317
step  28200  loss 3.4755  lr 7.39e-05  34,054 tok/s  eta 5.3h
          exits L1:4.161 L3:3.523 L5:3.264 L7:3.167 L9:3.323 L11:3.266
step  28220  loss 3.5280  lr 7.37e-05  34,055 tok/s  eta 5.3h
          exits L1:4.099 L3:3.591 L5:3.413 L7:3.341 L9:3.240 L11:3.321
step  28240  loss 3.5857  lr 7.36e-05  34,055 tok/s  eta 5.3h
          exits L1:4.252 L3:3.680 L5:3.416 L7:3.203 L9:3.402 L11:3.367
step  28260  loss 3.4598  lr 7.34e-05  34,056 tok/s  eta 5.3h
          exits L1:3.999 L3:3.381 L5:3.356 L7:3.390 L9:3.324 L11:3.245
step  28280  loss 3.5231  lr 7.32e-05  34,055 tok/s  eta 5.3h
          exits L1:4.163 L3:3.546 L5:3.339 L7:3.230 L9:3.429 L11:3.312
step  28300  loss 3.5210  lr 7.31e-05  34,055 tok/s  eta 5.3h
          exits L1:4.145 L3:3.544 L5:3.353 L7:3.306 L9:3.339 L11:3.313
step  28320  loss 3.4723  lr 7.29e-05  34,055 tok/s  eta 5.3h
          exits L1:4.088 L3:3.479 L5:3.339 L7:3.212 L9:3.348 L11:3.257
step  28340  loss 3.4989  lr 7.27e-05  34,055 tok/s  eta 5.2h
          exits L1:3.993 L3:3.525 L5:3.424 L7:3.474 L9:3.136 L11:3.296
step  28360  loss 3.5724  lr 7.26e-05  34,055 tok/s  eta 5.2h
          exits L1:4.218 L3:3.586 L5:3.383 L7:3.322 L9:3.439 L11:3.361
step  28380  loss 3.5555  lr 7.24e-05  34,056 tok/s  eta 5.2h
          exits L1:4.150 L3:3.528 L5:3.435 L7:3.451 L9:3.342 L11:3.344
step  28400  loss 3.4653  lr 7.22e-05  34,057 tok/s  eta 5.2h
          exits L1:4.109 L3:3.366 L5:3.259 L7:3.285 L9:3.482 L11:3.260
step  28420  loss 3.5092  lr 7.21e-05  34,058 tok/s  eta 5.2h
          exits L1:4.128 L3:3.524 L5:3.343 L7:3.331 L9:3.317 L11:3.305
step  28440  loss 3.6019  lr 7.19e-05  34,058 tok/s  eta 5.2h
          exits L1:4.252 L3:3.524 L5:3.454 L7:3.627 L9:3.346 L11:3.387
step  28460  loss 3.5451  lr 7.18e-05  34,059 tok/s  eta 5.2h
          exits L1:4.157 L3:3.604 L5:3.420 L7:3.362 L9:3.245 L11:3.335
step  28480  loss 3.4855  lr 7.16e-05  34,060 tok/s  eta 5.2h
          exits L1:4.056 L3:3.477 L5:3.379 L7:3.418 L9:3.208 L11:3.271
  eval  loss 3.7643  exits L1:4.086 L3:3.527 L11:3.320
step  28500  loss 3.5428  lr 7.14e-05  34,054 tok/s  eta 5.2h
          exits L1:4.214 L3:3.642 L5:3.327 L7:3.210 L9:3.331 L11:3.342
step  28520  loss 3.5702  lr 7.13e-05  34,054 tok/s  eta 5.1h
          exits L1:4.145 L3:3.604 L5:3.438 L7:3.368 L9:3.373 L11:3.371
step  28540  loss 3.4170  lr 7.11e-05  34,055 tok/s  eta 5.1h
          exits L1:4.015 L3:3.383 L5:3.248 L7:3.189 L9:3.364 L11:3.205
step  28560  loss 3.4252  lr 7.09e-05  34,055 tok/s  eta 5.1h
          exits L1:4.098 L3:3.479 L5:3.249 L7:3.121 L9:3.238 L11:3.203
step  28580  loss 3.5114  lr 7.08e-05  34,054 tok/s  eta 5.1h
          exits L1:4.081 L3:3.482 L5:3.412 L7:3.362 L9:3.346 L11:3.297
step  28600  loss 3.4955  lr 7.06e-05  34,055 tok/s  eta 5.1h
          exits L1:4.048 L3:3.499 L5:3.391 L7:3.321 L9:3.302 L11:3.287
step  28620  loss 3.4989  lr 7.05e-05  34,056 tok/s  eta 5.1h
          exits L1:4.169 L3:3.450 L5:3.284 L7:3.262 L9:3.477 L11:3.295
step  28640  loss 3.4903  lr 7.03e-05  34,055 tok/s  eta 5.1h
          exits L1:4.116 L3:3.443 L5:3.323 L7:3.323 L9:3.404 L11:3.283
step  28660  loss 3.4843  lr 7.01e-05  34,055 tok/s  eta 5.1h
          exits L1:4.111 L3:3.509 L5:3.293 L7:3.203 L9:3.360 L11:3.275
step  28680  loss 3.4409  lr 7.00e-05  34,056 tok/s  eta 5.1h
          exits L1:4.094 L3:3.465 L5:3.281 L7:3.204 L9:3.254 L11:3.222
step  28700  loss 3.4153  lr 6.98e-05  34,057 tok/s  eta 5.0h
          exits L1:4.021 L3:3.398 L5:3.283 L7:3.304 L9:3.198 L11:3.204
step  28720  loss 3.4989  lr 6.97e-05  34,057 tok/s  eta 5.0h
          exits L1:4.037 L3:3.585 L5:3.411 L7:3.354 L9:3.135 L11:3.287
step  28740  loss 3.5680  lr 6.95e-05  34,058 tok/s  eta 5.0h
          exits L1:4.162 L3:3.489 L5:3.446 L7:3.446 L9:3.475 L11:3.355
step  28760  loss 3.5590  lr 6.93e-05  34,055 tok/s  eta 5.0h
          exits L1:4.187 L3:3.543 L5:3.412 L7:3.391 L9:3.378 L11:3.345
step  28780  loss 3.5656  lr 6.92e-05  34,056 tok/s  eta 5.0h
          exits L1:4.150 L3:3.634 L5:3.449 L7:3.358 L9:3.286 L11:3.361
step  28800  loss 3.5378  lr 6.90e-05  34,056 tok/s  eta 5.0h
          exits L1:4.190 L3:3.557 L5:3.402 L7:3.292 L9:3.366 L11:3.325
step  28820  loss 3.5324  lr 6.89e-05  34,057 tok/s  eta 5.0h
          exits L1:4.195 L3:3.537 L5:3.361 L7:3.317 L9:3.364 L11:3.320
step  28840  loss 3.3960  lr 6.87e-05  34,058 tok/s  eta 5.0h
          exits L1:4.034 L3:3.455 L5:3.190 L7:3.039 L9:3.287 L11:3.190
step  28860  loss 3.4924  lr 6.86e-05  34,058 tok/s  eta 5.0h
          exits L1:4.134 L3:3.490 L5:3.327 L7:3.289 L9:3.326 L11:3.275
step  28880  loss 3.5715  lr 6.84e-05  34,059 tok/s  eta 5.0h
          exits L1:4.301 L3:3.543 L5:3.300 L7:3.186 L9:3.667 L11:3.367
step  28900  loss 3.4930  lr 6.82e-05  34,058 tok/s  eta 4.9h
          exits L1:4.121 L3:3.512 L5:3.322 L7:3.278 L9:3.295 L11:3.278
step  28920  loss 3.5286  lr 6.81e-05  34,059 tok/s  eta 4.9h
          exits L1:4.067 L3:3.578 L5:3.440 L7:3.352 L9:3.249 L11:3.317
step  28940  loss 3.5348  lr 6.79e-05  34,059 tok/s  eta 4.9h
          exits L1:4.123 L3:3.541 L5:3.409 L7:3.330 L9:3.366 L11:3.328
step  28960  loss 3.5011  lr 6.78e-05  34,058 tok/s  eta 4.9h
          exits L1:4.108 L3:3.492 L5:3.333 L7:3.271 L9:3.407 L11:3.296
step  28980  loss 3.5621  lr 6.76e-05  34,059 tok/s  eta 4.9h
          exits L1:4.102 L3:3.548 L5:3.495 L7:3.404 L9:3.381 L11:3.350
  eval  loss 3.7592  exits L1:4.083 L3:3.524 L11:3.316
  saved /global/scratch/users/iparra/effortless-dev/checkpoints/vr-exits/step-029000.pt
step  29000  loss 3.4565  lr 6.75e-05  34,051 tok/s  eta 4.9h
          exits L1:4.058 L3:3.516 L5:3.332 L7:3.218 L9:3.219 L11:3.249
step  29020  loss 3.5316  lr 6.73e-05  34,052 tok/s  eta 4.9h
          exits L1:4.155 L3:3.621 L5:3.382 L7:3.300 L9:3.233 L11:3.322
step  29040  loss 3.4533  lr 6.71e-05  34,052 tok/s  eta 4.9h
          exits L1:4.074 L3:3.518 L5:3.314 L7:3.122 L9:3.279 L11:3.236
step  29060  loss 3.4588  lr 6.70e-05  34,053 tok/s  eta 4.9h
          exits L1:4.113 L3:3.466 L5:3.276 L7:3.281 L9:3.263 L11:3.246
step  29080  loss 3.3891  lr 6.68e-05  34,054 tok/s  eta 4.8h
          exits L1:3.989 L3:3.329 L5:3.264 L7:3.316 L9:3.202 L11:3.174
step  29100  loss 3.5093  lr 6.67e-05  34,054 tok/s  eta 4.8h
          exits L1:4.215 L3:3.573 L5:3.302 L7:3.185 L9:3.338 L11:3.300
step  29120  loss 3.5169  lr 6.65e-05  34,055 tok/s  eta 4.8h
          exits L1:4.121 L3:3.489 L5:3.377 L7:3.370 L9:3.367 L11:3.300
step  29140  loss 3.5540  lr 6.64e-05  34,055 tok/s  eta 4.8h
          exits L1:4.103 L3:3.591 L5:3.487 L7:3.450 L9:3.232 L11:3.347
step  29160  loss 3.5649  lr 6.62e-05  34,056 tok/s  eta 4.8h
          exits L1:4.161 L3:3.613 L5:3.481 L7:3.463 L9:3.209 L11:3.348
step  29180  loss 3.5311  lr 6.61e-05  34,057 tok/s  eta 4.8h
          exits L1:4.093 L3:3.454 L5:3.409 L7:3.415 L9:3.456 L11:3.325
step  29200  loss 3.4153  lr 6.59e-05  34,056 tok/s  eta 4.8h
          exits L1:4.013 L3:3.462 L5:3.302 L7:3.193 L9:3.155 L11:3.198
step  29220  loss 3.4611  lr 6.58e-05  34,056 tok/s  eta 4.8h
          exits L1:4.063 L3:3.485 L5:3.336 L7:3.322 L9:3.198 L11:3.252
step  29240  loss 3.4930  lr 6.56e-05  34,057 tok/s  eta 4.8h
          exits L1:4.122 L3:3.452 L5:3.297 L7:3.224 L9:3.495 L11:3.287
step  29260  loss 3.5368  lr 6.55e-05  34,057 tok/s  eta 4.7h
          exits L1:4.080 L3:3.599 L5:3.462 L7:3.339 L9:3.227 L11:3.323
step  29280  loss 3.5712  lr 6.53e-05  34,057 tok/s  eta 4.7h
          exits L1:4.206 L3:3.540 L5:3.383 L7:3.339 L9:3.525 L11:3.366
step  29300  loss 3.4826  lr 6.51e-05  34,057 tok/s  eta 4.7h
          exits L1:4.068 L3:3.470 L5:3.376 L7:3.316 L9:3.309 L11:3.267
step  29320  loss 3.5572  lr 6.50e-05  34,058 tok/s  eta 4.7h
          exits L1:4.182 L3:3.540 L5:3.421 L7:3.405 L9:3.353 L11:3.338
step  29340  loss 3.5341  lr 6.48e-05  34,056 tok/s  eta 4.7h
          exits L1:4.144 L3:3.503 L5:3.392 L7:3.420 L9:3.335 L11:3.325
step  29360  loss 3.4592  lr 6.47e-05  34,057 tok/s  eta 4.7h
          exits L1:3.985 L3:3.398 L5:3.370 L7:3.378 L9:3.320 L11:3.253
step  29380  loss 3.5280  lr 6.45e-05  34,058 tok/s  eta 4.7h
          exits L1:4.081 L3:3.503 L5:3.444 L7:3.383 L9:3.351 L11:3.314
step  29400  loss 3.4614  lr 6.44e-05  34,058 tok/s  eta 4.7h
          exits L1:4.099 L3:3.438 L5:3.300 L7:3.213 L9:3.389 L11:3.251
step  29420  loss 3.4684  lr 6.42e-05  34,059 tok/s  eta 4.7h
          exits L1:4.062 L3:3.560 L5:3.379 L7:3.194 L9:3.179 L11:3.251
step  29440  loss 3.5712  lr 6.41e-05  34,060 tok/s  eta 4.7h
          exits L1:4.212 L3:3.648 L5:3.393 L7:3.226 L9:3.418 L11:3.364
step  29460  loss 3.5092  lr 6.39e-05  34,060 tok/s  eta 4.6h
          exits L1:4.133 L3:3.579 L5:3.344 L7:3.206 L9:3.314 L11:3.298
step  29480  loss 3.5158  lr 6.38e-05  34,061 tok/s  eta 4.6h
          exits L1:4.066 L3:3.522 L5:3.407 L7:3.388 L9:3.285 L11:3.307
  eval  loss 3.7581  exits L1:4.081 L3:3.521 L11:3.313
step  29500  loss 3.5012  lr 6.36e-05  34,055 tok/s  eta 4.6h
          exits L1:4.068 L3:3.433 L5:3.415 L7:3.439 L9:3.326 L11:3.285
step  29520  loss 3.5341  lr 6.35e-05  34,053 tok/s  eta 4.6h
          exits L1:4.119 L3:3.564 L5:3.381 L7:3.345 L9:3.325 L11:3.333
step  29540  loss 3.5330  lr 6.33e-05  34,053 tok/s  eta 4.6h
          exits L1:4.017 L3:3.574 L5:3.499 L7:3.403 L9:3.261 L11:3.312
step  29560  loss 3.4960  lr 6.32e-05  34,054 tok/s  eta 4.6h
          exits L1:4.109 L3:3.605 L5:3.346 L7:3.225 L9:3.201 L11:3.290
step  29580  loss 3.5780  lr 6.31e-05  34,055 tok/s  eta 4.6h
          exits L1:4.248 L3:3.673 L5:3.422 L7:3.203 L9:3.372 L11:3.366
step  29600  loss 3.4872  lr 6.29e-05  34,055 tok/s  eta 4.6h
          exits L1:4.075 L3:3.505 L5:3.324 L7:3.263 L9:3.335 L11:3.285
step  29620  loss 3.6164  lr 6.28e-05  34,055 tok/s  eta 4.6h
          exits L1:4.203 L3:3.670 L5:3.499 L7:3.353 L9:3.415 L11:3.413
step  29640  loss 3.4891  lr 6.26e-05  34,052 tok/s  eta 4.5h
          exits L1:4.034 L3:3.442 L5:3.386 L7:3.416 L9:3.299 L11:3.283
step  29660  loss 3.5478  lr 6.25e-05  34,053 tok/s  eta 4.5h
          exits L1:4.296 L3:3.571 L5:3.298 L7:3.229 L9:3.455 L11:3.333
step  29680  loss 3.5197  lr 6.23e-05  34,054 tok/s  eta 4.5h
          exits L1:4.079 L3:3.549 L5:3.427 L7:3.391 L9:3.242 L11:3.309
step  29700  loss 3.4664  lr 6.22e-05  34,054 tok/s  eta 4.5h
          exits L1:4.136 L3:3.548 L5:3.297 L7:3.113 L9:3.288 L11:3.245
step  29720  loss 3.4760  lr 6.20e-05  34,055 tok/s  eta 4.5h
          exits L1:4.031 L3:3.447 L5:3.351 L7:3.321 L9:3.332 L11:3.270
step  29740  loss 3.5000  lr 6.19e-05  34,056 tok/s  eta 4.5h
          exits L1:4.089 L3:3.551 L5:3.354 L7:3.240 L9:3.302 L11:3.291
step  29760  loss 3.5443  lr 6.17e-05  34,056 tok/s  eta 4.5h
          exits L1:4.138 L3:3.665 L5:3.406 L7:3.218 L9:3.277 L11:3.335
step  29780  loss 3.5458  lr 6.16e-05  34,056 tok/s  eta 4.5h
          exits L1:4.120 L3:3.553 L5:3.474 L7:3.391 L9:3.308 L11:3.331
step  29800  loss 3.4909  lr 6.14e-05  34,057 tok/s  eta 4.5h
          exits L1:4.022 L3:3.470 L5:3.411 L7:3.389 L9:3.269 L11:3.276
step  29820  loss 3.5045  lr 6.13e-05  34,058 tok/s  eta 4.5h
          exits L1:4.093 L3:3.496 L5:3.355 L7:3.257 L9:3.418 L11:3.295
step  29840  loss 3.4833  lr 6.12e-05  34,056 tok/s  eta 4.4h
          exits L1:4.027 L3:3.503 L5:3.423 L7:3.269 L9:3.287 L11:3.264
step  29860  loss 3.4972  lr 6.10e-05  34,056 tok/s  eta 4.4h
          exits L1:4.072 L3:3.491 L5:3.420 L7:3.288 L9:3.343 L11:3.282
step  29880  loss 3.4933  lr 6.09e-05  34,057 tok/s  eta 4.4h
          exits L1:4.098 L3:3.458 L5:3.387 L7:3.418 L9:3.270 L11:3.281
step  29900  loss 3.5067  lr 6.07e-05  34,057 tok/s  eta 4.4h
          exits L1:4.074 L3:3.519 L5:3.396 L7:3.331 L9:3.308 L11:3.299
step  29920  loss 3.4796  lr 6.06e-05  34,057 tok/s  eta 4.4h
          exits L1:4.133 L3:3.417 L5:3.308 L7:3.414 L9:3.295 L11:3.266
step  29940  loss 3.4738  lr 6.04e-05  34,057 tok/s  eta 4.4h
          exits L1:4.057 L3:3.484 L5:3.362 L7:3.341 L9:3.229 L11:3.263
step  29960  loss 3.5601  lr 6.03e-05  34,058 tok/s  eta 4.4h
          exits L1:4.051 L3:3.487 L5:3.530 L7:3.482 L9:3.434 L11:3.352
step  29980  loss 3.4938  lr 6.02e-05  34,058 tok/s  eta 4.4h
          exits L1:4.095 L3:3.432 L5:3.391 L7:3.372 L9:3.363 L11:3.273
  eval  loss 3.7560  exits L1:4.077 L3:3.519 L11:3.311
 threshold   mean depth   accuracy      nll    saved
----------------------------------------------------
     0.000    12.00/12      0.3428   3.5187    0.0%
     0.050    11.45/12      0.3427   3.5214    4.6%
     0.100    11.11/12      0.3422   3.5267    7.4%
     0.200     9.96/12      0.3394   3.5554   17.0%
     0.300     7.77/12      0.3278   3.6444   35.3%
     0.500     3.45/12      0.2897   3.9600   71.2%
     0.700     2.03/12      0.2753   4.1482   83.1%
     1.000     2.00/12      0.2749   4.1546   83.3%
  suggested exit_threshold 0.20 -> mean depth 9.96/12, 17.0% of blocks skipped
  saved /global/scratch/users/iparra/effortless-dev/checkpoints/vr-exits/step-030000.pt
step  30000  loss 3.5462  lr 6.00e-05  34,049 tok/s  eta 4.4h
          exits L1:4.135 L3:3.576 L5:3.431 L7:3.336 L9:3.327 L11:3.336
step  30020  loss 3.5236  lr 5.99e-05  34,049 tok/s  eta 4.3h
          exits L1:4.118 L3:3.490 L5:3.380 L7:3.439 L9:3.337 L11:3.318
step  30040  loss 3.4983  lr 5.97e-05  34,050 tok/s  eta 4.3h
          exits L1:4.078 L3:3.537 L5:3.346 L7:3.258 L9:3.332 L11:3.293
step  30060  loss 3.4526  lr 5.96e-05  34,050 tok/s  eta 4.3h
          exits L1:4.031 L3:3.458 L5:3.369 L7:3.380 L9:3.152 L11:3.236
step  30080  loss 3.5089  lr 5.95e-05  34,051 tok/s  eta 4.3h
          exits L1:4.108 L3:3.557 L5:3.387 L7:3.262 L9:3.298 L11:3.297
step  30100  loss 3.5201  lr 5.93e-05  34,052 tok/s  eta 4.3h
          exits L1:4.117 L3:3.537 L5:3.390 L7:3.321 L9:3.314 L11:3.306
step  30120  loss 3.5554  lr 5.92e-05  34,052 tok/s  eta 4.3h
          exits L1:4.103 L3:3.534 L5:3.441 L7:3.409 L9:3.386 L11:3.352
step  30140  loss 3.4629  lr 5.90e-05  34,051 tok/s  eta 4.3h
          exits L1:4.011 L3:3.590 L5:3.367 L7:3.155 L9:3.176 L11:3.252
step  30160  loss 3.5321  lr 5.89e-05  34,052 tok/s  eta 4.3h
          exits L1:4.127 L3:3.536 L5:3.392 L7:3.299 L9:3.406 L11:3.323
step  30180  loss 3.4854  lr 5.88e-05  34,052 tok/s  eta 4.3h
          exits L1:4.014 L3:3.457 L5:3.382 L7:3.374 L9:3.313 L11:3.284
step  30200  loss 3.4608  lr 5.86e-05  34,053 tok/s  eta 4.2h
          exits L1:4.082 L3:3.479 L5:3.307 L7:3.284 L9:3.244 L11:3.253
step  30220  loss 3.4553  lr 5.85e-05  34,052 tok/s  eta 4.2h
          exits L1:4.066 L3:3.457 L5:3.302 L7:3.178 L9:3.368 L11:3.243
step  30240  loss 3.4862  lr 5.83e-05  34,053 tok/s  eta 4.2h
          exits L1:4.043 L3:3.503 L5:3.390 L7:3.340 L9:3.244 L11:3.275
step  30260  loss 3.4824  lr 5.82e-05  34,054 tok/s  eta 4.2h
          exits L1:4.111 L3:3.511 L5:3.291 L7:3.202 L9:3.367 L11:3.276
step  30280  loss 3.5138  lr 5.81e-05  34,054 tok/s  eta 4.2h
          exits L1:4.151 L3:3.526 L5:3.343 L7:3.265 L9:3.386 L11:3.308
step  30300  loss 3.4557  lr 5.79e-05  34,055 tok/s  eta 4.2h
          exits L1:4.124 L3:3.529 L5:3.293 L7:3.277 L9:3.125 L11:3.239
step  30320  loss 3.3824  lr 5.78e-05  34,055 tok/s  eta 4.2h
          exits L1:3.901 L3:3.394 L5:3.346 L7:3.265 L9:3.099 L11:3.166
step  30340  loss 3.5287  lr 5.77e-05  34,052 tok/s  eta 4.2h
          exits L1:4.150 L3:3.553 L5:3.358 L7:3.356 L9:3.302 L11:3.324
step  30360  loss 3.4553  lr 5.75e-05  34,052 tok/s  eta 4.2h
          exits L1:4.114 L3:3.429 L5:3.282 L7:3.234 L9:3.367 L11:3.241
step  30380  loss 3.4856  lr 5.74e-05  34,053 tok/s  eta 4.2h
          exits L1:4.054 L3:3.508 L5:3.356 L7:3.296 L9:3.282 L11:3.270
step  30400  loss 3.4894  lr 5.72e-05  34,053 tok/s  eta 4.1h
          exits L1:4.093 L3:3.588 L5:3.356 L7:3.240 L9:3.189 L11:3.280
step  30420  loss 3.4854  lr 5.71e-05  34,054 tok/s  eta 4.1h
          exits L1:4.204 L3:3.501 L5:3.200 L7:3.227 L9:3.380 L11:3.283
step  30440  loss 3.4978  lr 5.70e-05  34,054 tok/s  eta 4.1h
          exits L1:4.137 L3:3.513 L5:3.311 L7:3.262 L9:3.358 L11:3.290
step  30460  loss 3.4130  lr 5.68e-05  34,054 tok/s  eta 4.1h
          exits L1:4.023 L3:3.410 L5:3.290 L7:3.222 L9:3.225 L11:3.190
step  30480  loss 3.5105  lr 5.67e-05  34,054 tok/s  eta 4.1h
          exits L1:4.084 L3:3.589 L5:3.414 L7:3.314 L9:3.190 L11:3.301
  eval  loss 3.7510  exits L1:4.073 L3:3.515 L11:3.306
step  30500  loss 3.5070  lr 5.66e-05  34,049 tok/s  eta 4.1h
          exits L1:4.053 L3:3.518 L5:3.425 L7:3.402 L9:3.229 L11:3.298
step  30520  loss 3.5103  lr 5.64e-05  34,049 tok/s  eta 4.1h
          exits L1:4.106 L3:3.492 L5:3.376 L7:3.406 L9:3.300 L11:3.305
step  30540  loss 3.4631  lr 5.63e-05  34,049 tok/s  eta 4.1h
          exits L1:4.016 L3:3.516 L5:3.344 L7:3.286 L9:3.196 L11:3.249
step  30560  loss 3.5055  lr 5.62e-05  34,050 tok/s  eta 4.1h
          exits L1:4.180 L3:3.480 L5:3.294 L7:3.265 L9:3.447 L11:3.291
step  30580  loss 3.4692  lr 5.60e-05  34,051 tok/s  eta 4.0h
          exits L1:4.117 L3:3.432 L5:3.284 L7:3.291 L9:3.367 L11:3.257
step  30600  loss 3.4881  lr 5.59e-05  34,051 tok/s  eta 4.0h
          exits L1:4.126 L3:3.517 L5:3.274 L7:3.178 L9:3.412 L11:3.288
step  30620  loss 3.4958  lr 5.58e-05  34,052 tok/s  eta 4.0h
          exits L1:4.080 L3:3.513 L5:3.384 L7:3.390 L9:3.211 L11:3.284
step  30640  loss 3.4403  lr 5.56e-05  34,049 tok/s  eta 4.0h
          exits L1:4.037 L3:3.481 L5:3.272 L7:3.104 L9:3.348 L11:3.233
step  30660  loss 3.4703  lr 5.55e-05  34,049 tok/s  eta 4.0h
          exits L1:4.073 L3:3.533 L5:3.339 L7:3.216 L9:3.230 L11:3.262
step  30680  loss 3.4805  lr 5.54e-05  34,050 tok/s  eta 4.0h
          exits L1:4.087 L3:3.390 L5:3.321 L7:3.373 L9:3.417 L11:3.269
step  30700  loss 3.4030  lr 5.52e-05  34,051 tok/s  eta 4.0h
          exits L1:4.091 L3:3.454 L5:3.175 L7:3.166 L9:3.189 L11:3.189
step  30720  loss 3.4235  lr 5.51e-05  34,051 tok/s  eta 4.0h
          exits L1:3.953 L3:3.416 L5:3.373 L7:3.322 L9:3.153 L11:3.209
step  30740  loss 3.5274  lr 5.50e-05  34,052 tok/s  eta 4.0h
          exits L1:4.063 L3:3.536 L5:3.412 L7:3.382 L9:3.313 L11:3.324
step  30760  loss 3.4717  lr 5.48e-05  34,051 tok/s  eta 3.9h
          exits L1:4.064 L3:3.507 L5:3.355 L7:3.238 L9:3.272 L11:3.258
step  30780  loss 3.5198  lr 5.47e-05  34,051 tok/s  eta 3.9h
          exits L1:4.093 L3:3.529 L5:3.392 L7:3.342 L9:3.336 L11:3.313
step  30800  loss 3.4391  lr 5.46e-05  34,052 tok/s  eta 3.9h
          exits L1:4.022 L3:3.466 L5:3.325 L7:3.320 L9:3.147 L11:3.227
step  30820  loss 3.5186  lr 5.45e-05  34,053 tok/s  eta 3.9h
          exits L1:4.112 L3:3.506 L5:3.398 L7:3.390 L9:3.299 L11:3.302
step  30840  loss 3.5755  lr 5.43e-05  34,053 tok/s  eta 3.9h
          exits L1:4.065 L3:3.597 L5:3.531 L7:3.411 L9:3.353 L11:3.369
step  30860  loss 3.5110  lr 5.42e-05  34,053 tok/s  eta 3.9h
          exits L1:4.198 L3:3.546 L5:3.303 L7:3.208 L9:3.388 L11:3.299
step  30880  loss 3.4947  lr 5.41e-05  34,054 tok/s  eta 3.9h
          exits L1:4.096 L3:3.492 L5:3.333 L7:3.275 L9:3.383 L11:3.291
step  30900  loss 3.5089  lr 5.39e-05  34,055 tok/s  eta 3.9h
          exits L1:4.164 L3:3.438 L5:3.321 L7:3.432 L9:3.368 L11:3.294
step  30920  loss 3.4795  lr 5.38e-05  34,055 tok/s  eta 3.9h
          exits L1:4.120 L3:3.592 L5:3.307 L7:3.136 L9:3.245 L11:3.268
step  30940  loss 3.4878  lr 5.37e-05  34,056 tok/s  eta 3.9h
          exits L1:4.084 L3:3.584 L5:3.360 L7:3.175 L9:3.244 L11:3.270
step  30960  loss 3.4483  lr 5.36e-05  34,053 tok/s  eta 3.8h
          exits L1:4.144 L3:3.524 L5:3.219 L7:3.098 L9:3.288 L11:3.236
step  30980  loss 3.4911  lr 5.34e-05  34,053 tok/s  eta 3.8h
          exits L1:3.997 L3:3.528 L5:3.439 L7:3.316 L9:3.226 L11:3.282
  eval  loss 3.7488  exits L1:4.069 L3:3.514 L11:3.304
  saved /global/scratch/users/iparra/effortless-dev/checkpoints/vr-exits/step-031000.pt
step  31000  loss 3.5249  lr 5.33e-05  34,046 tok/s  eta 3.8h
          exits L1:4.004 L3:3.513 L5:3.497 L7:3.543 L9:3.174 L11:3.312
step  31020  loss 3.4693  lr 5.32e-05  34,047 tok/s  eta 3.8h
          exits L1:4.175 L3:3.471 L5:3.258 L7:3.180 L9:3.393 L11:3.255
step  31040  loss 3.3865  lr 5.31e-05  34,048 tok/s  eta 3.8h
          exits L1:4.027 L3:3.412 L5:3.205 L7:3.152 L9:3.212 L11:3.173
step  31060  loss 3.4710  lr 5.29e-05  34,048 tok/s  eta 3.8h
          exits L1:4.127 L3:3.481 L5:3.282 L7:3.204 L9:3.359 L11:3.258
step  31080  loss 3.5349  lr 5.28e-05  34,047 tok/s  eta 3.8h
          exits L1:4.005 L3:3.526 L5:3.518 L7:3.521 L9:3.218 L11:3.329
step  31100  loss 3.3965  lr 5.27e-05  34,048 tok/s  eta 3.8h
          exits L1:4.018 L3:3.368 L5:3.230 L7:3.282 L9:3.208 L11:3.183
step  31120  loss 3.4641  lr 5.26e-05  34,048 tok/s  eta 3.8h
          exits L1:4.081 L3:3.481 L5:3.344 L7:3.305 L9:3.235 L11:3.253
step  31140  loss 3.5076  lr 5.24e-05  34,049 tok/s  eta 3.7h
          exits L1:4.067 L3:3.536 L5:3.425 L7:3.420 L9:3.171 L11:3.301
step  31160  loss 3.4464  lr 5.23e-05  34,049 tok/s  eta 3.7h
          exits L1:4.169 L3:3.475 L5:3.237 L7:3.157 L9:3.295 L11:3.230
step  31180  loss 3.4488  lr 5.22e-05  34,050 tok/s  eta 3.7h
          exits L1:4.037 L3:3.409 L5:3.326 L7:3.319 L9:3.309 L11:3.235
step  31200  loss 3.5468  lr 5.21e-05  34,050 tok/s  eta 3.7h
          exits L1:4.154 L3:3.560 L5:3.401 L7:3.295 L9:3.405 L11:3.330
step  31220  loss 3.5414  lr 5.19e-05  34,051 tok/s  eta 3.7h
          exits L1:4.078 L3:3.617 L5:3.467 L7:3.399 L9:3.173 L11:3.326
step  31240  loss 3.4665  lr 5.18e-05  34,052 tok/s  eta 3.7h
          exits L1:3.985 L3:3.526 L5:3.392 L7:3.232 L9:3.224 L11:3.258
step  31260  loss 3.4684  lr 5.17e-05  34,052 tok/s  eta 3.7h
          exits L1:4.059 L3:3.490 L5:3.373 L7:3.317 L9:3.202 L11:3.251
step  31280  loss 3.4284  lr 5.16e-05  34,052 tok/s  eta 3.7h
          exits L1:4.062 L3:3.492 L5:3.242 L7:3.117 L9:3.264 L11:3.212
step  31300  loss 3.5491  lr 5.14e-05  34,053 tok/s  eta 3.7h
          exits L1:4.168 L3:3.575 L5:3.368 L7:3.315 L9:3.394 L11:3.346
step  31320  loss 3.4763  lr 5.13e-05  34,052 tok/s  eta 3.6h
          exits L1:4.000 L3:3.487 L5:3.394 L7:3.325 L9:3.263 L11:3.274
step  31340  loss 3.4180  lr 5.12e-05  34,052 tok/s  eta 3.6h
          exits L1:4.034 L3:3.437 L5:3.243 L7:3.197 L9:3.247 L11:3.209
step  31360  loss 3.5747  lr 5.11e-05  34,053 tok/s  eta 3.6h
          exits L1:4.106 L3:3.739 L5:3.485 L7:3.277 L9:3.199 L11:3.371
step  31380  loss 3.4533  lr 5.10e-05  34,053 tok/s  eta 3.6h
          exits L1:4.114 L3:3.569 L5:3.247 L7:3.094 L9:3.241 L11:3.246
step  31400  loss 3.3883  lr 5.08e-05  34,053 tok/s  eta 3.6h
          exits L1:3.985 L3:3.369 L5:3.239 L7:3.209 L9:3.251 L11:3.175
step  31420  loss 3.5772  lr 5.07e-05  34,053 tok/s  eta 3.6h
          exits L1:4.198 L3:3.611 L5:3.394 L7:3.281 L9:3.463 L11:3.371
step  31440  loss 3.4935  lr 5.06e-05  34,054 tok/s  eta 3.6h
          exits L1:4.063 L3:3.473 L5:3.367 L7:3.275 L9:3.397 L11:3.278
step  31460  loss 3.5120  lr 5.05e-05  34,055 tok/s  eta 3.6h
          exits L1:4.199 L3:3.507 L5:3.292 L7:3.275 L9:3.396 L11:3.303
step  31480  loss 3.5183  lr 5.04e-05  34,055 tok/s  eta 3.6h
          exits L1:4.102 L3:3.556 L5:3.391 L7:3.274 L9:3.341 L11:3.310
  eval  loss 3.7442  exits L1:4.065 L3:3.510 L11:3.300
step  31500  loss 3.5191  lr 5.02e-05  34,049 tok/s  eta 3.6h
          exits L1:4.242 L3:3.508 L5:3.302 L7:3.282 L9:3.410 L11:3.306
step  31520  loss 3.4819  lr 5.01e-05  34,050 tok/s  eta 3.5h
          exits L1:3.956 L3:3.527 L5:3.479 L7:3.393 L9:3.114 L11:3.265
step  31540  loss 3.5530  lr 5.00e-05  34,051 tok/s  eta 3.5h
          exits L1:4.176 L3:3.592 L5:3.366 L7:3.362 L9:3.325 L11:3.346
step  31560  loss 3.5050  lr 4.99e-05  34,051 tok/s  eta 3.5h
          exits L1:4.212 L3:3.474 L5:3.282 L7:3.299 L9:3.403 L11:3.290
step  31580  loss 3.4493  lr 4.98e-05  34,051 tok/s  eta 3.5h
          exits L1:4.051 L3:3.430 L5:3.306 L7:3.293 L9:3.300 L11:3.229
step  31600  loss 3.4155  lr 4.97e-05  34,052 tok/s  eta 3.5h
          exits L1:4.135 L3:3.437 L5:3.147 L7:3.217 L9:3.229 L11:3.205
step  31620  loss 3.5219  lr 4.95e-05  34,052 tok/s  eta 3.5h
          exits L1:4.064 L3:3.484 L5:3.420 L7:3.419 L9:3.351 L11:3.314
step  31640  loss 3.5222  lr 4.94e-05  34,052 tok/s  eta 3.5h
          exits L1:4.163 L3:3.514 L5:3.351 L7:3.345 L9:3.358 L11:3.312
step  31660  loss 3.5017  lr 4.93e-05  34,053 tok/s  eta 3.5h
          exits L1:4.007 L3:3.632 L5:3.492 L7:3.309 L9:3.057 L11:3.289
step  31680  loss 3.4419  lr 4.92e-05  34,053 tok/s  eta 3.5h
          exits L1:4.108 L3:3.505 L5:3.235 L7:3.087 L9:3.310 L11:3.227
step  31700  loss 3.5288  lr 4.91e-05  34,052 tok/s  eta 3.4h
          exits L1:4.121 L3:3.592 L5:3.361 L7:3.221 L9:3.379 L11:3.320
step  31720  loss 3.4710  lr 4.90e-05  34,053 tok/s  eta 3.4h
          exits L1:4.077 L3:3.527 L5:3.301 L7:3.251 L9:3.249 L11:3.266
step  31740  loss 3.4679  lr 4.88e-05  34,054 tok/s  eta 3.4h
          exits L1:3.983 L3:3.416 L5:3.390 L7:3.420 L9:3.264 L11:3.260
step  31760  loss 3.5345  lr 4.87e-05  34,054 tok/s  eta 3.4h
          exits L1:4.110 L3:3.639 L5:3.396 L7:3.252 L9:3.281 L11:3.322
step  31780  loss 3.4490  lr 4.86e-05  34,055 tok/s  eta 3.4h
          exits L1:4.028 L3:3.359 L5:3.309 L7:3.252 L9:3.469 L11:3.235
step  31800  loss 3.5192  lr 4.85e-05  34,055 tok/s  eta 3.4h
          exits L1:4.135 L3:3.513 L5:3.363 L7:3.364 L9:3.334 L11:3.314
step  31820  loss 3.5968  lr 4.84e-05  34,055 tok/s  eta 3.4h
          exits L1:4.172 L3:3.659 L5:3.494 L7:3.267 L9:3.442 L11:3.383
step  31840  loss 3.4713  lr 4.83e-05  34,056 tok/s  eta 3.4h
          exits L1:4.088 L3:3.504 L5:3.350 L7:3.305 L9:3.202 L11:3.259
step  31860  loss 3.4354  lr 4.82e-05  34,057 tok/s  eta 3.4h
          exits L1:3.945 L3:3.448 L5:3.400 L7:3.387 L9:3.086 L11:3.220
step  31880  loss 3.5002  lr 4.80e-05  34,057 tok/s  eta 3.3h
          exits L1:4.029 L3:3.524 L5:3.399 L7:3.359 L9:3.258 L11:3.294
step  31900  loss 3.4112  lr 4.79e-05  34,057 tok/s  eta 3.3h
          exits L1:4.054 L3:3.356 L5:3.243 L7:3.310 L9:3.265 L11:3.192
step  31920  loss 3.4737  lr 4.78e-05  34,058 tok/s  eta 3.3h
          exits L1:4.040 L3:3.448 L5:3.397 L7:3.433 L9:3.218 L11:3.239
step  31940  loss 3.4435  lr 4.77e-05  34,059 tok/s  eta 3.3h
          exits L1:3.999 L3:3.425 L5:3.345 L7:3.268 L9:3.292 L11:3.227
step  31960  loss 3.4871  lr 4.76e-05  34,057 tok/s  eta 3.3h
          exits L1:4.059 L3:3.503 L5:3.370 L7:3.320 L9:3.276 L11:3.275
step  31980  loss 3.5030  lr 4.75e-05  34,057 tok/s  eta 3.3h
          exits L1:4.077 L3:3.482 L5:3.378 L7:3.353 L9:3.350 L11:3.299
  eval  loss 3.7433  exits L1:4.062 L3:3.508 L11:3.298
 threshold   mean depth   accuracy      nll    saved
----------------------------------------------------
     0.000    12.00/12      0.3430   3.5080    0.0%
     0.050    11.47/12      0.3430   3.5113    4.5%
     0.100    11.13/12      0.3422   3.5168    7.3%
     0.200     9.99/12      0.3409   3.5454   16.7%
     0.300     7.87/12      0.3309   3.6312   34.4%
     0.500     3.52/12      0.2911   3.9316   70.6%
     0.700     2.03/12      0.2786   4.1326   83.1%
     1.000     2.00/12      0.2784   4.1384   83.3%
  suggested exit_threshold 0.20 -> mean depth 9.99/12, 16.7% of blocks skipped
  saved /global/scratch/users/iparra/effortless-dev/checkpoints/vr-exits/step-032000.pt
step  32000  loss 3.4350  lr 4.74e-05  34,047 tok/s  eta 3.3h
          exits L1:3.985 L3:3.502 L5:3.348 L7:3.232 L9:3.147 L11:3.221
step  32020  loss 3.4923  lr 4.73e-05  34,046 tok/s  eta 3.3h
          exits L1:4.055 L3:3.500 L5:3.411 L7:3.314 L9:3.300 L11:3.275
step  32040  loss 3.5418  lr 4.72e-05  34,047 tok/s  eta 3.3h
          exits L1:4.216 L3:3.550 L5:3.338 L7:3.278 L9:3.421 L11:3.328
step  32060  loss 3.4796  lr 4.70e-05  34,047 tok/s  eta 3.3h
          exits L1:4.050 L3:3.500 L5:3.352 L7:3.427 L9:3.142 L11:3.267
step  32080  loss 3.5110  lr 4.69e-05  34,048 tok/s  eta 3.2h
          exits L1:4.110 L3:3.448 L5:3.374 L7:3.380 L9:3.426 L11:3.303
step  32100  loss 3.4648  lr 4.68e-05  34,049 tok/s  eta 3.2h
          exits L1:4.069 L3:3.372 L5:3.368 L7:3.378 L9:3.341 L11:3.246
step  32120  loss 3.4702  lr 4.67e-05  34,049 tok/s  eta 3.2h
          exits L1:4.040 L3:3.417 L5:3.356 L7:3.421 L9:3.269 L11:3.260
step  32140  loss 3.4948  lr 4.66e-05  34,050 tok/s  eta 3.2h
          exits L1:4.139 L3:3.449 L5:3.334 L7:3.362 L9:3.344 L11:3.283
step  32160  loss 3.4312  lr 4.65e-05  34,050 tok/s  eta 3.2h
          exits L1:4.009 L3:3.486 L5:3.313 L7:3.238 L9:3.161 L11:3.223
step  32180  loss 3.4983  lr 4.64e-05  34,051 tok/s  eta 3.2h
          exits L1:4.118 L3:3.531 L5:3.332 L7:3.266 L9:3.302 L11:3.280
step  32200  loss 3.4685  lr 4.63e-05  34,052 tok/s  eta 3.2h
          exits L1:4.057 L3:3.453 L5:3.370 L7:3.276 L9:3.308 L11:3.253
step  32220  loss 3.4613  lr 4.62e-05  34,052 tok/s  eta 3.2h
          exits L1:4.082 L3:3.542 L5:3.314 L7:3.188 L9:3.214 L11:3.248
step  32240  loss 3.4603  lr 4.61e-05  34,053 tok/s  eta 3.2h
          exits L1:4.097 L3:3.492 L5:3.249 L7:3.225 L9:3.305 L11:3.259
step  32260  loss 3.4482  lr 4.60e-05  34,053 tok/s  eta 3.1h
          exits L1:4.108 L3:3.486 L5:3.271 L7:3.156 L9:3.290 L11:3.235
step  32280  loss 3.3859  lr 4.59e-05  34,054 tok/s  eta 3.1h
          exits L1:3.975 L3:3.441 L5:3.299 L7:3.168 L9:3.103 L11:3.169
step  32300  loss 3.5550  lr 4.58e-05  34,055 tok/s  eta 3.1h
          exits L1:4.123 L3:3.558 L5:3.417 L7:3.409 L9:3.355 L11:3.351
step  32320  loss 3.5022  lr 4.56e-05  34,050 tok/s  eta 3.1h
          exits L1:4.034 L3:3.469 L5:3.442 L7:3.374 L9:3.323 L11:3.287
step  32340  loss 3.4624  lr 4.55e-05  34,050 tok/s  eta 3.1h
          exits L1:4.085 L3:3.475 L5:3.315 L7:3.212 L9:3.330 L11:3.247
step  32360  loss 3.5150  lr 4.54e-05  34,051 tok/s  eta 3.1h
          exits L1:4.044 L3:3.548 L5:3.437 L7:3.332 L9:3.286 L11:3.307
step  32380  loss 3.4758  lr 4.53e-05  34,051 tok/s  eta 3.1h
          exits L1:4.081 L3:3.460 L5:3.330 L7:3.320 L9:3.315 L11:3.267
step  32400  loss 3.4919  lr 4.52e-05  34,052 tok/s  eta 3.1h
          exits L1:4.027 L3:3.440 L5:3.404 L7:3.391 L9:3.345 L11:3.279
step  32420  loss 3.4727  lr 4.51e-05  34,052 tok/s  eta 3.1h
          exits L1:3.948 L3:3.554 L5:3.445 L7:3.316 L9:3.109 L11:3.260
step  32440  loss 3.4933  lr 4.50e-05  34,053 tok/s  eta 3.1h
          exits L1:4.058 L3:3.479 L5:3.363 L7:3.356 L9:3.310 L11:3.288
step  32460  loss 3.5805  lr 4.49e-05  34,054 tok/s  eta 3.0h
          exits L1:4.079 L3:3.610 L5:3.552 L7:3.452 L9:3.283 L11:3.364
step  32480  loss 3.4930  lr 4.48e-05  34,054 tok/s  eta 3.0h
          exits L1:4.117 L3:3.515 L5:3.344 L7:3.281 L9:3.301 L11:3.285
  eval  loss 3.7393  exits L1:4.060 L3:3.505 L11:3.294
step  32500  loss 3.5458  lr 4.47e-05  34,049 tok/s  eta 3.0h
          exits L1:4.102 L3:3.585 L5:3.453 L7:3.477 L9:3.198 L11:3.337
step  32520  loss 3.5296  lr 4.46e-05  34,049 tok/s  eta 3.0h
          exits L1:3.979 L3:3.576 L5:3.503 L7:3.430 L9:3.202 L11:3.319
step  32540  loss 3.4748  lr 4.45e-05  34,050 tok/s  eta 3.0h
          exits L1:4.038 L3:3.538 L5:3.403 L7:3.429 L9:3.031 L11:3.260
step  32560  loss 3.5158  lr 4.44e-05  34,051 tok/s  eta 3.0h
          exits L1:4.149 L3:3.609 L5:3.332 L7:3.258 L9:3.246 L11:3.310
step  32580  loss 3.5277  lr 4.43e-05  34,051 tok/s  eta 3.0h
          exits L1:3.995 L3:3.595 L5:3.514 L7:3.501 L9:3.073 L11:3.320
step  32600  loss 3.4333  lr 4.42e-05  34,052 tok/s  eta 3.0h
          exits L1:3.933 L3:3.368 L5:3.390 L7:3.470 L9:3.163 L11:3.220
step  32620  loss 3.4388  lr 4.41e-05  34,052 tok/s  eta 3.0h
          exits L1:4.074 L3:3.486 L5:3.308 L7:3.166 L9:3.228 L11:3.221
step  32640  loss 3.5080  lr 4.40e-05  34,050 tok/s  eta 2.9h
          exits L1:4.167 L3:3.486 L5:3.280 L7:3.326 L9:3.412 L11:3.300
step  32660  loss 3.5187  lr 4.39e-05  34,050 tok/s  eta 2.9h
          exits L1:4.105 L3:3.540 L5:3.385 L7:3.333 L9:3.320 L11:3.307
step  32680  loss 3.4827  lr 4.38e-05  34,051 tok/s  eta 2.9h
          exits L1:3.922 L3:3.450 L5:3.487 L7:3.467 L9:3.205 L11:3.272
step  32700  loss 3.5155  lr 4.37e-05  34,051 tok/s  eta 2.9h
          exits L1:4.176 L3:3.542 L5:3.319 L7:3.234 L9:3.385 L11:3.301
step  32720  loss 3.4459  lr 4.36e-05  34,052 tok/s  eta 2.9h
          exits L1:4.072 L3:3.501 L5:3.347 L7:3.314 L9:3.086 L11:3.222
step  32740  loss 3.4593  lr 4.35e-05  34,052 tok/s  eta 2.9h
          exits L1:4.021 L3:3.502 L5:3.365 L7:3.265 L9:3.206 L11:3.248
step  32760  loss 3.5268  lr 4.34e-05  34,053 tok/s  eta 2.9h
          exits L1:4.041 L3:3.547 L5:3.445 L7:3.409 L9:3.254 L11:3.311
step  32780  loss 3.4365  lr 4.33e-05  34,054 tok/s  eta 2.9h
          exits L1:4.037 L3:3.455 L5:3.326 L7:3.268 L9:3.190 L11:3.216
step  32800  loss 3.5068  lr 4.32e-05  34,054 tok/s  eta 2.9h
          exits L1:4.056 L3:3.450 L5:3.406 L7:3.470 L9:3.304 L11:3.303
step  32820  loss 3.5016  lr 4.31e-05  34,055 tok/s  eta 2.8h
          exits L1:4.149 L3:3.607 L5:3.298 L7:3.110 L9:3.338 L11:3.294
step  32840  loss 3.4901  lr 4.30e-05  34,055 tok/s  eta 2.8h
          exits L1:4.140 L3:3.465 L5:3.322 L7:3.326 L9:3.332 L11:3.263
step  32860  loss 3.4252  lr 4.29e-05  34,056 tok/s  eta 2.8h
          exits L1:4.107 L3:3.439 L5:3.235 L7:3.195 L9:3.260 L11:3.209
step  32880  loss 3.4692  lr 4.28e-05  34,057 tok/s  eta 2.8h
          exits L1:4.035 L3:3.496 L5:3.370 L7:3.355 L9:3.185 L11:3.254
step  32900  loss 3.4629  lr 4.27e-05  34,057 tok/s  eta 2.8h
          exits L1:4.003 L3:3.516 L5:3.402 L7:3.253 L9:3.192 L11:3.249
step  32920  loss 3.4010  lr 4.26e-05  34,058 tok/s  eta 2.8h
          exits L1:4.003 L3:3.362 L5:3.278 L7:3.297 L9:3.218 L11:3.174
step  32940  loss 3.4618  lr 4.25e-05  34,056 tok/s  eta 2.8h
          exits L1:4.116 L3:3.416 L5:3.280 L7:3.282 L9:3.377 L11:3.251
step  32960  loss 3.4603  lr 4.25e-05  34,054 tok/s  eta 2.8h
          exits L1:4.045 L3:3.523 L5:3.375 L7:3.361 L9:3.066 L11:3.242
step  32980  loss 3.5152  lr 4.24e-05  34,054 tok/s  eta 2.8h
          exits L1:4.014 L3:3.499 L5:3.502 L7:3.492 L9:3.206 L11:3.301
  eval  loss 3.7375  exits L1:4.056 L3:3.504 L11:3.292
  saved /global/scratch/users/iparra/effortless-dev/checkpoints/vr-exits/step-033000.pt
step  33000  loss 3.4980  lr 4.23e-05  34,048 tok/s  eta 2.8h
          exits L1:4.062 L3:3.467 L5:3.363 L7:3.384 L9:3.343 L11:3.293
step  33020  loss 3.5106  lr 4.22e-05  34,048 tok/s  eta 2.7h
          exits L1:4.103 L3:3.496 L5:3.376 L7:3.414 L9:3.286 L11:3.294
step  33040  loss 3.5206  lr 4.21e-05  34,049 tok/s  eta 2.7h
          exits L1:4.092 L3:3.574 L5:3.414 L7:3.311 L9:3.277 L11:3.310
step  33060  loss 3.5058  lr 4.20e-05  34,050 tok/s  eta 2.7h
          exits L1:4.193 L3:3.574 L5:3.338 L7:3.226 L9:3.267 L11:3.285
step  33080  loss 3.4860  lr 4.19e-05  34,050 tok/s  eta 2.7h
          exits L1:4.043 L3:3.510 L5:3.409 L7:3.324 L9:3.209 L11:3.266
step  33100  loss 3.4891  lr 4.18e-05  34,051 tok/s  eta 2.7h
          exits L1:4.118 L3:3.445 L5:3.305 L7:3.349 L9:3.371 L11:3.278
step  33120  loss 3.4745  lr 4.17e-05  34,051 tok/s  eta 2.7h
          exits L1:4.034 L3:3.500 L5:3.367 L7:3.294 L9:3.246 L11:3.264
step  33140  loss 3.5059  lr 4.16e-05  34,052 tok/s  eta 2.7h
          exits L1:4.123 L3:3.543 L5:3.377 L7:3.312 L9:3.263 L11:3.284
step  33160  loss 3.3864  lr 4.15e-05  34,053 tok/s  eta 2.7h
          exits L1:4.065 L3:3.390 L5:3.178 L7:3.162 L9:3.233 L11:3.168
step  33180  loss 3.4900  lr 4.14e-05  34,053 tok/s  eta 2.7h
          exits L1:4.099 L3:3.471 L5:3.328 L7:3.393 L9:3.289 L11:3.274
step  33200  loss 3.4240  lr 4.13e-05  34,054 tok/s  eta 2.6h
          exits L1:4.017 L3:3.425 L5:3.248 L7:3.179 L9:3.319 L11:3.215
step  33220  loss 3.4847  lr 4.13e-05  34,054 tok/s  eta 2.6h
          exits L1:4.094 L3:3.481 L5:3.386 L7:3.340 L9:3.268 L11:3.262
step  33240  loss 3.3961  lr 4.12e-05  34,055 tok/s  eta 2.6h
          exits L1:4.010 L3:3.394 L5:3.250 L7:3.175 L9:3.253 L11:3.184
step  33260  loss 3.4230  lr 4.11e-05  34,053 tok/s  eta 2.6h
          exits L1:4.020 L3:3.336 L5:3.319 L7:3.211 L9:3.432 L11:3.202
step  33280  loss 3.3854  lr 4.10e-05  34,054 tok/s  eta 2.6h
          exits L1:3.943 L3:3.394 L5:3.290 L7:3.197 L9:3.181 L11:3.159
step  33300  loss 3.4557  lr 4.09e-05  34,054 tok/s  eta 2.6h
          exits L1:3.996 L3:3.596 L5:3.379 L7:3.251 L9:3.041 L11:3.241
step  33320  loss 3.4474  lr 4.08e-05  34,052 tok/s  eta 2.6h
          exits L1:4.077 L3:3.521 L5:3.277 L7:3.091 L9:3.308 L11:3.238
step  33340  loss 3.3913  lr 4.07e-05  34,052 tok/s  eta 2.6h
          exits L1:4.016 L3:3.406 L5:3.226 L7:3.279 L9:3.104 L11:3.179
step  33360  loss 3.4395  lr 4.06e-05  34,053 tok/s  eta 2.6h
          exits L1:4.016 L3:3.466 L5:3.327 L7:3.234 L9:3.242 L11:3.227
step  33380  loss 3.4803  lr 4.05e-05  34,053 tok/s  eta 2.5h
          exits L1:4.016 L3:3.438 L5:3.425 L7:3.345 L9:3.323 L11:3.260
step  33400  loss 3.4455  lr 4.05e-05  34,054 tok/s  eta 2.5h
          exits L1:3.995 L3:3.541 L5:3.388 L7:3.271 L9:3.065 L11:3.229
step  33420  loss 3.4689  lr 4.04e-05  34,054 tok/s  eta 2.5h
          exits L1:4.094 L3:3.327 L5:3.367 L7:3.367 L9:3.448 L11:3.230
step  33440  loss 3.5045  lr 4.03e-05  34,055 tok/s  eta 2.5h
          exits L1:4.086 L3:3.537 L5:3.365 L7:3.252 L9:3.345 L11:3.299
step  33460  loss 3.4640  lr 4.02e-05  34,056 tok/s  eta 2.5h
          exits L1:4.081 L3:3.521 L5:3.354 L7:3.242 L9:3.201 L11:3.249
step  33480  loss 3.4441  lr 4.01e-05  34,056 tok/s  eta 2.5h
          exits L1:4.125 L3:3.409 L5:3.212 L7:3.204 L9:3.411 L11:3.227
  eval  loss 3.7347  exits L1:4.054 L3:3.501 L11:3.289
step  33500  loss 3.5926  lr 4.00e-05  34,051 tok/s  eta 2.5h
          exits L1:4.148 L3:3.565 L5:3.478 L7:3.541 L9:3.366 L11:3.385
step  33520  loss 3.4836  lr 3.99e-05  34,052 tok/s  eta 2.5h
          exits L1:4.063 L3:3.476 L5:3.406 L7:3.331 L9:3.268 L11:3.267
step  33540  loss 3.3725  lr 3.99e-05  34,052 tok/s  eta 2.5h
          exits L1:4.046 L3:3.410 L5:3.189 L7:3.186 L9:3.115 L11:3.153
step  33560  loss 3.5298  lr 3.98e-05  34,053 tok/s  eta 2.5h
          exits L1:4.072 L3:3.509 L5:3.414 L7:3.434 L9:3.322 L11:3.325
step  33580  loss 3.4875  lr 3.97e-05  34,051 tok/s  eta 2.4h
          exits L1:4.018 L3:3.599 L5:3.414 L7:3.322 L9:3.076 L11:3.277
step  33600  loss 3.5140  lr 3.96e-05  34,051 tok/s  eta 2.4h
          exits L1:4.153 L3:3.548 L5:3.331 L7:3.237 L9:3.362 L11:3.302
step  33620  loss 3.4882  lr 3.95e-05  34,052 tok/s  eta 2.4h
          exits L1:4.043 L3:3.542 L5:3.384 L7:3.236 L9:3.283 L11:3.282
step  33640  loss 3.5228  lr 3.94e-05  34,052 tok/s  eta 2.4h
          exits L1:4.085 L3:3.574 L5:3.458 L7:3.379 L9:3.201 L11:3.308
step  33660  loss 3.5105  lr 3.94e-05  34,053 tok/s  eta 2.4h
          exits L1:4.164 L3:3.533 L5:3.337 L7:3.321 L9:3.303 L11:3.298
step  33680  loss 3.5068  lr 3.93e-05  34,053 tok/s  eta 2.4h
          exits L1:4.135 L3:3.526 L5:3.330 L7:3.210 L9:3.407 L11:3.302
step  33700  loss 3.5124  lr 3.92e-05  34,054 tok/s  eta 2.4h
          exits L1:4.173 L3:3.499 L5:3.339 L7:3.226 L9:3.457 L11:3.300
step  33720  loss 3.3928  lr 3.91e-05  34,054 tok/s  eta 2.4h
          exits L1:3.996 L3:3.334 L5:3.238 L7:3.243 L9:3.300 L11:3.176
step  33740  loss 3.5263  lr 3.90e-05  34,055 tok/s  eta 2.4h
          exits L1:4.033 L3:3.571 L5:3.456 L7:3.376 L9:3.244 L11:3.319
step  33760  loss 3.4857  lr 3.89e-05  34,055 tok/s  eta 2.3h
          exits L1:4.081 L3:3.433 L5:3.326 L7:3.454 L9:3.282 L11:3.268
step  33780  loss 3.4104  lr 3.89e-05  34,056 tok/s  eta 2.3h
          exits L1:3.945 L3:3.381 L5:3.328 L7:3.285 L9:3.250 L11:3.198
step  33800  loss 3.4741  lr 3.88e-05  34,056 tok/s  eta 2.3h
          exits L1:4.173 L3:3.532 L5:3.241 L7:3.090 L9:3.388 L11:3.259
step  33820  loss 3.5437  lr 3.87e-05  34,057 tok/s  eta 2.3h
          exits L1:4.096 L3:3.535 L5:3.437 L7:3.376 L9:3.389 L11:3.336
step  33840  loss 3.3932  lr 3.86e-05  34,058 tok/s  eta 2.3h
          exits L1:4.020 L3:3.412 L5:3.223 L7:3.293 L9:3.107 L11:3.177
step  33860  loss 3.4124  lr 3.85e-05  34,058 tok/s  eta 2.3h
          exits L1:3.971 L3:3.478 L5:3.284 L7:3.173 L9:3.171 L11:3.202
step  33880  loss 3.3970  lr 3.85e-05  34,058 tok/s  eta 2.3h
          exits L1:4.050 L3:3.422 L5:3.224 L7:3.145 L9:3.230 L11:3.179
step  33900  loss 3.4515  lr 3.84e-05  34,056 tok/s  eta 2.3h
          exits L1:4.018 L3:3.529 L5:3.290 L7:3.204 L9:3.212 L11:3.252
step  33920  loss 3.5302  lr 3.83e-05  34,057 tok/s  eta 2.3h
          exits L1:4.116 L3:3.504 L5:3.389 L7:3.426 L9:3.335 L11:3.317
step  33940  loss 3.4910  lr 3.82e-05  34,057 tok/s  eta 2.2h
          exits L1:4.048 L3:3.584 L5:3.388 L7:3.176 L9:3.279 L11:3.283
step  33960  loss 3.5808  lr 3.82e-05  34,058 tok/s  eta 2.2h
          exits L1:4.250 L3:3.617 L5:3.372 L7:3.373 L9:3.376 L11:3.369
step  33980  loss 3.3681  lr 3.81e-05  34,058 tok/s  eta 2.2h
          exits L1:3.949 L3:3.419 L5:3.240 L7:3.075 L9:3.211 L11:3.154
  eval  loss 3.7345  exits L1:4.052 L3:3.500 L11:3.288
 threshold   mean depth   accuracy      nll    saved
----------------------------------------------------
     0.000    12.00/12      0.3478   3.4935    0.0%
     0.050    11.45/12      0.3475   3.4970    4.6%
     0.100    11.11/12      0.3474   3.5030    7.5%
     0.200     9.96/12      0.3447   3.5346   17.0%
     0.300     7.77/12      0.3322   3.6269   35.2%
     0.500     3.50/12      0.2930   3.9331   70.9%
     0.700     2.03/12      0.2781   4.1320   83.1%
     1.000     2.00/12      0.2778   4.1376   83.3%
  suggested exit_threshold 0.20 -> mean depth 9.96/12, 17.0% of blocks skipped
  saved /global/scratch/users/iparra/effortless-dev/checkpoints/vr-exits/step-034000.pt
step  34000  loss 3.5109  lr 3.80e-05  34,051 tok/s  eta 2.2h
          exits L1:4.162 L3:3.621 L5:3.327 L7:3.133 L9:3.317 L11:3.289
step  34020  loss 3.4687  lr 3.79e-05  34,051 tok/s  eta 2.2h
          exits L1:4.045 L3:3.503 L5:3.327 L7:3.313 L9:3.220 L11:3.263
step  34040  loss 3.4542  lr 3.79e-05  34,052 tok/s  eta 2.2h
          exits L1:4.024 L3:3.593 L5:3.348 L7:3.197 L9:3.097 L11:3.222
step  34060  loss 3.4956  lr 3.78e-05  34,052 tok/s  eta 2.2h
          exits L1:4.010 L3:3.578 L5:3.431 L7:3.373 L9:3.118 L11:3.283
step  34080  loss 3.5161  lr 3.77e-05  34,052 tok/s  eta 2.2h
          exits L1:4.069 L3:3.505 L5:3.431 L7:3.478 L9:3.218 L11:3.306
step  34100  loss 3.4929  lr 3.76e-05  34,053 tok/s  eta 2.2h
          exits L1:4.049 L3:3.479 L5:3.388 L7:3.300 L9:3.353 L11:3.279
step  34120  loss 3.4268  lr 3.76e-05  34,053 tok/s  eta 2.2h
          exits L1:4.026 L3:3.457 L5:3.292 L7:3.189 L9:3.232 L11:3.210
step  34140  loss 3.5544  lr 3.75e-05  34,054 tok/s  eta 2.1h
          exits L1:4.133 L3:3.612 L5:3.448 L7:3.466 L9:3.192 L11:3.344
step  34160  loss 3.4268  lr 3.74e-05  34,055 tok/s  eta 2.1h
          exits L1:4.088 L3:3.445 L5:3.253 L7:3.212 L9:3.231 L11:3.209
step  34180  loss 3.4140  lr 3.73e-05  34,055 tok/s  eta 2.1h
          exits L1:3.991 L3:3.391 L5:3.294 L7:3.233 L9:3.276 L11:3.199
step  34200  loss 3.4099  lr 3.73e-05  34,049 tok/s  eta 2.1h
          exits L1:4.046 L3:3.349 L5:3.246 L7:3.322 L9:3.258 L11:3.191
step  34220  loss 3.3863  lr 3.72e-05  34,050 tok/s  eta 2.1h
          exits L1:3.908 L3:3.392 L5:3.307 L7:3.269 L9:3.146 L11:3.171
step  34240  loss 3.5217  lr 3.71e-05  34,050 tok/s  eta 2.1h
          exits L1:4.095 L3:3.482 L5:3.406 L7:3.315 L9:3.454 L11:3.309
step  34260  loss 3.4729  lr 3.70e-05  34,051 tok/s  eta 2.1h
          exits L1:3.984 L3:3.456 L5:3.429 L7:3.453 L9:3.168 L11:3.259
step  34280  loss 3.4305  lr 3.70e-05  34,052 tok/s  eta 2.1h
          exits L1:4.004 L3:3.486 L5:3.320 L7:3.241 L9:3.151 L11:3.214
step  34300  loss 3.5104  lr 3.69e-05  34,052 tok/s  eta 2.1h
          exits L1:4.181 L3:3.531 L5:3.295 L7:3.242 L9:3.374 L11:3.298
step  34320  loss 3.4531  lr 3.68e-05  34,052 tok/s  eta 2.0h
          exits L1:4.015 L3:3.380 L5:3.356 L7:3.397 L9:3.300 L11:3.236
step  34340  loss 3.4686  lr 3.68e-05  34,053 tok/s  eta 2.0h
          exits L1:4.073 L3:3.482 L5:3.351 L7:3.166 L9:3.367 L11:3.250
step  34360  loss 3.4245  lr 3.67e-05  34,053 tok/s  eta 2.0h
          exits L1:4.043 L3:3.344 L5:3.271 L7:3.325 L9:3.324 L11:3.212
step  34380  loss 3.4607  lr 3.66e-05  34,053 tok/s  eta 2.0h
          exits L1:4.051 L3:3.612 L5:3.368 L7:3.215 L9:3.045 L11:3.244
step  34400  loss 3.4180  lr 3.65e-05  34,054 tok/s  eta 2.0h
          exits L1:4.043 L3:3.394 L5:3.317 L7:3.290 L9:3.175 L11:3.191
step  34420  loss 3.3920  lr 3.65e-05  34,054 tok/s  eta 2.0h
          exits L1:4.038 L3:3.424 L5:3.202 L7:3.084 L9:3.294 L11:3.176
step  34440  loss 3.5261  lr 3.64e-05  34,055 tok/s  eta 2.0h
          exits L1:4.192 L3:3.486 L5:3.310 L7:3.264 L9:3.524 L11:3.313
step  34460  loss 3.5131  lr 3.63e-05  34,055 tok/s  eta 2.0h
          exits L1:4.049 L3:3.457 L5:3.383 L7:3.316 L9:3.494 L11:3.304
step  34480  loss 3.3845  lr 3.63e-05  34,056 tok/s  eta 2.0h
          exits L1:3.972 L3:3.363 L5:3.251 L7:3.173 L9:3.310 L11:3.160
  eval  loss 3.7319  exits L1:4.050 L3:3.497 L11:3.285
step  34500  loss 3.4689  lr 3.62e-05  34,051 tok/s  eta 1.9h
          exits L1:4.031 L3:3.452 L5:3.326 L7:3.329 L9:3.308 L11:3.263
step  34520  loss 3.4509  lr 3.61e-05  34,048 tok/s  eta 1.9h
          exits L1:4.050 L3:3.469 L5:3.303 L7:3.211 L9:3.298 L11:3.236
step  34540  loss 3.5172  lr 3.61e-05  34,048 tok/s  eta 1.9h
          exits L1:4.063 L3:3.524 L5:3.408 L7:3.361 L9:3.316 L11:3.310
step  34560  loss 3.4328  lr 3.60e-05  34,049 tok/s  eta 1.9h
          exits L1:3.968 L3:3.458 L5:3.353 L7:3.383 L9:3.079 L11:3.220
step  34580  loss 3.5009  lr 3.59e-05  34,050 tok/s  eta 1.9h
          exits L1:4.079 L3:3.501 L5:3.381 L7:3.385 L9:3.269 L11:3.291
step  34600  loss 3.4311  lr 3.59e-05  34,050 tok/s  eta 1.9h
          exits L1:3.999 L3:3.450 L5:3.316 L7:3.254 L9:3.205 L11:3.215
step  34620  loss 3.4057  lr 3.58e-05  34,051 tok/s  eta 1.9h
          exits L1:3.959 L3:3.463 L5:3.284 L7:3.235 L9:3.125 L11:3.197
step  34640  loss 3.4986  lr 3.57e-05  34,051 tok/s  eta 1.9h
          exits L1:4.173 L3:3.534 L5:3.283 L7:3.143 L9:3.422 L11:3.290
step  34660  loss 3.4232  lr 3.57e-05  34,051 tok/s  eta 1.9h
          exits L1:3.974 L3:3.333 L5:3.339 L7:3.356 L9:3.293 L11:3.209
step  34680  loss 3.4861  lr 3.56e-05  34,051 tok/s  eta 1.9h
          exits L1:4.052 L3:3.529 L5:3.369 L7:3.344 L9:3.208 L11:3.277
step  34700  loss 3.4937  lr 3.55e-05  34,052 tok/s  eta 1.8h
          exits L1:4.056 L3:3.522 L5:3.357 L7:3.382 L9:3.212 L11:3.285
step  34720  loss 3.4991  lr 3.55e-05  34,052 tok/s  eta 1.8h
          exits L1:4.181 L3:3.442 L5:3.276 L7:3.285 L9:3.475 L11:3.285
step  34740  loss 3.4345  lr 3.54e-05  34,053 tok/s  eta 1.8h
          exits L1:3.983 L3:3.373 L5:3.338 L7:3.378 L9:3.259 L11:3.224
step  34760  loss 3.4661  lr 3.54e-05  34,053 tok/s  eta 1.8h
          exits L1:4.076 L3:3.492 L5:3.325 L7:3.252 L9:3.281 L11:3.252
step  34780  loss 3.4387  lr 3.53e-05  34,054 tok/s  eta 1.8h
          exits L1:4.128 L3:3.360 L5:3.205 L7:3.221 L9:3.460 L11:3.225
step  34800  loss 3.5056  lr 3.52e-05  34,054 tok/s  eta 1.8h
          exits L1:4.014 L3:3.469 L5:3.428 L7:3.436 L9:3.301 L11:3.294
step  34820  loss 3.4859  lr 3.52e-05  34,055 tok/s  eta 1.8h
          exits L1:4.118 L3:3.403 L5:3.307 L7:3.367 L9:3.423 L11:3.280
step  34840  loss 3.5240  lr 3.51e-05  34,053 tok/s  eta 1.8h
          exits L1:4.123 L3:3.543 L5:3.368 L7:3.328 L9:3.335 L11:3.319
step  34860  loss 3.4398  lr 3.50e-05  34,054 tok/s  eta 1.8h
          exits L1:4.057 L3:3.555 L5:3.278 L7:3.109 L9:3.181 L11:3.230
step  34880  loss 3.5001  lr 3.50e-05  34,054 tok/s  eta 1.7h
          exits L1:4.102 L3:3.513 L5:3.353 L7:3.325 L9:3.307 L11:3.285
step  34900  loss 3.4503  lr 3.49e-05  34,055 tok/s  eta 1.7h
          exits L1:4.055 L3:3.549 L5:3.326 L7:3.180 L9:3.151 L11:3.226
step  34920  loss 3.4285  lr 3.49e-05  34,055 tok/s  eta 1.7h
          exits L1:4.038 L3:3.393 L5:3.265 L7:3.272 L9:3.303 L11:3.217
step  34940  loss 3.4958  lr 3.48e-05  34,056 tok/s  eta 1.7h
          exits L1:4.158 L3:3.564 L5:3.252 L7:3.111 L9:3.423 L11:3.286
step  34960  loss 3.4875  lr 3.47e-05  34,056 tok/s  eta 1.7h
          exits L1:3.930 L3:3.515 L5:3.507 L7:3.387 L9:3.169 L11:3.277
step  34980  loss 3.5034  lr 3.47e-05  34,056 tok/s  eta 1.7h
          exits L1:4.106 L3:3.482 L5:3.394 L7:3.373 L9:3.296 L11:3.287
  eval  loss 3.7306  exits L1:4.047 L3:3.496 L11:3.284
  saved /global/scratch/users/iparra/effortless-dev/checkpoints/vr-exits/step-035000.pt
step  35000  loss 3.4042  lr 3.46e-05  34,050 tok/s  eta 1.7h
          exits L1:4.064 L3:3.391 L5:3.194 L7:3.130 L9:3.361 L11:3.194
step  35020  loss 3.5548  lr 3.46e-05  34,050 tok/s  eta 1.7h
          exits L1:4.185 L3:3.581 L5:3.399 L7:3.337 L9:3.366 L11:3.340
step  35040  loss 3.5281  lr 3.45e-05  34,051 tok/s  eta 1.7h
          exits L1:4.087 L3:3.498 L5:3.388 L7:3.322 L9:3.451 L11:3.316
step  35060  loss 3.5319  lr 3.45e-05  34,051 tok/s  eta 1.6h
          exits L1:4.047 L3:3.571 L5:3.462 L7:3.414 L9:3.235 L11:3.321
step  35080  loss 3.4324  lr 3.44e-05  34,052 tok/s  eta 1.6h
          exits L1:4.062 L3:3.390 L5:3.277 L7:3.177 L9:3.395 L11:3.209
step  35100  loss 3.4642  lr 3.43e-05  34,052 tok/s  eta 1.6h
          exits L1:4.048 L3:3.444 L5:3.346 L7:3.346 L9:3.265 L11:3.254
step  35120  loss 3.3980  lr 3.43e-05  34,053 tok/s  eta 1.6h
          exits L1:4.014 L3:3.441 L5:3.226 L7:3.013 L9:3.333 L11:3.182
step  35140  loss 3.4317  lr 3.42e-05  34,052 tok/s  eta 1.6h
          exits L1:3.982 L3:3.448 L5:3.319 L7:3.258 L9:3.238 L11:3.218
step  35160  loss 3.4794  lr 3.42e-05  34,052 tok/s  eta 1.6h
          exits L1:4.073 L3:3.495 L5:3.340 L7:3.215 L9:3.358 L11:3.268
step  35180  loss 3.4753  lr 3.41e-05  34,052 tok/s  eta 1.6h
          exits L1:4.096 L3:3.583 L5:3.292 L7:3.074 L9:3.317 L11:3.266
step  35200  loss 3.4446  lr 3.41e-05  34,053 tok/s  eta 1.6h
          exits L1:4.076 L3:3.499 L5:3.320 L7:3.241 L9:3.174 L11:3.222
step  35220  loss 3.5767  lr 3.40e-05  34,053 tok/s  eta 1.6h
          exits L1:4.190 L3:3.576 L5:3.393 L7:3.307 L9:3.510 L11:3.370
step  35240  loss 3.3842  lr 3.40e-05  34,054 tok/s  eta 1.6h
          exits L1:3.885 L3:3.324 L5:3.337 L7:3.415 L9:3.112 L11:3.174
step  35260  loss 3.5329  lr 3.39e-05  34,055 tok/s  eta 1.5h
          exits L1:4.106 L3:3.574 L5:3.407 L7:3.305 L9:3.327 L11:3.324
step  35280  loss 3.4362  lr 3.38e-05  34,055 tok/s  eta 1.5h
          exits L1:4.104 L3:3.368 L5:3.252 L7:3.247 L9:3.388 L11:3.213
step  35300  loss 3.4022  lr 3.38e-05  34,056 tok/s  eta 1.5h
          exits L1:3.924 L3:3.325 L5:3.336 L7:3.371 L9:3.214 L11:3.186
step  35320  loss 3.4397  lr 3.37e-05  34,054 tok/s  eta 1.5h
          exits L1:4.016 L3:3.473 L5:3.364 L7:3.358 L9:3.096 L11:3.222
step  35340  loss 3.3542  lr 3.37e-05  34,054 tok/s  eta 1.5h
          exits L1:3.878 L3:3.338 L5:3.281 L7:3.246 L9:3.134 L11:3.140
step  35360  loss 3.4413  lr 3.36e-05  34,055 tok/s  eta 1.5h
          exits L1:4.066 L3:3.507 L5:3.320 L7:3.303 L9:3.091 L11:3.224
step  35380  loss 3.4491  lr 3.36e-05  34,055 tok/s  eta 1.5h
          exits L1:3.987 L3:3.506 L5:3.355 L7:3.306 L9:3.136 L11:3.248
step  35400  loss 3.4766  lr 3.35e-05  34,056 tok/s  eta 1.5h
          exits L1:4.003 L3:3.437 L5:3.432 L7:3.567 L9:3.103 L11:3.257
step  35420  loss 3.4058  lr 3.35e-05  34,056 tok/s  eta 1.5h
          exits L1:4.017 L3:3.431 L5:3.298 L7:3.299 L9:3.082 L11:3.193
step  35440  loss 3.4178  lr 3.34e-05  34,057 tok/s  eta 1.4h
          exits L1:3.905 L3:3.420 L5:3.364 L7:3.295 L9:3.186 L11:3.210
step  35460  loss 3.4283  lr 3.34e-05  34,056 tok/s  eta 1.4h
          exits L1:4.058 L3:3.391 L5:3.258 L7:3.299 L9:3.281 L11:3.209
step  35480  loss 3.4945  lr 3.33e-05  34,055 tok/s  eta 1.4h
          exits L1:4.108 L3:3.521 L5:3.337 L7:3.340 L9:3.241 L11:3.285
  eval  loss 3.7272  exits L1:4.045 L3:3.494 L11:3.282
step  35500  loss 3.5231  lr 3.33e-05  34,050 tok/s  eta 1.4h
          exits L1:4.130 L3:3.522 L5:3.376 L7:3.304 L9:3.397 L11:3.314
step  35520  loss 3.4832  lr 3.32e-05  34,051 tok/s  eta 1.4h
          exits L1:4.069 L3:3.550 L5:3.384 L7:3.273 L9:3.210 L11:3.261
step  35540  loss 3.4460  lr 3.32e-05  34,052 tok/s  eta 1.4h
          exits L1:3.986 L3:3.448 L5:3.369 L7:3.376 L9:3.146 L11:3.232
step  35560  loss 3.5031  lr 3.31e-05  34,052 tok/s  eta 1.4h
          exits L1:4.127 L3:3.510 L5:3.329 L7:3.291 L9:3.358 L11:3.291
step  35580  loss 3.4323  lr 3.31e-05  34,053 tok/s  eta 1.4h
          exits L1:4.056 L3:3.512 L5:3.270 L7:3.234 L9:3.119 L11:3.224
step  35600  loss 3.4118  lr 3.30e-05  34,053 tok/s  eta 1.4h
          exits L1:4.065 L3:3.358 L5:3.197 L7:3.209 L9:3.372 L11:3.201
step  35620  loss 3.4301  lr 3.30e-05  34,054 tok/s  eta 1.4h
          exits L1:4.001 L3:3.390 L5:3.324 L7:3.258 L9:3.310 L11:3.216
step  35640  loss 3.4157  lr 3.29e-05  34,051 tok/s  eta 1.3h
          exits L1:4.041 L3:3.449 L5:3.243 L7:3.090 L9:3.323 L11:3.202
step  35660  loss 3.5368  lr 3.29e-05  34,051 tok/s  eta 1.3h
          exits L1:4.140 L3:3.543 L5:3.380 L7:3.362 L9:3.361 L11:3.328
step  35680  loss 3.4163  lr 3.29e-05  34,052 tok/s  eta 1.3h
          exits L1:3.963 L3:3.456 L5:3.327 L7:3.365 L9:3.043 L11:3.201
step  35700  loss 3.5147  lr 3.28e-05  34,052 tok/s  eta 1.3h
          exits L1:4.107 L3:3.585 L5:3.409 L7:3.316 L9:3.207 L11:3.301
step  35720  loss 3.4344  lr 3.28e-05  34,053 tok/s  eta 1.3h
          exits L1:3.986 L3:3.480 L5:3.357 L7:3.304 L9:3.103 L11:3.212
step  35740  loss 3.4022  lr 3.27e-05  34,053 tok/s  eta 1.3h
          exits L1:3.927 L3:3.408 L5:3.344 L7:3.267 L9:3.163 L11:3.187
step  35760  loss 3.4761  lr 3.27e-05  34,054 tok/s  eta 1.3h
          exits L1:4.035 L3:3.435 L5:3.376 L7:3.449 L9:3.225 L11:3.270
step  35780  loss 3.5451  lr 3.26e-05  34,052 tok/s  eta 1.3h
          exits L1:4.076 L3:3.539 L5:3.461 L7:3.405 L9:3.362 L11:3.337
step  35800  loss 3.5247  lr 3.26e-05  34,052 tok/s  eta 1.3h
          exits L1:4.105 L3:3.534 L5:3.377 L7:3.326 L9:3.363 L11:3.312
step  35820  loss 3.3699  lr 3.25e-05  34,053 tok/s  eta 1.2h
          exits L1:3.954 L3:3.363 L5:3.259 L7:3.233 L9:3.146 L11:3.152
step  35840  loss 3.4569  lr 3.25e-05  34,054 tok/s  eta 1.2h
          exits L1:4.113 L3:3.529 L5:3.247 L7:3.068 L9:3.353 L11:3.249
step  35860  loss 3.4429  lr 3.25e-05  34,054 tok/s  eta 1.2h
          exits L1:4.002 L3:3.471 L5:3.305 L7:3.226 L9:3.262 L11:3.238
step  35880  loss 3.4244  lr 3.24e-05  34,055 tok/s  eta 1.2h
          exits L1:3.990 L3:3.461 L5:3.316 L7:3.261 L9:3.157 L11:3.214
step  35900  loss 3.5446  lr 3.24e-05  34,055 tok/s  eta 1.2h
          exits L1:4.201 L3:3.487 L5:3.360 L7:3.340 L9:3.508 L11:3.328
step  35920  loss 3.4316  lr 3.23e-05  34,056 tok/s  eta 1.2h
          exits L1:3.944 L3:3.441 L5:3.346 L7:3.265 L9:3.240 L11:3.220
step  35940  loss 3.5378  lr 3.23e-05  34,056 tok/s  eta 1.2h
          exits L1:4.089 L3:3.496 L5:3.442 L7:3.479 L9:3.334 L11:3.326
step  35960  loss 3.5066  lr 3.22e-05  34,056 tok/s  eta 1.2h
          exits L1:4.055 L3:3.520 L5:3.406 L7:3.380 L9:3.262 L11:3.295
step  35980  loss 3.4545  lr 3.22e-05  34,056 tok/s  eta 1.2h
          exits L1:4.018 L3:3.473 L5:3.324 L7:3.182 L9:3.341 L11:3.251
  eval  loss 3.7269  exits L1:4.045 L3:3.494 L11:3.281
 threshold   mean depth   accuracy      nll    saved
----------------------------------------------------
     0.000    12.00/12      0.3472   3.4841    0.0%
     0.050    11.45/12      0.3472   3.4870    4.6%
     0.100    11.10/12      0.3474   3.4914    7.5%
     0.200     9.96/12      0.3451   3.5224   17.0%
     0.300     7.78/12      0.3320   3.6154   35.1%
     0.500     3.52/12      0.2914   3.9196   70.7%
     0.700     2.03/12      0.2783   4.1207   83.1%
     1.000     2.00/12      0.2781   4.1257   83.3%
  suggested exit_threshold 0.20 -> mean depth 9.96/12, 17.0% of blocks skipped
  saved /global/scratch/users/iparra/effortless-dev/checkpoints/vr-exits/step-036000.pt
step  36000  loss 3.5102  lr 3.22e-05  34,045 tok/s  eta 1.1h
          exits L1:4.101 L3:3.542 L5:3.387 L7:3.274 L9:3.328 L11:3.302
step  36020  loss 3.4880  lr 3.21e-05  34,046 tok/s  eta 1.1h
          exits L1:4.080 L3:3.487 L5:3.353 L7:3.298 L9:3.333 L11:3.275
step  36040  loss 3.5139  lr 3.21e-05  34,047 tok/s  eta 1.1h
          exits L1:4.159 L3:3.466 L5:3.304 L7:3.295 L9:3.488 L11:3.306
step  36060  loss 3.4968  lr 3.20e-05  34,047 tok/s  eta 1.1h
          exits L1:4.061 L3:3.492 L5:3.367 L7:3.273 L9:3.389 L11:3.295
step  36080  loss 3.4957  lr 3.20e-05  34,046 tok/s  eta 1.1h
          exits L1:4.109 L3:3.497 L5:3.356 L7:3.362 L9:3.278 L11:3.281
step  36100  loss 3.5080  lr 3.20e-05  34,046 tok/s  eta 1.1h
          exits L1:4.189 L3:3.629 L5:3.322 L7:3.145 L9:3.267 L11:3.292
step  36120  loss 3.4750  lr 3.19e-05  34,046 tok/s  eta 1.1h
          exits L1:3.974 L3:3.531 L5:3.433 L7:3.374 L9:3.112 L11:3.257
step  36140  loss 3.4503  lr 3.19e-05  34,047 tok/s  eta 1.1h
          exits L1:4.034 L3:3.467 L5:3.304 L7:3.253 L9:3.266 L11:3.241
step  36160  loss 3.4042  lr 3.19e-05  34,048 tok/s  eta 1.1h
          exits L1:4.071 L3:3.447 L5:3.194 L7:3.054 L9:3.317 L11:3.190
step  36180  loss 3.4433  lr 3.18e-05  34,048 tok/s  eta 1.1h
          exits L1:4.003 L3:3.494 L5:3.332 L7:3.366 L9:3.074 L11:3.237
step  36200  loss 3.4683  lr 3.18e-05  34,049 tok/s  eta 1.0h
          exits L1:4.107 L3:3.449 L5:3.308 L7:3.268 L9:3.337 L11:3.255
step  36220  loss 3.4451  lr 3.17e-05  34,049 tok/s  eta 1.0h
          exits L1:3.973 L3:3.430 L5:3.359 L7:3.342 L9:3.228 L11:3.234
step  36240  loss 3.3907  lr 3.17e-05  34,050 tok/s  eta 1.0h
          exits L1:4.020 L3:3.453 L5:3.209 L7:3.083 L9:3.229 L11:3.177
step  36260  loss 3.5473  lr 3.17e-05  34,050 tok/s  eta 1.0h
          exits L1:4.238 L3:3.572 L5:3.305 L7:3.201 L9:3.505 L11:3.339
step  36280  loss 3.4500  lr 3.16e-05  34,050 tok/s  eta 1.0h
          exits L1:4.056 L3:3.493 L5:3.330 L7:3.164 L9:3.267 L11:3.221
step  36300  loss 3.4605  lr 3.16e-05  34,051 tok/s  eta 1.0h
          exits L1:4.027 L3:3.445 L5:3.356 L7:3.346 L9:3.260 L11:3.239
step  36320  loss 3.5159  lr 3.16e-05  34,051 tok/s  eta 1.0h
          exits L1:4.036 L3:3.527 L5:3.460 L7:3.434 L9:3.222 L11:3.305
step  36340  loss 3.5406  lr 3.15e-05  34,051 tok/s  eta 1.0h
          exits L1:4.121 L3:3.532 L5:3.398 L7:3.382 L9:3.374 L11:3.333
step  36360  loss 3.3689  lr 3.15e-05  34,052 tok/s  eta 1.0h
          exits L1:3.973 L3:3.465 L5:3.255 L7:3.136 L9:3.030 L11:3.146
step  36380  loss 3.5030  lr 3.15e-05  34,052 tok/s  eta 0.9h
          exits L1:4.084 L3:3.512 L5:3.346 L7:3.331 L9:3.323 L11:3.295
step  36400  loss 3.4562  lr 3.14e-05  34,048 tok/s  eta 0.9h
          exits L1:3.960 L3:3.472 L5:3.399 L7:3.379 L9:3.164 L11:3.241
step  36420  loss 3.4952  lr 3.14e-05  34,048 tok/s  eta 0.9h
          exits L1:4.075 L3:3.524 L5:3.384 L7:3.283 L9:3.288 L11:3.281
step  36440  loss 3.5143  lr 3.14e-05  34,049 tok/s  eta 0.9h
          exits L1:4.097 L3:3.539 L5:3.386 L7:3.380 L9:3.257 L11:3.304
step  36460  loss 3.5046  lr 3.13e-05  34,049 tok/s  eta 0.9h
          exits L1:4.096 L3:3.537 L5:3.370 L7:3.263 L9:3.334 L11:3.297
step  36480  loss 3.3785  lr 3.13e-05  34,050 tok/s  eta 0.9h
          exits L1:3.992 L3:3.414 L5:3.255 L7:3.222 L9:3.089 L11:3.161
  eval  loss 3.7252  exits L1:4.044 L3:3.492 L11:3.279
step  36500  loss 3.4871  lr 3.13e-05  34,045 tok/s  eta 0.9h
          exits L1:4.046 L3:3.581 L5:3.349 L7:3.216 L9:3.231 L11:3.281
step  36520  loss 3.5517  lr 3.12e-05  34,046 tok/s  eta 0.9h
          exits L1:4.137 L3:3.613 L5:3.459 L7:3.368 L9:3.219 L11:3.334
step  36540  loss 3.4602  lr 3.12e-05  34,046 tok/s  eta 0.9h
          exits L1:4.068 L3:3.454 L5:3.309 L7:3.232 L9:3.353 L11:3.252
step  36560  loss 3.5319  lr 3.12e-05  34,047 tok/s  eta 0.8h
          exits L1:4.145 L3:3.509 L5:3.417 L7:3.377 L9:3.358 L11:3.309
step  36580  loss 3.4520  lr 3.12e-05  34,047 tok/s  eta 0.8h
          exits L1:4.107 L3:3.492 L5:3.240 L7:3.166 L9:3.315 L11:3.235
step  36600  loss 3.4288  lr 3.11e-05  34,048 tok/s  eta 0.8h
          exits L1:4.095 L3:3.443 L5:3.270 L7:3.224 L9:3.214 L11:3.206
step  36620  loss 3.4336  lr 3.11e-05  34,048 tok/s  eta 0.8h
          exits L1:3.995 L3:3.425 L5:3.332 L7:3.300 L9:3.239 L11:3.222
step  36640  loss 3.4667  lr 3.11e-05  34,049 tok/s  eta 0.8h
          exits L1:4.082 L3:3.512 L5:3.310 L7:3.325 L9:3.148 L11:3.261
step  36660  loss 3.4495  lr 3.10e-05  34,049 tok/s  eta 0.8h
          exits L1:4.018 L3:3.514 L5:3.319 L7:3.237 L9:3.211 L11:3.230
step  36680  loss 3.4609  lr 3.10e-05  34,049 tok/s  eta 0.8h
          exits L1:4.084 L3:3.473 L5:3.326 L7:3.200 L9:3.333 L11:3.239
step  36700  loss 3.4612  lr 3.10e-05  34,048 tok/s  eta 0.8h
          exits L1:4.039 L3:3.454 L5:3.358 L7:3.360 L9:3.227 L11:3.249
step  36720  loss 3.4044  lr 3.10e-05  34,048 tok/s  eta 0.8h
          exits L1:3.906 L3:3.421 L5:3.366 L7:3.285 L9:3.128 L11:3.192
step  36740  loss 3.4594  lr 3.09e-05  34,046 tok/s  eta 0.8h
          exits L1:4.088 L3:3.457 L5:3.304 L7:3.254 L9:3.291 L11:3.243
step  36760  loss 3.4627  lr 3.09e-05  34,046 tok/s  eta 0.7h
          exits L1:4.024 L3:3.370 L5:3.390 L7:3.502 L9:3.234 L11:3.241
step  36780  loss 3.4085  lr 3.09e-05  34,047 tok/s  eta 0.7h
          exits L1:4.035 L3:3.401 L5:3.245 L7:3.222 L9:3.252 L11:3.194
step  36800  loss 3.5082  lr 3.09e-05  34,047 tok/s  eta 0.7h
          exits L1:4.035 L3:3.521 L5:3.417 L7:3.390 L9:3.262 L11:3.295
step  36820  loss 3.4270  lr 3.08e-05  34,048 tok/s  eta 0.7h
          exits L1:4.053 L3:3.378 L5:3.268 L7:3.209 L9:3.371 L11:3.207
step  36840  loss 3.4428  lr 3.08e-05  34,048 tok/s  eta 0.7h
          exits L1:4.031 L3:3.426 L5:3.308 L7:3.346 L9:3.216 L11:3.231
step  36860  loss 3.5192  lr 3.08e-05  34,049 tok/s  eta 0.7h
          exits L1:4.130 L3:3.602 L5:3.353 L7:3.270 L9:3.253 L11:3.310
step  36880  loss 3.5535  lr 3.08e-05  34,049 tok/s  eta 0.7h
          exits L1:4.102 L3:3.596 L5:3.468 L7:3.335 L9:3.343 L11:3.341
step  36900  loss 3.4816  lr 3.07e-05  34,050 tok/s  eta 0.7h
          exits L1:4.092 L3:3.505 L5:3.328 L7:3.260 L9:3.302 L11:3.271
step  36920  loss 3.5221  lr 3.07e-05  34,051 tok/s  eta 0.7h
          exits L1:4.176 L3:3.361 L5:3.304 L7:3.389 L9:3.649 L11:3.307
step  36940  loss 3.3985  lr 3.07e-05  34,051 tok/s  eta 0.6h
          exits L1:3.940 L3:3.399 L5:3.315 L7:3.235 L9:3.210 L11:3.179
step  36960  loss 3.4168  lr 3.07e-05  34,052 tok/s  eta 0.6h
          exits L1:4.057 L3:3.541 L5:3.240 L7:3.140 L9:3.090 L11:3.201
step  36980  loss 3.4367  lr 3.06e-05  34,052 tok/s  eta 0.6h
          exits L1:3.995 L3:3.464 L5:3.322 L7:3.285 L9:3.190 L11:3.223
  eval  loss 3.7242  exits L1:4.043 L3:3.492 L11:3.278
  saved /global/scratch/users/iparra/effortless-dev/checkpoints/vr-exits/step-037000.pt
step  37000  loss 3.3704  lr 3.06e-05  34,046 tok/s  eta 0.6h
          exits L1:3.948 L3:3.332 L5:3.267 L7:3.235 L9:3.202 L11:3.137
step  37020  loss 3.5758  lr 3.06e-05  34,045 tok/s  eta 0.6h
          exits L1:4.140 L3:3.630 L5:3.474 L7:3.419 L9:3.277 L11:3.361
step  37040  loss 3.4227  lr 3.06e-05  34,045 tok/s  eta 0.6h
          exits L1:4.060 L3:3.470 L5:3.254 L7:3.170 L9:3.218 L11:3.203
step  37060  loss 3.4291  lr 3.06e-05  34,045 tok/s  eta 0.6h
          exits L1:4.064 L3:3.412 L5:3.246 L7:3.258 L9:3.290 L11:3.212
step  37080  loss 3.4333  lr 3.05e-05  34,046 tok/s  eta 0.6h
          exits L1:4.046 L3:3.511 L5:3.312 L7:3.180 L9:3.164 L11:3.223
step  37100  loss 3.4071  lr 3.05e-05  34,044 tok/s  eta 0.6h
          exits L1:3.890 L3:3.503 L5:3.380 L7:3.256 L9:3.025 L11:3.197
step  37120  loss 3.3690  lr 3.05e-05  34,044 tok/s  eta 0.5h
          exits L1:3.941 L3:3.366 L5:3.287 L7:3.282 L9:3.079 L11:3.145
step  37140  loss 3.5006  lr 3.05e-05  34,045 tok/s  eta 0.5h
          exits L1:4.100 L3:3.623 L5:3.338 L7:3.290 L9:3.125 L11:3.291
step  37160  loss 3.4691  lr 3.05e-05  34,045 tok/s  eta 0.5h
          exits L1:4.092 L3:3.543 L5:3.292 L7:3.126 L9:3.324 L11:3.254
step  37180  loss 3.4670  lr 3.04e-05  34,046 tok/s  eta 0.5h
          exits L1:3.962 L3:3.466 L5:3.384 L7:3.336 L9:3.270 L11:3.263
step  37200  loss 3.3765  lr 3.04e-05  34,047 tok/s  eta 0.5h
          exits L1:4.052 L3:3.419 L5:3.188 L7:3.192 L9:3.113 L11:3.157
step  37220  loss 3.5158  lr 3.04e-05  34,047 tok/s  eta 0.5h
          exits L1:4.121 L3:3.488 L5:3.362 L7:3.303 L9:3.440 L11:3.311
step  37240  loss 3.3838  lr 3.04e-05  34,048 tok/s  eta 0.5h
          exits L1:3.915 L3:3.356 L5:3.282 L7:3.261 L9:3.215 L11:3.170
step  37260  loss 3.4270  lr 3.04e-05  34,048 tok/s  eta 0.5h
          exits L1:3.938 L3:3.477 L5:3.363 L7:3.323 L9:3.072 L11:3.219
step  37280  loss 3.4569  lr 3.04e-05  34,049 tok/s  eta 0.5h
          exits L1:4.125 L3:3.493 L5:3.304 L7:3.247 L9:3.219 L11:3.237
step  37300  loss 3.4874  lr 3.03e-05  34,049 tok/s  eta 0.5h
          exits L1:4.084 L3:3.521 L5:3.336 L7:3.169 L9:3.382 L11:3.274
step  37320  loss 3.4447  lr 3.03e-05  34,047 tok/s  eta 0.4h
          exits L1:4.015 L3:3.430 L5:3.357 L7:3.409 L9:3.141 L11:3.230
step  37340  loss 3.4434  lr 3.03e-05  34,048 tok/s  eta 0.4h
          exits L1:3.976 L3:3.496 L5:3.366 L7:3.269 L9:3.170 L11:3.227
step  37360  loss 3.6073  lr 3.03e-05  34,048 tok/s  eta 0.4h
          exits L1:4.185 L3:3.632 L5:3.453 L7:3.330 L9:3.506 L11:3.404
step  37380  loss 3.5058  lr 3.03e-05  34,048 tok/s  eta 0.4h
          exits L1:4.071 L3:3.573 L5:3.351 L7:3.264 L9:3.288 L11:3.297
step  37400  loss 3.4937  lr 3.03e-05  34,049 tok/s  eta 0.4h
          exits L1:3.990 L3:3.472 L5:3.478 L7:3.456 L9:3.214 L11:3.276
step  37420  loss 3.4414  lr 3.02e-05  34,049 tok/s  eta 0.4h
          exits L1:3.981 L3:3.490 L5:3.350 L7:3.274 L9:3.160 L11:3.231
step  37440  loss 3.4364  lr 3.02e-05  34,048 tok/s  eta 0.4h
          exits L1:4.018 L3:3.501 L5:3.306 L7:3.268 L9:3.139 L11:3.205
step  37460  loss 3.5141  lr 3.02e-05  34,049 tok/s  eta 0.4h
          exits L1:4.182 L3:3.458 L5:3.336 L7:3.367 L9:3.409 L11:3.285
step  37480  loss 3.4280  lr 3.02e-05  34,049 tok/s  eta 0.4h
          exits L1:4.002 L3:3.503 L5:3.312 L7:3.281 L9:3.080 L11:3.216
  eval  loss 3.7235  exits L1:4.041 L3:3.490 L11:3.277
step  37500  loss 3.4548  lr 3.02e-05  34,044 tok/s  eta 0.3h
          exits L1:4.075 L3:3.457 L5:3.280 L7:3.336 L9:3.222 L11:3.241
step  37520  loss 3.4646  lr 3.02e-05  34,045 tok/s  eta 0.3h
          exits L1:4.068 L3:3.496 L5:3.308 L7:3.225 L9:3.302 L11:3.254
step  37540  loss 3.4509  lr 3.02e-05  34,046 tok/s  eta 0.3h
          exits L1:4.063 L3:3.493 L5:3.312 L7:3.284 L9:3.176 L11:3.236
step  37560  loss 3.4648  lr 3.02e-05  34,046 tok/s  eta 0.3h
          exits L1:3.907 L3:3.456 L5:3.457 L7:3.474 L9:3.119 L11:3.255
step  37580  loss 3.4775  lr 3.02e-05  34,047 tok/s  eta 0.3h
          exits L1:4.077 L3:3.496 L5:3.328 L7:3.324 L9:3.254 L11:3.264
step  37600  loss 3.5092  lr 3.01e-05  34,047 tok/s  eta 0.3h
          exits L1:4.162 L3:3.600 L5:3.351 L7:3.219 L9:3.262 L11:3.293
step  37620  loss 3.4030  lr 3.01e-05  34,048 tok/s  eta 0.3h
          exits L1:3.980 L3:3.404 L5:3.305 L7:3.284 L9:3.160 L11:3.186
step  37640  loss 3.5299  lr 3.01e-05  34,045 tok/s  eta 0.3h
          exits L1:4.185 L3:3.581 L5:3.367 L7:3.310 L9:3.281 L11:3.313
step  37660  loss 3.4898  lr 3.01e-05  34,045 tok/s  eta 0.3h
          exits L1:4.028 L3:3.497 L5:3.410 L7:3.342 L9:3.267 L11:3.275
step  37680  loss 3.3720  lr 3.01e-05  34,045 tok/s  eta 0.2h
          exits L1:3.848 L3:3.403 L5:3.346 L7:3.274 L9:3.042 L11:3.159
step  37700  loss 3.4615  lr 3.01e-05  34,046 tok/s  eta 0.2h
          exits L1:4.035 L3:3.486 L5:3.332 L7:3.284 L9:3.240 L11:3.252
step  37720  loss 3.5421  lr 3.01e-05  34,046 tok/s  eta 0.2h
          exits L1:4.161 L3:3.563 L5:3.389 L7:3.293 L9:3.397 L11:3.330
step  37740  loss 3.4394  lr 3.01e-05  34,047 tok/s  eta 0.2h
          exits L1:3.966 L3:3.466 L5:3.359 L7:3.225 L9:3.247 L11:3.232
step  37760  loss 3.4085  lr 3.01e-05  34,047 tok/s  eta 0.2h
          exits L1:4.015 L3:3.441 L5:3.266 L7:3.248 L9:3.149 L11:3.193
step  37780  loss 3.4148  lr 3.01e-05  34,048 tok/s  eta 0.2h
          exits L1:3.892 L3:3.360 L5:3.354 L7:3.457 L9:3.151 L11:3.208
step  37800  loss 3.4959  lr 3.01e-05  34,048 tok/s  eta 0.2h
          exits L1:4.087 L3:3.509 L5:3.377 L7:3.369 L9:3.237 L11:3.286
step  37820  loss 3.4663  lr 3.01e-05  34,046 tok/s  eta 0.2h
          exits L1:4.118 L3:3.557 L5:3.287 L7:3.156 L9:3.241 L11:3.246
step  37840  loss 3.4582  lr 3.00e-05  34,047 tok/s  eta 0.2h
          exits L1:4.023 L3:3.404 L5:3.326 L7:3.266 L9:3.419 L11:3.247
step  37860  loss 3.5392  lr 3.00e-05  34,048 tok/s  eta 0.2h
          exits L1:4.145 L3:3.522 L5:3.372 L7:3.316 L9:3.458 L11:3.333
step  37880  loss 3.5193  lr 3.00e-05  34,048 tok/s  eta 0.1h
          exits L1:4.141 L3:3.547 L5:3.397 L7:3.371 L9:3.240 L11:3.299
step  37900  loss 3.5083  lr 3.00e-05  34,049 tok/s  eta 0.1h
          exits L1:4.128 L3:3.459 L5:3.358 L7:3.287 L9:3.461 L11:3.293
step  37920  loss 3.5370  lr 3.00e-05  34,049 tok/s  eta 0.1h
          exits L1:4.144 L3:3.493 L5:3.389 L7:3.296 L9:3.515 L11:3.327
step  37940  loss 3.4770  lr 3.00e-05  34,049 tok/s  eta 0.1h
          exits L1:4.046 L3:3.482 L5:3.370 L7:3.299 L9:3.284 L11:3.264
step  37960  loss 3.4261  lr 3.00e-05  34,048 tok/s  eta 0.1h
          exits L1:3.951 L3:3.473 L5:3.352 L7:3.328 L9:3.089 L11:3.211
step  37980  loss 3.4705  lr 3.00e-05  34,048 tok/s  eta 0.1h
          exits L1:4.063 L3:3.422 L5:3.353 L7:3.319 L9:3.360 L11:3.245
  eval  loss 3.7236  exits L1:4.040 L3:3.490 L11:3.277
 threshold   mean depth   accuracy      nll    saved
----------------------------------------------------
     0.000    12.00/12      0.3491   3.4787    0.0%
     0.050    11.45/12      0.3494   3.4803    4.6%
     0.100    11.09/12      0.3485   3.4867    7.6%
     0.200     9.94/12      0.3470   3.5179   17.1%
     0.300     7.80/12      0.3330   3.6089   35.0%
     0.500     3.54/12      0.2950   3.9125   70.5%
     0.700     2.03/12      0.2822   4.1155   83.1%
     1.000     2.00/12      0.2819   4.1220   83.3%
  suggested exit_threshold 0.20 -> mean depth 9.94/12, 17.1% of blocks skipped
  saved /global/scratch/users/iparra/effortless-dev/checkpoints/vr-exits/step-038000.pt
step  38000  loss 3.3968  lr 3.00e-05  34,041 tok/s  eta 0.1h
          exits L1:3.932 L3:3.386 L5:3.313 L7:3.324 L9:3.129 L11:3.180
step  38020  loss 3.5027  lr 3.00e-05  34,042 tok/s  eta 0.1h
          exits L1:4.086 L3:3.542 L5:3.392 L7:3.317 L9:3.255 L11:3.291
step  38040  loss 3.4575  lr 3.00e-05  34,042 tok/s  eta 0.1h
          exits L1:4.095 L3:3.490 L5:3.278 L7:3.211 L9:3.286 L11:3.244
step  38060  loss 3.4329  lr 3.00e-05  34,042 tok/s  eta 0.0h
          exits L1:4.001 L3:3.471 L5:3.382 L7:3.310 L9:3.088 L11:3.211
step  38080  loss 3.4418  lr 3.00e-05  34,043 tok/s  eta 0.0h
          exits L1:4.044 L3:3.398 L5:3.273 L7:3.343 L9:3.288 L11:3.232
step  38100  loss 3.5051  lr 3.00e-05  34,044 tok/s  eta 0.0h
          exits L1:4.102 L3:3.500 L5:3.369 L7:3.278 L9:3.386 L11:3.285
step  38120  loss 3.4494  lr 3.00e-05  34,044 tok/s  eta 0.0h
          exits L1:4.176 L3:3.422 L5:3.237 L7:3.247 L9:3.331 L11:3.236
step  38140  loss 3.4193  lr 3.00e-05  34,045 tok/s  eta 0.0h
          exits L1:4.013 L3:3.513 L5:3.288 L7:3.130 L9:3.163 L11:3.206
done, saved /global/scratch/users/iparra/effortless-dev/checkpoints/vr-exits/final.pt
Finished 2026-07-29T07:10:39-0700. Checkpoints in /global/scratch/users/iparra/effortless-dev/checkpoints/vr-exits
Run streamed to W&B project 'effortless-vertical-routing' as 'vr-exits'.
