==================================================================
Job        vr-noexits (35936978)
Node       n0264.savio3
GPUs       0,1  (count 2)
Repo       /global/scratch/users/iparra/effortless-dev
Python     /global/scratch/users/iparra/effortless-dev/.venv/bin/python3
           (conda env /global/software/rocky-8.x86_64/manual/modules/langs/anaconda3/2024.02-1 is active but unused)
Started    2026-07-27T23:15:41-0700
wandb      project=effortless-vertical-routing mode=online id=vr-noexits
==================================================================
TOKEN_BUDGET=2500000000 -> MAX_STEPS=38147 on 2 GPU(s)
variant=noexits gpus=2 batch=8 x accum=4
global batch = 64 sequences
             = 65536 tokens/step
total budget = 2500001792 tokens over 38147 steps
model:  123.6M parameters
exits:  layers (11,)
world:  2 process(es) on cuda:0
tokens: 65,536 per optimizer step
wandb:  effortless-vertical-routing (online)
step      0  loss 10.9785  lr 6.00e-07  11.6s
          exits L11:10.978
step     20  loss 9.7128  lr 1.26e-05  45.4s
          exits L11:9.713
step     40  loss 9.1785  lr 2.46e-05  79.2s
          exits L11:9.178
step     60  loss 8.5321  lr 3.66e-05  112.7s
          exits L11:8.532
step     80  loss 7.9423  lr 4.86e-05  146.2s
          exits L11:7.942
step    100  loss 7.4237  lr 6.06e-05  179.8s
          exits L11:7.424
step    120  loss 7.1163  lr 7.26e-05  213.3s
          exits L11:7.116
step    140  loss 6.8582  lr 8.46e-05  246.8s
          exits L11:6.858
step    160  loss 6.5852  lr 9.66e-05  280.4s
          exits L11:6.585
step    180  loss 6.5440  lr 1.09e-04  314.0s
          exits L11:6.544
step    200  loss 6.3858  lr 1.21e-04  347.6s
          exits L11:6.386
step    220  loss 6.3028  lr 1.33e-04  381.2s
          exits L11:6.303
step    240  loss 6.1251  lr 1.45e-04  414.8s
          exits L11:6.125
step    260  loss 6.1361  lr 1.57e-04  448.5s
          exits L11:6.136
step    280  loss 6.0150  lr 1.69e-04  482.1s
          exits L11:6.015
step    300  loss 5.8769  lr 1.81e-04  515.7s
          exits L11:5.877
step    320  loss 5.8242  lr 1.93e-04  550.0s
          exits L11:5.824
step    340  loss 5.7892  lr 2.05e-04  590.3s
          exits L11:5.789
step    360  loss 5.6021  lr 2.17e-04  627.0s
          exits L11:5.602
step    380  loss 5.5335  lr 2.29e-04  660.6s
          exits L11:5.534
step    400  loss 5.4819  lr 2.41e-04  694.3s
          exits L11:5.482
step    420  loss 5.5054  lr 2.53e-04  727.9s
          exits L11:5.505
step    440  loss 5.4443  lr 2.65e-04  761.5s
          exits L11:5.444
step    460  loss 5.3781  lr 2.77e-04  795.1s
          exits L11:5.378
step    480  loss 5.3306  lr 2.89e-04  828.7s
          exits L11:5.331
  eval  loss 5.2049  exits L11:5.205
step    500  loss 5.3275  lr 3.00e-04  871.6s
          exits L11:5.328
step    520  loss 5.1916  lr 3.00e-04  905.2s
          exits L11:5.192
step    540  loss 5.2108  lr 3.00e-04  938.8s
          exits L11:5.211
step    560  loss 5.1427  lr 3.00e-04  972.4s
          exits L11:5.143
step    580  loss 5.1177  lr 3.00e-04  1006.0s
          exits L11:5.118
step    600  loss 5.0234  lr 3.00e-04  1039.7s
          exits L11:5.023
step    620  loss 5.0073  lr 3.00e-04  1073.3s
          exits L11:5.007
step    640  loss 4.9066  lr 3.00e-04  1106.9s
          exits L11:4.907
step    660  loss 4.9197  lr 3.00e-04  1140.5s
          exits L11:4.920
step    680  loss 4.9316  lr 3.00e-04  1174.6s
          exits L11:4.932
step    700  loss 4.9321  lr 3.00e-04  1213.1s
          exits L11:4.932
step    720  loss 4.7490  lr 3.00e-04  1247.0s
          exits L11:4.749
step    740  loss 4.7614  lr 3.00e-04  1280.6s
          exits L11:4.761
step    760  loss 4.9172  lr 3.00e-04  1314.2s
          exits L11:4.917
step    780  loss 4.7794  lr 3.00e-04  1347.8s
          exits L11:4.779
step    800  loss 4.8138  lr 3.00e-04  1381.5s
          exits L11:4.814
step    820  loss 4.7781  lr 3.00e-04  1415.1s
          exits L11:4.778
step    840  loss 4.6460  lr 3.00e-04  1448.7s
          exits L11:4.646
step    860  loss 4.6687  lr 3.00e-04  1482.7s
          exits L11:4.669
step    880  loss 4.6039  lr 3.00e-04  1516.3s
          exits L11:4.604
step    900  loss 4.7275  lr 3.00e-04  1549.9s
          exits L11:4.728
step    920  loss 4.6086  lr 3.00e-04  1583.5s
          exits L11:4.609
step    940  loss 4.5764  lr 3.00e-04  1617.1s
          exits L11:4.576
step    960  loss 4.6294  lr 3.00e-04  1650.8s
          exits L11:4.629
step    980  loss 4.5255  lr 3.00e-04  1684.5s
          exits L11:4.525
  eval  loss 4.4867  exits L11:4.487
  saved /global/scratch/users/iparra/effortless-dev/checkpoints/vr-noexits/step-001000.pt
step   1000  loss 4.4900  lr 3.00e-04  1727.8s
          exits L11:4.490
step   1020  loss 4.5864  lr 3.00e-04  1761.3s
          exits L11:4.586
step   1040  loss 4.4477  lr 3.00e-04  1795.6s
          exits L11:4.448
step   1060  loss 4.4445  lr 3.00e-04  1832.7s
          exits L11:4.445
step   1080  loss 4.4151  lr 3.00e-04  1866.4s
          exits L11:4.415
step   1100  loss 4.4316  lr 3.00e-04  1899.9s
          exits L11:4.432
step   1120  loss 4.4324  lr 3.00e-04  1933.5s
          exits L11:4.432
step   1140  loss 4.4364  lr 3.00e-04  1967.1s
          exits L11:4.436
step   1160  loss 4.4323  lr 3.00e-04  2000.7s
          exits L11:4.432
step   1180  loss 4.3614  lr 3.00e-04  2034.2s
          exits L11:4.361
step   1200  loss 4.4310  lr 3.00e-04  2067.9s
          exits L11:4.431
step   1220  loss 4.3350  lr 3.00e-04  2101.5s
          exits L11:4.335
step   1240  loss 4.3103  lr 3.00e-04  2135.1s
          exits L11:4.310
step   1260  loss 4.2712  lr 3.00e-04  2168.7s
          exits L11:4.271
step   1280  loss 4.3525  lr 3.00e-04  2202.3s
          exits L11:4.352
step   1300  loss 4.3596  lr 3.00e-04  2235.9s
          exits L11:4.360
step   1320  loss 4.2984  lr 3.00e-04  2269.8s
          exits L11:4.298
step   1340  loss 4.3054  lr 3.00e-04  2303.4s
          exits L11:4.305
step   1360  loss 4.3228  lr 3.00e-04  2343.1s
          exits L11:4.323
step   1380  loss 4.2593  lr 3.00e-04  2376.9s
          exits L11:4.259
step   1400  loss 4.2069  lr 3.00e-04  2415.4s
          exits L11:4.207
step   1420  loss 4.1862  lr 3.00e-04  2449.0s
          exits L11:4.186
step   1440  loss 4.2951  lr 3.00e-04  2482.8s
          exits L11:4.295
step   1460  loss 4.1522  lr 3.00e-04  2516.4s
          exits L11:4.152
step   1480  loss 4.1687  lr 3.00e-04  2550.1s
          exits L11:4.169
  eval  loss 4.1862  exits L11:4.186
step   1500  loss 4.2574  lr 3.00e-04  2590.7s
          exits L11:4.257
step   1520  loss 4.1592  lr 3.00e-04  2624.3s
          exits L11:4.159
step   1540  loss 4.1834  lr 2.99e-04  2657.9s
          exits L11:4.183
step   1560  loss 4.1240  lr 2.99e-04  2691.5s
          exits L11:4.124
step   1580  loss 4.1526  lr 2.99e-04  2725.1s
          exits L11:4.153
step   1600  loss 4.2227  lr 2.99e-04  2758.7s
          exits L11:4.223
step   1620  loss 4.1147  lr 2.99e-04  2792.3s
          exits L11:4.115
step   1640  loss 4.1271  lr 2.99e-04  2825.9s
          exits L11:4.127
step   1660  loss 4.1383  lr 2.99e-04  2859.5s
          exits L11:4.138
step   1680  loss 4.1718  lr 2.99e-04  2893.3s
          exits L11:4.172
step   1700  loss 4.1676  lr 2.99e-04  2927.0s
          exits L11:4.168
step   1720  loss 4.1190  lr 2.99e-04  2961.9s
          exits L11:4.119
step   1740  loss 4.0022  lr 2.99e-04  2996.5s
          exits L11:4.002
step   1760  loss 4.0965  lr 2.99e-04  3033.8s
          exits L11:4.097
step   1780  loss 4.1050  lr 2.99e-04  3067.4s
          exits L11:4.105
step   1800  loss 4.1454  lr 2.99e-04  3101.2s
          exits L11:4.145
step   1820  loss 4.0289  lr 2.99e-04  3134.8s
          exits L11:4.029
step   1840  loss 4.0538  lr 2.99e-04  3168.4s
          exits L11:4.054
step   1860  loss 4.0691  lr 2.99e-04  3207.0s
          exits L11:4.069
step   1880  loss 4.0590  lr 2.99e-04  3240.6s
          exits L11:4.059
step   1900  loss 4.0788  lr 2.99e-04  3274.3s
          exits L11:4.079
step   1920  loss 4.1256  lr 2.99e-04  3308.0s
          exits L11:4.126
step   1940  loss 4.0324  lr 2.99e-04  3341.6s
          exits L11:4.032
step   1960  loss 4.1913  lr 2.99e-04  3375.3s
          exits L11:4.191
step   1980  loss 4.0839  lr 2.99e-04  3408.9s
          exits L11:4.084
  eval  loss 4.0333  exits L11:4.033
 threshold   mean depth   accuracy      nll    saved
----------------------------------------------------
     0.000    12.00/12      0.2877   4.1688    0.0%
     0.050    12.00/12      0.2877   4.1688    0.0%
     0.100    12.00/12      0.2877   4.1688    0.0%
     0.200    12.00/12      0.2877   4.1688    0.0%
     0.300    12.00/12      0.2877   4.1688    0.0%
     0.500    12.00/12      0.2877   4.1688    0.0%
     0.700    12.00/12      0.2877   4.1688    0.0%
     1.000    12.00/12      0.2877   4.1688    0.0%
  suggested exit_threshold 0.00 -> mean depth 12.00/12, 0.0% of blocks skipped
  saved /global/scratch/users/iparra/effortless-dev/checkpoints/vr-noexits/step-002000.pt
step   2000  loss 4.0105  lr 2.99e-04  3475.6s
          exits L11:4.010
step   2020  loss 4.0498  lr 2.99e-04  3509.2s
          exits L11:4.050
step   2040  loss 4.0770  lr 2.99e-04  3542.9s
          exits L11:4.077
step   2060  loss 3.9894  lr 2.99e-04  3576.5s
          exits L11:3.989
step   2080  loss 4.0138  lr 2.99e-04  3610.2s
          exits L11:4.014
step   2100  loss 4.0035  lr 2.99e-04  3647.9s
          exits L11:4.004
step   2120  loss 4.0215  lr 2.99e-04  3681.5s
          exits L11:4.021
step   2140  loss 4.0560  lr 2.99e-04  3715.2s
          exits L11:4.056
step   2160  loss 3.9633  lr 2.99e-04  3748.8s
          exits L11:3.963
step   2180  loss 4.0692  lr 2.99e-04  3782.4s
          exits L11:4.069
step   2200  loss 4.0360  lr 2.99e-04  3816.1s
          exits L11:4.036
step   2220  loss 3.9671  lr 2.99e-04  3849.7s
          exits L11:3.967
step   2240  loss 3.9819  lr 2.99e-04  3883.4s
          exits L11:3.982
step   2260  loss 3.9548  lr 2.99e-04  3917.0s
          exits L11:3.955
step   2280  loss 3.9687  lr 2.99e-04  3950.6s
          exits L11:3.969
step   2300  loss 4.0551  lr 2.98e-04  3984.2s
          exits L11:4.055
step   2320  loss 4.0324  lr 2.98e-04  4017.9s
          exits L11:4.032
step   2340  loss 4.0219  lr 2.98e-04  4052.9s
          exits L11:4.022
step   2360  loss 3.9504  lr 2.98e-04  4094.7s
          exits L11:3.950
step   2380  loss 3.8784  lr 2.98e-04  4128.5s
          exits L11:3.878
step   2400  loss 4.0018  lr 2.98e-04  4162.1s
          exits L11:4.002
step   2420  loss 3.9203  lr 2.98e-04  4195.7s
          exits L11:3.920
step   2440  loss 3.9884  lr 2.98e-04  4233.2s
          exits L11:3.988
step   2460  loss 3.8878  lr 2.98e-04  4266.8s
          exits L11:3.888
step   2480  loss 3.9528  lr 2.98e-04  4300.4s
          exits L11:3.953
  eval  loss 3.9304  exits L11:3.930
step   2500  loss 3.8591  lr 2.98e-04  4341.1s
          exits L11:3.859
step   2520  loss 3.9706  lr 2.98e-04  4374.7s
          exits L11:3.971
step   2540  loss 3.9624  lr 2.98e-04  4408.4s
          exits L11:3.962
step   2560  loss 3.9070  lr 2.98e-04  4442.0s
          exits L11:3.907
step   2580  loss 4.0148  lr 2.98e-04  4475.7s
          exits L11:4.015
step   2600  loss 3.9161  lr 2.98e-04  4509.3s
          exits L11:3.916
step   2620  loss 3.9344  lr 2.98e-04  4542.9s
          exits L11:3.934
step   2640  loss 3.8673  lr 2.98e-04  4576.6s
          exits L11:3.867
step   2660  loss 3.8201  lr 2.98e-04  4610.2s
          exits L11:3.820
step   2680  loss 3.9174  lr 2.98e-04  4643.8s
          exits L11:3.917
step   2700  loss 3.8036  lr 2.98e-04  4679.8s
          exits L11:3.804
step   2720  loss 3.8116  lr 2.98e-04  4713.9s
          exits L11:3.812
step   2740  loss 3.8019  lr 2.98e-04  4747.6s
          exits L11:3.802
step   2760  loss 3.8750  lr 2.98e-04  4781.2s
          exits L11:3.875
step   2780  loss 3.8163  lr 2.98e-04  4814.8s
          exits L11:3.816
step   2800  loss 3.9747  lr 2.98e-04  4851.9s
          exits L11:3.975
step   2820  loss 3.9664  lr 2.97e-04  4885.5s
          exits L11:3.966
step   2840  loss 3.8907  lr 2.97e-04  4919.2s
          exits L11:3.891
step   2860  loss 3.8515  lr 2.97e-04  4957.3s
          exits L11:3.851
step   2880  loss 3.8805  lr 2.97e-04  4990.9s
          exits L11:3.881
step   2900  loss 3.8568  lr 2.97e-04  5024.5s
          exits L11:3.857
step   2920  loss 3.8869  lr 2.97e-04  5058.1s
          exits L11:3.887
step   2940  loss 3.8110  lr 2.97e-04  5091.7s
          exits L11:3.811
step   2960  loss 3.8923  lr 2.97e-04  5125.3s
          exits L11:3.892
step   2980  loss 3.8855  lr 2.97e-04  5159.0s
          exits L11:3.886
  eval  loss 3.8605  exits L11:3.861
  saved /global/scratch/users/iparra/effortless-dev/checkpoints/vr-noexits/step-003000.pt
step   3000  loss 3.8287  lr 2.97e-04  5201.8s
          exits L11:3.829
step   3020  loss 3.9351  lr 2.97e-04  5235.4s
          exits L11:3.935
step   3040  loss 3.8842  lr 2.97e-04  5270.2s
          exits L11:3.884
step   3060  loss 3.7859  lr 2.97e-04  5304.0s
          exits L11:3.786
step   3080  loss 3.8203  lr 2.97e-04  5337.8s
          exits L11:3.820
step   3100  loss 3.8190  lr 2.97e-04  5371.4s
          exits L11:3.819
step   3120  loss 3.8912  lr 2.97e-04  5405.1s
          exits L11:3.891
step   3140  loss 3.7923  lr 2.97e-04  5443.1s
          exits L11:3.792
step   3160  loss 3.8189  lr 2.97e-04  5476.7s
          exits L11:3.819
step   3180  loss 3.8007  lr 2.97e-04  5510.4s
          exits L11:3.801
step   3200  loss 3.8049  lr 2.97e-04  5544.0s
          exits L11:3.805
step   3220  loss 3.7885  lr 2.97e-04  5577.6s
          exits L11:3.788
step   3240  loss 3.8517  lr 2.96e-04  5611.2s
          exits L11:3.852
step   3260  loss 3.8452  lr 2.96e-04  5644.8s
          exits L11:3.845
step   3280  loss 3.7875  lr 2.96e-04  5678.6s
          exits L11:3.787
step   3300  loss 3.8021  lr 2.96e-04  5712.2s
          exits L11:3.802
step   3320  loss 3.8168  lr 2.96e-04  5745.8s
          exits L11:3.817
step   3340  loss 3.7967  lr 2.96e-04  5779.5s
          exits L11:3.797
step   3360  loss 3.7353  lr 2.96e-04  5819.2s
          exits L11:3.735
step   3380  loss 3.7819  lr 2.96e-04  5853.0s
          exits L11:3.782
step   3400  loss 3.8188  lr 2.96e-04  5887.6s
          exits L11:3.819
step   3420  loss 3.7776  lr 2.96e-04  5921.3s
          exits L11:3.778
step   3440  loss 3.9014  lr 2.96e-04  5955.1s
          exits L11:3.901
step   3460  loss 3.7168  lr 2.96e-04  5988.8s
          exits L11:3.717
step   3480  loss 3.7953  lr 2.96e-04  6025.5s
          exits L11:3.795
  eval  loss 3.7999  exits L11:3.800
step   3500  loss 3.7751  lr 2.96e-04  6067.2s
          exits L11:3.775
step   3520  loss 3.7435  lr 2.96e-04  6100.8s
          exits L11:3.743
step   3540  loss 3.6565  lr 2.96e-04  6134.4s
          exits L11:3.656
step   3560  loss 3.8245  lr 2.96e-04  6168.1s
          exits L11:3.825
step   3580  loss 3.8352  lr 2.96e-04  6201.8s
          exits L11:3.835
step   3600  loss 3.8900  lr 2.96e-04  6235.4s
          exits L11:3.890
step   3620  loss 3.8276  lr 2.95e-04  6269.0s
          exits L11:3.828
step   3640  loss 3.7672  lr 2.95e-04  6302.7s
          exits L11:3.767
step   3660  loss 3.8324  lr 2.95e-04  6336.3s
          exits L11:3.832
step   3680  loss 3.8590  lr 2.95e-04  6369.9s
          exits L11:3.859
step   3700  loss 3.7369  lr 2.95e-04  6403.6s
          exits L11:3.737
step   3720  loss 3.7875  lr 2.95e-04  6443.2s
          exits L11:3.787
step   3740  loss 3.8010  lr 2.95e-04  6477.9s
          exits L11:3.801
step   3760  loss 3.7996  lr 2.95e-04  6511.5s
          exits L11:3.800
step   3780  loss 3.7373  lr 2.95e-04  6545.3s
          exits L11:3.737
step   3800  loss 3.7582  lr 2.95e-04  6579.2s
          exits L11:3.758
step   3820  loss 3.8573  lr 2.95e-04  6612.9s
          exits L11:3.857
step   3840  loss 3.7226  lr 2.95e-04  6649.6s
          exits L11:3.723
step   3860  loss 3.7615  lr 2.95e-04  6683.2s
          exits L11:3.761
step   3880  loss 3.8276  lr 2.95e-04  6716.9s
          exits L11:3.828
step   3900  loss 3.7621  lr 2.95e-04  6750.5s
          exits L11:3.762
step   3920  loss 3.7658  lr 2.95e-04  6784.2s
          exits L11:3.766
step   3940  loss 3.6915  lr 2.94e-04  6817.8s
          exits L11:3.691
step   3960  loss 3.7963  lr 2.94e-04  6851.5s
          exits L11:3.796
step   3980  loss 3.7412  lr 2.94e-04  6885.2s
          exits L11:3.741
  eval  loss 3.7525  exits L11:3.753
 threshold   mean depth   accuracy      nll    saved
----------------------------------------------------
     0.000    12.00/12      0.3068   3.9273    0.0%
     0.050    12.00/12      0.3068   3.9273    0.0%
     0.100    12.00/12      0.3068   3.9273    0.0%
     0.200    12.00/12      0.3068   3.9273    0.0%
     0.300    12.00/12      0.3068   3.9273    0.0%
     0.500    12.00/12      0.3068   3.9273    0.0%
     0.700    12.00/12      0.3068   3.9273    0.0%
     1.000    12.00/12      0.3068   3.9273    0.0%
  suggested exit_threshold 0.00 -> mean depth 12.00/12, 0.0% of blocks skipped
  saved /global/scratch/users/iparra/effortless-dev/checkpoints/vr-noexits/step-004000.pt
step   4000  loss 3.7759  lr 2.94e-04  6933.1s
          exits L11:3.776
step   4020  loss 3.7855  lr 2.94e-04  6966.7s
          exits L11:3.785
step   4040  loss 3.7713  lr 2.94e-04  7000.4s
          exits L11:3.771
step   4060  loss 3.8350  lr 2.94e-04  7034.8s
          exits L11:3.835
step   4080  loss 3.7133  lr 2.94e-04  7068.6s
          exits L11:3.713
step   4100  loss 3.7282  lr 2.94e-04  7102.2s
          exits L11:3.728
step   4120  loss 3.7302  lr 2.94e-04  7135.9s
          exits L11:3.730
step   4140  loss 3.7383  lr 2.94e-04  7169.9s
          exits L11:3.738
step   4160  loss 3.7012  lr 2.94e-04  7203.5s
          exits L11:3.701
step   4180  loss 3.6993  lr 2.94e-04  7240.5s
          exits L11:3.699
step   4200  loss 3.6974  lr 2.94e-04  7275.0s
          exits L11:3.697
step   4220  loss 3.7197  lr 2.94e-04  7308.7s
          exits L11:3.720
step   4240  loss 3.8436  lr 2.93e-04  7342.4s
          exits L11:3.844
step   4260  loss 3.7384  lr 2.93e-04  7376.0s
          exits L11:3.738
step   4280  loss 3.7603  lr 2.93e-04  7409.7s
          exits L11:3.760
step   4300  loss 3.7146  lr 2.93e-04  7443.4s
          exits L11:3.715
step   4320  loss 3.7517  lr 2.93e-04  7477.0s
          exits L11:3.752
step   4340  loss 3.6461  lr 2.93e-04  7510.7s
          exits L11:3.646
step   4360  loss 3.6590  lr 2.93e-04  7551.2s
          exits L11:3.659
step   4380  loss 3.6480  lr 2.93e-04  7585.0s
          exits L11:3.648
step   4400  loss 3.6823  lr 2.93e-04  7618.6s
          exits L11:3.682
step   4420  loss 3.7492  lr 2.93e-04  7653.1s
          exits L11:3.749
step   4440  loss 3.6636  lr 2.93e-04  7687.0s
          exits L11:3.664
step   4460  loss 3.7077  lr 2.93e-04  7720.7s
          exits L11:3.708
step   4480  loss 3.7120  lr 2.93e-04  7754.4s
          exits L11:3.712
  eval  loss 3.7180  exits L11:3.718
step   4500  loss 3.6672  lr 2.93e-04  7795.2s
          exits L11:3.667
step   4520  loss 3.7127  lr 2.92e-04  7831.7s
          exits L11:3.713
step   4540  loss 3.7617  lr 2.92e-04  7866.5s
          exits L11:3.762
step   4560  loss 3.6631  lr 2.92e-04  7900.2s
          exits L11:3.663
step   4580  loss 3.7506  lr 2.92e-04  7933.9s
          exits L11:3.751
step   4600  loss 3.7628  lr 2.92e-04  7967.6s
          exits L11:3.763
step   4620  loss 3.7618  lr 2.92e-04  8001.3s
          exits L11:3.762
step   4640  loss 3.6593  lr 2.92e-04  8035.0s
          exits L11:3.659
step   4660  loss 3.5746  lr 2.92e-04  8068.7s
          exits L11:3.575
step   4680  loss 3.6747  lr 2.92e-04  8102.5s
          exits L11:3.675
step   4700  loss 3.7095  lr 2.92e-04  8136.9s
          exits L11:3.710
step   4720  loss 3.6777  lr 2.92e-04  8175.3s
          exits L11:3.678
step   4740  loss 3.6981  lr 2.92e-04  8209.1s
          exits L11:3.698
step   4760  loss 3.6831  lr 2.92e-04  8242.8s
          exits L11:3.683
step   4780  loss 3.6579  lr 2.91e-04  8277.9s
          exits L11:3.658
step   4800  loss 3.6596  lr 2.91e-04  8311.7s
          exits L11:3.660
step   4820  loss 3.5842  lr 2.91e-04  8345.4s
          exits L11:3.584
step   4840  loss 3.6817  lr 2.91e-04  8379.1s
          exits L11:3.682
step   4860  loss 3.6346  lr 2.91e-04  8412.8s
          exits L11:3.635
step   4880  loss 3.6336  lr 2.91e-04  8450.0s
          exits L11:3.634
step   4900  loss 3.6538  lr 2.91e-04  8483.7s
          exits L11:3.654
step   4920  loss 3.6285  lr 2.91e-04  8517.3s
          exits L11:3.629
step   4940  loss 3.6366  lr 2.91e-04  8551.0s
          exits L11:3.637
step   4960  loss 3.6953  lr 2.91e-04  8584.7s
          exits L11:3.695
step   4980  loss 3.6510  lr 2.91e-04  8618.4s
          exits L11:3.651
  eval  loss 3.6869  exits L11:3.687
  saved /global/scratch/users/iparra/effortless-dev/checkpoints/vr-noexits/step-005000.pt
step   5000  loss 3.7494  lr 2.91e-04  8661.1s
          exits L11:3.749
step   5020  loss 3.6724  lr 2.91e-04  8694.8s
          exits L11:3.672
step   5040  loss 3.6710  lr 2.90e-04  8729.1s
          exits L11:3.671
step   5060  loss 3.6361  lr 2.90e-04  8763.4s
          exits L11:3.636
step   5080  loss 3.7208  lr 2.90e-04  8797.1s
          exits L11:3.721
step   5100  loss 3.5955  lr 2.90e-04  8830.9s
          exits L11:3.596
step   5120  loss 3.6177  lr 2.90e-04  8864.6s
          exits L11:3.618
step   5140  loss 3.6448  lr 2.90e-04  8898.2s
          exits L11:3.645
step   5160  loss 3.6344  lr 2.90e-04  8931.9s
          exits L11:3.634
step   5180  loss 3.6624  lr 2.90e-04  8965.5s
          exits L11:3.662
step   5200  loss 3.7107  lr 2.90e-04  8999.2s
          exits L11:3.711
step   5220  loss 3.6304  lr 2.90e-04  9036.3s
          exits L11:3.630
step   5240  loss 3.6913  lr 2.90e-04  9071.1s
          exits L11:3.691
step   5260  loss 3.7012  lr 2.89e-04  9104.7s
          exits L11:3.701
step   5280  loss 3.5911  lr 2.89e-04  9138.4s
          exits L11:3.591
step   5300  loss 3.5859  lr 2.89e-04  9172.1s
          exits L11:3.586
step   5320  loss 3.6295  lr 2.89e-04  9205.7s
          exits L11:3.630
step   5340  loss 3.6129  lr 2.89e-04  9239.4s
          exits L11:3.613
step   5360  loss 3.6184  lr 2.89e-04  9277.9s
          exits L11:3.618
step   5380  loss 3.6245  lr 2.89e-04  9311.7s
          exits L11:3.624
step   5400  loss 3.7033  lr 2.89e-04  9346.1s
          exits L11:3.703
step   5420  loss 3.6273  lr 2.89e-04  9380.1s
          exits L11:3.627
step   5440  loss 3.6275  lr 2.89e-04  9413.7s
          exits L11:3.628
step   5460  loss 3.6105  lr 2.89e-04  9447.5s
          exits L11:3.610
step   5480  loss 3.7160  lr 2.89e-04  9481.2s
          exits L11:3.716
  eval  loss 3.6581  exits L11:3.658
step   5500  loss 3.7355  lr 2.88e-04  9521.8s
          exits L11:3.736
step   5520  loss 3.5526  lr 2.88e-04  9555.5s
          exits L11:3.553
step   5540  loss 3.6025  lr 2.88e-04  9589.1s
          exits L11:3.603
step   5560  loss 3.7065  lr 2.88e-04  9622.7s
          exits L11:3.707
step   5580  loss 3.7472  lr 2.88e-04  9659.3s
          exits L11:3.747
step   5600  loss 3.5506  lr 2.88e-04  9692.9s
          exits L11:3.551
step   5620  loss 3.6437  lr 2.88e-04  9726.5s
          exits L11:3.644
step   5640  loss 3.6949  lr 2.88e-04  9760.1s
          exits L11:3.695
step   5660  loss 3.5882  lr 2.88e-04  9793.7s
          exits L11:3.588
step   5680  loss 3.6336  lr 2.88e-04  9827.3s
          exits L11:3.634
step   5700  loss 3.7531  lr 2.87e-04  9861.0s
          exits L11:3.753
step   5720  loss 3.5836  lr 2.87e-04  9898.9s
          exits L11:3.584
step   5740  loss 3.6390  lr 2.87e-04  9933.2s
          exits L11:3.639
step   5760  loss 3.5770  lr 2.87e-04  9967.6s
          exits L11:3.577
step   5780  loss 3.7040  lr 2.87e-04  10001.2s
          exits L11:3.704
step   5800  loss 3.6797  lr 2.87e-04  10034.8s
          exits L11:3.680
step   5820  loss 3.7104  lr 2.87e-04  10068.6s
          exits L11:3.710
step   5840  loss 3.5998  lr 2.87e-04  10102.2s
          exits L11:3.600
step   5860  loss 3.6080  lr 2.87e-04  10135.9s
          exits L11:3.608
step   5880  loss 3.6115  lr 2.87e-04  10169.5s
          exits L11:3.612
step   5900  loss 3.5654  lr 2.87e-04  10203.1s
          exits L11:3.565
step   5920  loss 3.5745  lr 2.86e-04  10239.6s
          exits L11:3.575
step   5940  loss 3.6427  lr 2.86e-04  10274.2s
          exits L11:3.643
step   5960  loss 3.5514  lr 2.86e-04  10307.9s
          exits L11:3.551
step   5980  loss 3.5649  lr 2.86e-04  10341.5s
          exits L11:3.565
  eval  loss 3.6368  exits L11:3.637
 threshold   mean depth   accuracy      nll    saved
----------------------------------------------------
     0.000    12.00/12      0.3120   3.8254    0.0%
     0.050    12.00/12      0.3120   3.8254    0.0%
     0.100    12.00/12      0.3120   3.8254    0.0%
     0.200    12.00/12      0.3120   3.8254    0.0%
     0.300    12.00/12      0.3120   3.8254    0.0%
     0.500    12.00/12      0.3120   3.8254    0.0%
     0.700    12.00/12      0.3120   3.8254    0.0%
     1.000    12.00/12      0.3120   3.8254    0.0%
  suggested exit_threshold 0.00 -> mean depth 12.00/12, 0.0% of blocks skipped
  saved /global/scratch/users/iparra/effortless-dev/checkpoints/vr-noexits/step-006000.pt
step   6000  loss 3.5794  lr 2.86e-04  10386.9s
          exits L11:3.579
step   6020  loss 3.5867  lr 2.86e-04  10420.5s
          exits L11:3.587
step   6040  loss 3.5761  lr 2.86e-04  10454.1s
          exits L11:3.576
step   6060  loss 3.6771  lr 2.86e-04  10487.8s
          exits L11:3.677
step   6080  loss 3.5980  lr 2.86e-04  10522.7s
          exits L11:3.598
step   6100  loss 3.6040  lr 2.86e-04  10556.4s
          exits L11:3.604
step   6120  loss 3.5959  lr 2.85e-04  10590.0s
          exits L11:3.596
step   6140  loss 3.6599  lr 2.85e-04  10623.7s
          exits L11:3.660
step   6160  loss 3.5153  lr 2.85e-04  10657.3s
          exits L11:3.515
step   6180  loss 3.6463  lr 2.85e-04  10690.9s
          exits L11:3.646
step   6200  loss 3.5699  lr 2.85e-04  10724.5s
          exits L11:3.570
step   6220  loss 3.5738  lr 2.85e-04  10758.2s
          exits L11:3.574
step   6240  loss 3.6897  lr 2.85e-04  10791.8s
          exits L11:3.690
step   6260  loss 3.5735  lr 2.85e-04  10825.4s
          exits L11:3.573
step   6280  loss 3.6746  lr 2.85e-04  10861.5s
          exits L11:3.675
step   6300  loss 3.5745  lr 2.84e-04  10896.2s
          exits L11:3.574
step   6320  loss 3.6333  lr 2.84e-04  10929.9s
          exits L11:3.633
step   6340  loss 3.6507  lr 2.84e-04  10963.5s
          exits L11:3.651
step   6360  loss 3.6136  lr 2.84e-04  11001.7s
          exits L11:3.614
step   6380  loss 3.5801  lr 2.84e-04  11035.5s
          exits L11:3.580
step   6400  loss 3.6768  lr 2.84e-04  11069.2s
          exits L11:3.677
step   6420  loss 3.6296  lr 2.84e-04  11102.9s
          exits L11:3.630
step   6440  loss 3.6835  lr 2.84e-04  11136.5s
          exits L11:3.683
step   6460  loss 3.6012  lr 2.84e-04  11170.6s
          exits L11:3.601
step   6480  loss 3.6744  lr 2.84e-04  11204.3s
          exits L11:3.674
  eval  loss 3.6108  exits L11:3.611
step   6500  loss 3.6299  lr 2.83e-04  11245.2s
          exits L11:3.630
step   6520  loss 3.5518  lr 2.83e-04  11278.8s
          exits L11:3.552
step   6540  loss 3.5760  lr 2.83e-04  11312.5s
          exits L11:3.576
step   6560  loss 3.5437  lr 2.83e-04  11346.1s
          exits L11:3.544
step   6580  loss 3.5402  lr 2.83e-04  11379.6s
          exits L11:3.540
step   6600  loss 3.5867  lr 2.83e-04  11413.3s
          exits L11:3.587
step   6620  loss 3.4913  lr 2.83e-04  11449.4s
          exits L11:3.491
step   6640  loss 3.6062  lr 2.83e-04  11483.9s
          exits L11:3.606
step   6660  loss 3.5875  lr 2.83e-04  11517.6s
          exits L11:3.587
step   6680  loss 3.6646  lr 2.82e-04  11551.2s
          exits L11:3.665
step   6700  loss 3.5985  lr 2.82e-04  11585.6s
          exits L11:3.598
step   6720  loss 3.5549  lr 2.82e-04  11619.5s
          exits L11:3.555
step   6740  loss 3.6332  lr 2.82e-04  11653.2s
          exits L11:3.633
step   6760  loss 3.6076  lr 2.82e-04  11686.9s
          exits L11:3.608
step   6780  loss 3.6626  lr 2.82e-04  11720.5s
          exits L11:3.663
step   6800  loss 3.5536  lr 2.82e-04  11754.1s
          exits L11:3.554
step   6820  loss 3.4996  lr 2.82e-04  11787.7s
          exits L11:3.500
step   6840  loss 3.5995  lr 2.82e-04  11822.6s
          exits L11:3.600
step   6860  loss 3.6335  lr 2.81e-04  11856.4s
          exits L11:3.634
step   6880  loss 3.5604  lr 2.81e-04  11890.0s
          exits L11:3.560
step   6900  loss 3.6139  lr 2.81e-04  11923.7s
          exits L11:3.614
step   6920  loss 3.6101  lr 2.81e-04  11957.4s
          exits L11:3.610
step   6940  loss 3.5100  lr 2.81e-04  11991.0s
          exits L11:3.510
step   6960  loss 3.6148  lr 2.81e-04  12024.7s
          exits L11:3.615
step   6980  loss 3.5299  lr 2.81e-04  12060.9s
          exits L11:3.530
  eval  loss 3.5925  exits L11:3.593
  saved /global/scratch/users/iparra/effortless-dev/checkpoints/vr-noexits/step-007000.pt
step   7000  loss 3.6815  lr 2.81e-04  12104.0s
          exits L11:3.682
step   7020  loss 3.6002  lr 2.81e-04  12137.6s
          exits L11:3.600
step   7040  loss 3.5914  lr 2.80e-04  12171.3s
          exits L11:3.591
step   7060  loss 3.6141  lr 2.80e-04  12205.4s
          exits L11:3.614
step   7080  loss 3.4606  lr 2.80e-04  12239.0s
          exits L11:3.461
step   7100  loss 3.5147  lr 2.80e-04  12273.0s
          exits L11:3.515
step   7120  loss 3.4855  lr 2.80e-04  12306.6s
          exits L11:3.485
step   7140  loss 3.5543  lr 2.80e-04  12340.3s
          exits L11:3.554
step   7160  loss 3.5371  lr 2.80e-04  12374.0s
          exits L11:3.537
step   7180  loss 3.5110  lr 2.80e-04  12407.6s
          exits L11:3.511
step   7200  loss 3.5764  lr 2.79e-04  12442.1s
          exits L11:3.576
step   7220  loss 3.6013  lr 2.79e-04  12475.8s
          exits L11:3.601
step   7240  loss 3.5957  lr 2.79e-04  12509.5s
          exits L11:3.596
step   7260  loss 3.4903  lr 2.79e-04  12543.1s
          exits L11:3.490
step   7280  loss 3.4989  lr 2.79e-04  12576.8s
          exits L11:3.499
step   7300  loss 3.6149  lr 2.79e-04  12610.5s
          exits L11:3.615
step   7320  loss 3.5214  lr 2.79e-04  12647.1s
          exits L11:3.521
step   7340  loss 3.5617  lr 2.79e-04  12680.7s
          exits L11:3.562
step   7360  loss 3.5847  lr 2.78e-04  12717.7s
          exits L11:3.585
step   7380  loss 3.5630  lr 2.78e-04  12751.3s
          exits L11:3.563
step   7400  loss 3.5994  lr 2.78e-04  12785.5s
          exits L11:3.599
step   7420  loss 3.6332  lr 2.78e-04  12819.2s
          exits L11:3.633
step   7440  loss 3.5215  lr 2.78e-04  12852.9s
          exits L11:3.522
step   7460  loss 3.5671  lr 2.78e-04  12886.7s
          exits L11:3.567
step   7480  loss 3.5149  lr 2.78e-04  12920.4s
          exits L11:3.515
  eval  loss 3.5758  exits L11:3.576
step   7500  loss 3.4934  lr 2.78e-04  12961.2s
          exits L11:3.493
step   7520  loss 3.5724  lr 2.77e-04  12994.8s
          exits L11:3.572
step   7540  loss 3.5299  lr 2.77e-04  13028.4s
          exits L11:3.530
step   7560  loss 3.5530  lr 2.77e-04  13063.5s
          exits L11:3.553
step   7580  loss 3.3868  lr 2.77e-04  13097.3s
          exits L11:3.387
step   7600  loss 3.6174  lr 2.77e-04  13130.9s
          exits L11:3.617
step   7620  loss 3.5051  lr 2.77e-04  13164.5s
          exits L11:3.505
step   7640  loss 3.5657  lr 2.77e-04  13198.2s
          exits L11:3.566
step   7660  loss 3.5557  lr 2.77e-04  13231.9s
          exits L11:3.556
step   7680  loss 3.5977  lr 2.76e-04  13267.9s
          exits L11:3.598
step   7700  loss 3.5873  lr 2.76e-04  13302.1s
          exits L11:3.587
step   7720  loss 3.5933  lr 2.76e-04  13339.1s
          exits L11:3.593
step   7740  loss 3.5041  lr 2.76e-04  13372.7s
          exits L11:3.504
step   7760  loss 3.5906  lr 2.76e-04  13406.9s
          exits L11:3.591
step   7780  loss 3.5781  lr 2.76e-04  13440.5s
          exits L11:3.578
step   7800  loss 3.6486  lr 2.76e-04  13474.1s
          exits L11:3.649
step   7820  loss 3.5331  lr 2.76e-04  13507.9s
          exits L11:3.533
step   7840  loss 3.5496  lr 2.75e-04  13541.5s
          exits L11:3.550
step   7860  loss 3.6478  lr 2.75e-04  13575.1s
          exits L11:3.648
step   7880  loss 3.5438  lr 2.75e-04  13608.8s
          exits L11:3.544
step   7900  loss 3.5949  lr 2.75e-04  13642.3s
          exits L11:3.595
step   7920  loss 3.5510  lr 2.75e-04  13676.1s
          exits L11:3.551
step   7940  loss 3.4891  lr 2.75e-04  13709.7s
          exits L11:3.489
step   7960  loss 3.5473  lr 2.75e-04  13744.1s
          exits L11:3.547
step   7980  loss 3.4961  lr 2.75e-04  13778.0s
          exits L11:3.496
  eval  loss 3.5578  exits L11:3.558
 threshold   mean depth   accuracy      nll    saved
----------------------------------------------------
     0.000    12.00/12      0.3193   3.7495    0.0%
     0.050    12.00/12      0.3193   3.7495    0.0%
     0.100    12.00/12      0.3193   3.7495    0.0%
     0.200    12.00/12      0.3193   3.7495    0.0%
     0.300    12.00/12      0.3193   3.7495    0.0%
     0.500    12.00/12      0.3193   3.7495    0.0%
     0.700    12.00/12      0.3193   3.7495    0.0%
     1.000    12.00/12      0.3193   3.7495    0.0%
  suggested exit_threshold 0.00 -> mean depth 12.00/12, 0.0% of blocks skipped
  saved /global/scratch/users/iparra/effortless-dev/checkpoints/vr-noexits/step-008000.pt
step   8000  loss 3.5704  lr 2.74e-04  13823.1s
          exits L11:3.570
step   8020  loss 3.5547  lr 2.74e-04  13858.8s
          exits L11:3.555
step   8040  loss 3.5307  lr 2.74e-04  13892.5s
          exits L11:3.531
step   8060  loss 3.5557  lr 2.74e-04  13926.8s
          exits L11:3.556
step   8080  loss 3.5271  lr 2.74e-04  13960.4s
          exits L11:3.527
step   8100  loss 3.5074  lr 2.74e-04  13994.1s
          exits L11:3.507
step   8120  loss 3.4941  lr 2.74e-04  14027.7s
          exits L11:3.494
step   8140  loss 3.5320  lr 2.73e-04  14061.4s
          exits L11:3.532
step   8160  loss 3.4993  lr 2.73e-04  14095.1s
          exits L11:3.499
step   8180  loss 3.5379  lr 2.73e-04  14128.8s
          exits L11:3.538
step   8200  loss 3.5777  lr 2.73e-04  14162.4s
          exits L11:3.578
step   8220  loss 3.4665  lr 2.73e-04  14196.0s
          exits L11:3.467
step   8240  loss 3.5291  lr 2.73e-04  14229.7s
          exits L11:3.529
step   8260  loss 3.5721  lr 2.73e-04  14263.3s
          exits L11:3.572
step   8280  loss 3.5179  lr 2.73e-04  14296.9s
          exits L11:3.518
step   8300  loss 3.5245  lr 2.72e-04  14330.6s
          exits L11:3.524
step   8320  loss 3.4753  lr 2.72e-04  14364.3s
          exits L11:3.475
step   8340  loss 3.4607  lr 2.72e-04  14397.9s
          exits L11:3.461
step   8360  loss 3.5077  lr 2.72e-04  14436.4s
          exits L11:3.508
step   8380  loss 3.5717  lr 2.72e-04  14472.8s
          exits L11:3.572
step   8400  loss 3.6054  lr 2.72e-04  14507.4s
          exits L11:3.605
step   8420  loss 3.6087  lr 2.72e-04  14541.2s
          exits L11:3.609
step   8440  loss 3.4068  lr 2.71e-04  14574.9s
          exits L11:3.407
step   8460  loss 3.4844  lr 2.71e-04  14608.6s
          exits L11:3.484
step   8480  loss 3.5133  lr 2.71e-04  14642.2s
          exits L11:3.513
  eval  loss 3.5410  exits L11:3.541
step   8500  loss 3.5785  lr 2.71e-04  14683.0s
          exits L11:3.578
step   8520  loss 3.4216  lr 2.71e-04  14716.7s
          exits L11:3.422
step   8540  loss 3.4730  lr 2.71e-04  14750.4s
          exits L11:3.473
step   8560  loss 3.5674  lr 2.71e-04  14784.0s
          exits L11:3.567
step   8580  loss 3.5277  lr 2.70e-04  14817.7s
          exits L11:3.528
step   8600  loss 3.4800  lr 2.70e-04  14851.4s
          exits L11:3.480
step   8620  loss 3.5877  lr 2.70e-04  14885.1s
          exits L11:3.588
step   8640  loss 3.4473  lr 2.70e-04  14918.8s
          exits L11:3.447
step   8660  loss 3.4642  lr 2.70e-04  14952.4s
          exits L11:3.464
step   8680  loss 3.4838  lr 2.70e-04  14986.1s
          exits L11:3.484
step   8700  loss 3.5268  lr 2.70e-04  15020.5s
          exits L11:3.527
step   8720  loss 3.4884  lr 2.69e-04  15061.7s
          exits L11:3.488
step   8740  loss 3.4869  lr 2.69e-04  15095.7s
          exits L11:3.487
step   8760  loss 3.5133  lr 2.69e-04  15130.2s
          exits L11:3.513
step   8780  loss 3.5712  lr 2.69e-04  15163.9s
          exits L11:3.571
step   8800  loss 3.5262  lr 2.69e-04  15197.6s
          exits L11:3.526
step   8820  loss 3.5031  lr 2.69e-04  15231.3s
          exits L11:3.503
step   8840  loss 3.4458  lr 2.69e-04  15265.0s
          exits L11:3.446
step   8860  loss 3.5482  lr 2.68e-04  15298.8s
          exits L11:3.548
step   8880  loss 3.5988  lr 2.68e-04  15332.4s
          exits L11:3.599
step   8900  loss 3.5718  lr 2.68e-04  15366.1s
          exits L11:3.572
step   8920  loss 3.4897  lr 2.68e-04  15399.8s
          exits L11:3.490
step   8940  loss 3.4337  lr 2.68e-04  15433.5s
          exits L11:3.434
step   8960  loss 3.5462  lr 2.68e-04  15467.1s
          exits L11:3.546
step   8980  loss 3.4228  lr 2.68e-04  15500.8s
          exits L11:3.423
  eval  loss 3.5266  exits L11:3.527
  saved /global/scratch/users/iparra/effortless-dev/checkpoints/vr-noexits/step-009000.pt
step   9000  loss 3.5095  lr 2.67e-04  15543.6s
          exits L11:3.510
step   9020  loss 3.4647  lr 2.67e-04  15577.3s
          exits L11:3.465
step   9040  loss 3.5850  lr 2.67e-04  15611.0s
          exits L11:3.585
step   9060  loss 3.5430  lr 2.67e-04  15645.2s
          exits L11:3.543
step   9080  loss 3.5265  lr 2.67e-04  15680.3s
          exits L11:3.527
step   9100  loss 3.5109  lr 2.67e-04  15714.8s
          exits L11:3.511
step   9120  loss 3.4642  lr 2.67e-04  15748.5s
          exits L11:3.464
step   9140  loss 3.5017  lr 2.66e-04  15782.1s
          exits L11:3.502
step   9160  loss 3.4810  lr 2.66e-04  15815.7s
          exits L11:3.481
step   9180  loss 3.4700  lr 2.66e-04  15849.4s
          exits L11:3.470
step   9200  loss 3.4625  lr 2.66e-04  15883.0s
          exits L11:3.462
step   9220  loss 3.4322  lr 2.66e-04  15916.6s
          exits L11:3.432
step   9240  loss 3.4305  lr 2.66e-04  15950.2s
          exits L11:3.431
step   9260  loss 3.5671  lr 2.66e-04  15983.9s
          exits L11:3.567
step   9280  loss 3.5452  lr 2.65e-04  16017.5s
          exits L11:3.545
step   9300  loss 3.4886  lr 2.65e-04  16051.2s
          exits L11:3.489
step   9320  loss 3.3986  lr 2.65e-04  16084.7s
          exits L11:3.399
step   9340  loss 3.5110  lr 2.65e-04  16118.3s
          exits L11:3.511
step   9360  loss 3.4951  lr 2.65e-04  16156.5s
          exits L11:3.495
step   9380  loss 3.5348  lr 2.65e-04  16190.2s
          exits L11:3.535
step   9400  loss 3.3361  lr 2.64e-04  16224.6s
          exits L11:3.336
step   9420  loss 3.4489  lr 2.64e-04  16261.1s
          exits L11:3.449
step   9440  loss 3.4962  lr 2.64e-04  16294.8s
          exits L11:3.496
step   9460  loss 3.5832  lr 2.64e-04  16329.4s
          exits L11:3.583
step   9480  loss 3.4757  lr 2.64e-04  16363.1s
          exits L11:3.476
  eval  loss 3.5113  exits L11:3.511
step   9500  loss 3.4548  lr 2.64e-04  16403.8s
          exits L11:3.455
step   9520  loss 3.4769  lr 2.64e-04  16437.4s
          exits L11:3.477
step   9540  loss 3.4842  lr 2.63e-04  16471.1s
          exits L11:3.484
step   9560  loss 3.5461  lr 2.63e-04  16504.8s
          exits L11:3.546
step   9580  loss 3.5190  lr 2.63e-04  16538.5s
          exits L11:3.519
step   9600  loss 3.4332  lr 2.63e-04  16572.1s
          exits L11:3.433
step   9620  loss 3.4914  lr 2.63e-04  16605.7s
          exits L11:3.491
step   9640  loss 3.5710  lr 2.63e-04  16639.4s
          exits L11:3.571
step   9660  loss 3.4371  lr 2.62e-04  16673.0s
          exits L11:3.437
step   9680  loss 3.4638  lr 2.62e-04  16706.6s
          exits L11:3.464
step   9700  loss 3.5017  lr 2.62e-04  16740.3s
          exits L11:3.502
step   9720  loss 3.5902  lr 2.62e-04  16774.3s
          exits L11:3.590
step   9740  loss 3.4819  lr 2.62e-04  16808.5s
          exits L11:3.482
step   9760  loss 3.4890  lr 2.62e-04  16843.1s
          exits L11:3.489
step   9780  loss 3.4919  lr 2.62e-04  16879.3s
          exits L11:3.492
step   9800  loss 3.4079  lr 2.61e-04  16913.0s
          exits L11:3.408
step   9820  loss 3.5331  lr 2.61e-04  16948.1s
          exits L11:3.533
step   9840  loss 3.5012  lr 2.61e-04  16981.7s
          exits L11:3.501
step   9860  loss 3.5288  lr 2.61e-04  17015.4s
          exits L11:3.529
step   9880  loss 3.5473  lr 2.61e-04  17049.1s
          exits L11:3.547
step   9900  loss 3.5058  lr 2.61e-04  17082.8s
          exits L11:3.506
step   9920  loss 3.3849  lr 2.60e-04  17116.5s
          exits L11:3.385
step   9940  loss 3.5417  lr 2.60e-04  17150.0s
          exits L11:3.542
step   9960  loss 3.4738  lr 2.60e-04  17183.7s
          exits L11:3.474
step   9980  loss 3.4109  lr 2.60e-04  17217.3s
          exits L11:3.411
  eval  loss 3.4988  exits L11:3.499
 threshold   mean depth   accuracy      nll    saved
----------------------------------------------------
     0.000    12.00/12      0.3198   3.6984    0.0%
     0.050    12.00/12      0.3198   3.6984    0.0%
     0.100    12.00/12      0.3198   3.6984    0.0%
     0.200    12.00/12      0.3198   3.6984    0.0%
     0.300    12.00/12      0.3198   3.6984    0.0%
     0.500    12.00/12      0.3198   3.6984    0.0%
     0.700    12.00/12      0.3198   3.6984    0.0%
     1.000    12.00/12      0.3198   3.6984    0.0%
  suggested exit_threshold 0.00 -> mean depth 12.00/12, 0.0% of blocks skipped
  saved /global/scratch/users/iparra/effortless-dev/checkpoints/vr-noexits/step-010000.pt
step  10000  loss 3.5248  lr 2.60e-04  17262.7s
          exits L11:3.525
step  10020  loss 3.4954  lr 2.60e-04  17296.4s
          exits L11:3.495
step  10040  loss 3.4738  lr 2.59e-04  17330.0s
          exits L11:3.474
step  10060  loss 3.4779  lr 2.59e-04  17363.7s
          exits L11:3.478
step  10080  loss 3.5276  lr 2.59e-04  17397.4s
          exits L11:3.528
step  10100  loss 3.4666  lr 2.59e-04  17431.0s
          exits L11:3.467
step  10120  loss 3.4418  lr 2.59e-04  17467.8s
          exits L11:3.442
step  10140  loss 3.5195  lr 2.59e-04  17501.4s
          exits L11:3.519
step  10160  loss 3.5416  lr 2.58e-04  17535.7s
          exits L11:3.542
step  10180  loss 3.4343  lr 2.58e-04  17569.3s
          exits L11:3.434
step  10200  loss 3.4919  lr 2.58e-04  17602.9s
          exits L11:3.492
step  10220  loss 3.5016  lr 2.58e-04  17636.6s
          exits L11:3.502
step  10240  loss 3.4666  lr 2.58e-04  17670.3s
          exits L11:3.467
step  10260  loss 3.5012  lr 2.58e-04  17703.9s
          exits L11:3.501
step  10280  loss 3.4578  lr 2.57e-04  17737.5s
          exits L11:3.458
step  10300  loss 3.5601  lr 2.57e-04  17771.2s
          exits L11:3.560
step  10320  loss 3.4186  lr 2.57e-04  17804.9s
          exits L11:3.419
step  10340  loss 3.4119  lr 2.57e-04  17838.5s
          exits L11:3.412
step  10360  loss 3.4950  lr 2.57e-04  17877.1s
          exits L11:3.495
step  10380  loss 3.4389  lr 2.57e-04  17911.1s
          exits L11:3.439
step  10400  loss 3.4046  lr 2.56e-04  17944.8s
          exits L11:3.405
step  10420  loss 3.4629  lr 2.56e-04  17978.4s
          exits L11:3.463
step  10440  loss 3.5017  lr 2.56e-04  18012.0s
          exits L11:3.502
step  10460  loss 3.4753  lr 2.56e-04  18045.9s
          exits L11:3.475
step  10480  loss 3.3684  lr 2.56e-04  18082.4s
          exits L11:3.368
  eval  loss 3.4886  exits L11:3.489
step  10500  loss 3.5170  lr 2.56e-04  18123.1s
          exits L11:3.517
step  10520  loss 3.5379  lr 2.55e-04  18157.6s
          exits L11:3.538
step  10540  loss 3.4179  lr 2.55e-04  18191.2s
          exits L11:3.418
step  10560  loss 3.4877  lr 2.55e-04  18224.8s
          exits L11:3.488
step  10580  loss 3.4774  lr 2.55e-04  18258.5s
          exits L11:3.477
step  10600  loss 3.4215  lr 2.55e-04  18292.1s
          exits L11:3.421
step  10620  loss 3.4751  lr 2.55e-04  18325.8s
          exits L11:3.475
step  10640  loss 3.4489  lr 2.54e-04  18359.4s
          exits L11:3.449
step  10660  loss 3.4673  lr 2.54e-04  18393.1s
          exits L11:3.467
step  10680  loss 3.4706  lr 2.54e-04  18426.8s
          exits L11:3.471
step  10700  loss 3.4864  lr 2.54e-04  18460.9s
          exits L11:3.486
step  10720  loss 3.4381  lr 2.54e-04  18494.9s
          exits L11:3.438
step  10740  loss 3.3743  lr 2.54e-04  18528.7s
          exits L11:3.374
step  10760  loss 3.5058  lr 2.53e-04  18563.4s
          exits L11:3.506
step  10780  loss 3.5268  lr 2.53e-04  18597.2s
          exits L11:3.527
step  10800  loss 3.3361  lr 2.53e-04  18630.8s
          exits L11:3.336
step  10820  loss 3.4780  lr 2.53e-04  18666.9s
          exits L11:3.478
step  10840  loss 3.4514  lr 2.53e-04  18700.6s
          exits L11:3.451
step  10860  loss 3.5350  lr 2.53e-04  18738.1s
          exits L11:3.535
step  10880  loss 3.3963  lr 2.52e-04  18772.4s
          exits L11:3.396
step  10900  loss 3.4454  lr 2.52e-04  18806.1s
          exits L11:3.445
step  10920  loss 3.5721  lr 2.52e-04  18839.8s
          exits L11:3.572
step  10940  loss 3.3930  lr 2.52e-04  18873.5s
          exits L11:3.393
step  10960  loss 3.4056  lr 2.52e-04  18907.1s
          exits L11:3.406
step  10980  loss 3.4602  lr 2.52e-04  18940.7s
          exits L11:3.460
  eval  loss 3.4785  exits L11:3.479
  saved /global/scratch/users/iparra/effortless-dev/checkpoints/vr-noexits/step-011000.pt
step  11000  loss 3.4954  lr 2.51e-04  18983.2s
          exits L11:3.495
step  11020  loss 3.4112  lr 2.51e-04  19016.9s
          exits L11:3.411
step  11040  loss 3.5033  lr 2.51e-04  19050.5s
          exits L11:3.503
step  11060  loss 3.4600  lr 2.51e-04  19085.0s
          exits L11:3.460
step  11080  loss 3.4775  lr 2.51e-04  19118.6s
          exits L11:3.478
step  11100  loss 3.4402  lr 2.51e-04  19152.4s
          exits L11:3.440
step  11120  loss 3.4354  lr 2.50e-04  19186.1s
          exits L11:3.435
step  11140  loss 3.4269  lr 2.50e-04  19219.7s
          exits L11:3.427
step  11160  loss 3.4842  lr 2.50e-04  19253.4s
          exits L11:3.484
step  11180  loss 3.4284  lr 2.50e-04  19290.4s
          exits L11:3.428
step  11200  loss 3.5264  lr 2.50e-04  19324.1s
          exits L11:3.526
step  11220  loss 3.4458  lr 2.49e-04  19358.4s
          exits L11:3.446
step  11240  loss 3.4640  lr 2.49e-04  19392.0s
          exits L11:3.464
step  11260  loss 3.4484  lr 2.49e-04  19425.6s
          exits L11:3.448
step  11280  loss 3.3873  lr 2.49e-04  19459.2s
          exits L11:3.387
step  11300  loss 3.4329  lr 2.49e-04  19492.9s
          exits L11:3.433
step  11320  loss 3.4442  lr 2.49e-04  19526.5s
          exits L11:3.444
step  11340  loss 3.4326  lr 2.48e-04  19560.1s
          exits L11:3.433
step  11360  loss 3.4696  lr 2.48e-04  19600.9s
          exits L11:3.470
step  11380  loss 3.4494  lr 2.48e-04  19634.7s
          exits L11:3.449
step  11400  loss 3.4306  lr 2.48e-04  19669.2s
          exits L11:3.431
step  11420  loss 3.4201  lr 2.48e-04  19703.0s
          exits L11:3.420
step  11440  loss 3.4170  lr 2.48e-04  19736.7s
          exits L11:3.417
step  11460  loss 3.4404  lr 2.47e-04  19770.4s
          exits L11:3.440
step  11480  loss 3.4574  lr 2.47e-04  19804.1s
          exits L11:3.457
  eval  loss 3.4678  exits L11:3.468
step  11500  loss 3.4377  lr 2.47e-04  19844.8s
          exits L11:3.438
step  11520  loss 3.4567  lr 2.47e-04  19880.1s
          exits L11:3.457
step  11540  loss 3.4796  lr 2.47e-04  19913.7s
          exits L11:3.480
step  11560  loss 3.4476  lr 2.46e-04  19947.3s
          exits L11:3.448
step  11580  loss 3.5079  lr 2.46e-04  19981.8s
          exits L11:3.508
step  11600  loss 3.3678  lr 2.46e-04  20015.5s
          exits L11:3.368
step  11620  loss 3.4557  lr 2.46e-04  20049.2s
          exits L11:3.456
step  11640  loss 3.4525  lr 2.46e-04  20082.8s
          exits L11:3.453
step  11660  loss 3.4112  lr 2.46e-04  20116.5s
          exits L11:3.411
step  11680  loss 3.3724  lr 2.45e-04  20150.1s
          exits L11:3.372
step  11700  loss 3.3637  lr 2.45e-04  20183.8s
          exits L11:3.364
step  11720  loss 3.4787  lr 2.45e-04  20218.4s
          exits L11:3.479
step  11740  loss 3.4050  lr 2.45e-04  20252.2s
          exits L11:3.405
step  11760  loss 3.4577  lr 2.45e-04  20286.5s
          exits L11:3.458
step  11780  loss 3.4777  lr 2.44e-04  20320.1s
          exits L11:3.478
step  11800  loss 3.3852  lr 2.44e-04  20353.7s
          exits L11:3.385
step  11820  loss 3.4260  lr 2.44e-04  20387.5s
          exits L11:3.426
step  11840  loss 3.3506  lr 2.44e-04  20421.1s
          exits L11:3.351
step  11860  loss 3.3974  lr 2.44e-04  20454.6s
          exits L11:3.397
step  11880  loss 3.4638  lr 2.44e-04  20493.9s
          exits L11:3.464
step  11900  loss 3.3691  lr 2.43e-04  20527.5s
          exits L11:3.369
step  11920  loss 3.4086  lr 2.43e-04  20562.1s
          exits L11:3.409
step  11940  loss 3.4946  lr 2.43e-04  20595.7s
          exits L11:3.495
step  11960  loss 3.5070  lr 2.43e-04  20629.3s
          exits L11:3.507
step  11980  loss 3.3804  lr 2.43e-04  20663.0s
          exits L11:3.380
  eval  loss 3.4560  exits L11:3.456
 threshold   mean depth   accuracy      nll    saved
----------------------------------------------------
     0.000    12.00/12      0.3264   3.6694    0.0%
     0.050    12.00/12      0.3264   3.6694    0.0%
     0.100    12.00/12      0.3264   3.6694    0.0%
     0.200    12.00/12      0.3264   3.6694    0.0%
     0.300    12.00/12      0.3264   3.6694    0.0%
     0.500    12.00/12      0.3264   3.6694    0.0%
     0.700    12.00/12      0.3264   3.6694    0.0%
     1.000    12.00/12      0.3264   3.6694    0.0%
  suggested exit_threshold 0.00 -> mean depth 12.00/12, 0.0% of blocks skipped
  saved /global/scratch/users/iparra/effortless-dev/checkpoints/vr-noexits/step-012000.pt
step  12000  loss 3.3678  lr 2.42e-04  20708.1s
          exits L11:3.368
step  12020  loss 3.5044  lr 2.42e-04  20741.7s
          exits L11:3.504
step  12040  loss 3.4180  lr 2.42e-04  20775.4s
          exits L11:3.418
step  12060  loss 3.4451  lr 2.42e-04  20809.4s
          exits L11:3.445
step  12080  loss 3.5108  lr 2.42e-04  20843.2s
          exits L11:3.511
step  12100  loss 3.5261  lr 2.42e-04  20876.9s
          exits L11:3.526
step  12120  loss 3.4019  lr 2.41e-04  20910.6s
          exits L11:3.402
step  12140  loss 3.3798  lr 2.41e-04  20944.2s
          exits L11:3.380
step  12160  loss 3.3855  lr 2.41e-04  20977.8s
          exits L11:3.385
step  12180  loss 3.3351  lr 2.41e-04  21011.4s
          exits L11:3.335
step  12200  loss 3.4497  lr 2.41e-04  21045.1s
          exits L11:3.450
step  12220  loss 3.4902  lr 2.40e-04  21084.9s
          exits L11:3.490
step  12240  loss 3.3887  lr 2.40e-04  21118.6s
          exits L11:3.389
step  12260  loss 3.4543  lr 2.40e-04  21152.2s
          exits L11:3.454
step  12280  loss 3.4966  lr 2.40e-04  21186.8s
          exits L11:3.497
step  12300  loss 3.4591  lr 2.40e-04  21220.3s
          exits L11:3.459
step  12320  loss 3.4450  lr 2.39e-04  21253.9s
          exits L11:3.445
step  12340  loss 3.3890  lr 2.39e-04  21287.6s
          exits L11:3.389
step  12360  loss 3.4676  lr 2.39e-04  21322.4s
          exits L11:3.468
step  12380  loss 3.4401  lr 2.39e-04  21356.2s
          exits L11:3.440
step  12400  loss 3.4072  lr 2.39e-04  21389.9s
          exits L11:3.407
step  12420  loss 3.4036  lr 2.39e-04  21423.6s
          exits L11:3.404
step  12440  loss 3.4801  lr 2.38e-04  21457.6s
          exits L11:3.480
step  12460  loss 3.3726  lr 2.38e-04  21491.4s
          exits L11:3.373
step  12480  loss 3.4659  lr 2.38e-04  21525.0s
          exits L11:3.466
  eval  loss 3.4478  exits L11:3.448
step  12500  loss 3.4817  lr 2.38e-04  21565.8s
          exits L11:3.482
step  12520  loss 3.3842  lr 2.38e-04  21599.4s
          exits L11:3.384
step  12540  loss 3.4240  lr 2.37e-04  21633.1s
          exits L11:3.424
step  12560  loss 3.4267  lr 2.37e-04  21669.1s
          exits L11:3.427
step  12580  loss 3.5449  lr 2.37e-04  21702.7s
          exits L11:3.545
step  12600  loss 3.4067  lr 2.37e-04  21736.3s
          exits L11:3.407
step  12620  loss 3.4713  lr 2.37e-04  21770.4s
          exits L11:3.471
step  12640  loss 3.4527  lr 2.36e-04  21804.0s
          exits L11:3.453
step  12660  loss 3.5188  lr 2.36e-04  21837.6s
          exits L11:3.519
step  12680  loss 3.4135  lr 2.36e-04  21871.2s
          exits L11:3.414
step  12700  loss 3.3991  lr 2.36e-04  21905.5s
          exits L11:3.399
step  12720  loss 3.4447  lr 2.36e-04  21939.6s
          exits L11:3.445
step  12740  loss 3.4383  lr 2.35e-04  21973.4s
          exits L11:3.438
step  12760  loss 3.3576  lr 2.35e-04  22006.9s
          exits L11:3.358
step  12780  loss 3.4230  lr 2.35e-04  22040.5s
          exits L11:3.423
step  12800  loss 3.4533  lr 2.35e-04  22073.9s
          exits L11:3.453
step  12820  loss 3.4072  lr 2.35e-04  22107.5s
          exits L11:3.407
step  12840  loss 3.4649  lr 2.35e-04  22141.1s
          exits L11:3.465
step  12860  loss 3.4349  lr 2.34e-04  22179.7s
          exits L11:3.435
step  12880  loss 3.3562  lr 2.34e-04  22213.4s
          exits L11:3.356
step  12900  loss 3.4648  lr 2.34e-04  22247.0s
          exits L11:3.465
step  12920  loss 3.4506  lr 2.34e-04  22281.8s
          exits L11:3.451
step  12940  loss 3.3774  lr 2.34e-04  22315.4s
          exits L11:3.377
step  12960  loss 3.4344  lr 2.33e-04  22349.1s
          exits L11:3.434
step  12980  loss 3.4899  lr 2.33e-04  22383.3s
          exits L11:3.490
  eval  loss 3.4379  exits L11:3.438
  saved /global/scratch/users/iparra/effortless-dev/checkpoints/vr-noexits/step-013000.pt
step  13000  loss 3.3901  lr 2.33e-04  22425.8s
          exits L11:3.390
step  13020  loss 3.4174  lr 2.33e-04  22459.4s
          exits L11:3.417
step  13040  loss 3.4896  lr 2.33e-04  22493.0s
          exits L11:3.490
step  13060  loss 3.4560  lr 2.32e-04  22527.4s
          exits L11:3.456
step  13080  loss 3.4907  lr 2.32e-04  22561.3s
          exits L11:3.491
step  13100  loss 3.3583  lr 2.32e-04  22595.1s
          exits L11:3.358
step  13120  loss 3.4819  lr 2.32e-04  22628.7s
          exits L11:3.482
step  13140  loss 3.4505  lr 2.32e-04  22662.3s
          exits L11:3.450
step  13160  loss 3.3854  lr 2.31e-04  22695.9s
          exits L11:3.385
step  13180  loss 3.3428  lr 2.31e-04  22729.5s
          exits L11:3.343
step  13200  loss 3.3702  lr 2.31e-04  22763.1s
          exits L11:3.370
step  13220  loss 3.4059  lr 2.31e-04  22796.7s
          exits L11:3.406
step  13240  loss 3.4189  lr 2.31e-04  22830.4s
          exits L11:3.419
step  13260  loss 3.4472  lr 2.30e-04  22866.1s
          exits L11:3.447
step  13280  loss 3.4018  lr 2.30e-04  22899.7s
          exits L11:3.402
step  13300  loss 3.4140  lr 2.30e-04  22933.3s
          exits L11:3.414
step  13320  loss 3.3879  lr 2.30e-04  22966.9s
          exits L11:3.388
step  13340  loss 3.4221  lr 2.30e-04  23001.4s
          exits L11:3.422
step  13360  loss 3.4164  lr 2.29e-04  23040.9s
          exits L11:3.416
step  13380  loss 3.4273  lr 2.29e-04  23075.0s
          exits L11:3.427
step  13400  loss 3.4242  lr 2.29e-04  23109.2s
          exits L11:3.424
step  13420  loss 3.3932  lr 2.29e-04  23143.3s
          exits L11:3.393
step  13440  loss 3.4247  lr 2.29e-04  23176.9s
          exits L11:3.425
step  13460  loss 3.3756  lr 2.28e-04  23210.7s
          exits L11:3.376
step  13480  loss 3.3701  lr 2.28e-04  23244.3s
          exits L11:3.370
  eval  loss 3.4293  exits L11:3.429
step  13500  loss 3.4022  lr 2.28e-04  23285.0s
          exits L11:3.402
step  13520  loss 3.3808  lr 2.28e-04  23318.6s
          exits L11:3.381
step  13540  loss 3.4189  lr 2.28e-04  23352.2s
          exits L11:3.419
step  13560  loss 3.4581  lr 2.27e-04  23385.9s
          exits L11:3.458
step  13580  loss 3.4254  lr 2.27e-04  23419.5s
          exits L11:3.425
step  13600  loss 3.3627  lr 2.27e-04  23453.2s
          exits L11:3.363
step  13620  loss 3.4060  lr 2.27e-04  23489.7s
          exits L11:3.406
step  13640  loss 3.3872  lr 2.27e-04  23523.3s
          exits L11:3.387
step  13660  loss 3.4066  lr 2.26e-04  23556.9s
          exits L11:3.407
step  13680  loss 3.4582  lr 2.26e-04  23591.8s
          exits L11:3.458
step  13700  loss 3.3171  lr 2.26e-04  23625.4s
          exits L11:3.317
step  13720  loss 3.3507  lr 2.26e-04  23660.3s
          exits L11:3.351
step  13740  loss 3.3626  lr 2.26e-04  23694.0s
          exits L11:3.363
step  13760  loss 3.3250  lr 2.25e-04  23731.9s
          exits L11:3.325
step  13780  loss 3.4644  lr 2.25e-04  23765.7s
          exits L11:3.464
step  13800  loss 3.2856  lr 2.25e-04  23799.3s
          exits L11:3.286
step  13820  loss 3.3646  lr 2.25e-04  23833.2s
          exits L11:3.365
step  13840  loss 3.3563  lr 2.25e-04  23866.9s
          exits L11:3.356
step  13860  loss 3.3904  lr 2.24e-04  23900.6s
          exits L11:3.390
step  13880  loss 3.4485  lr 2.24e-04  23934.3s
          exits L11:3.449
step  13900  loss 3.3516  lr 2.24e-04  23968.0s
          exits L11:3.352
step  13920  loss 3.4428  lr 2.24e-04  24001.6s
          exits L11:3.443
step  13940  loss 3.4551  lr 2.24e-04  24035.3s
          exits L11:3.455
step  13960  loss 3.4517  lr 2.23e-04  24071.9s
          exits L11:3.452
step  13980  loss 3.3614  lr 2.23e-04  24105.6s
          exits L11:3.361
  eval  loss 3.4208  exits L11:3.421
 threshold   mean depth   accuracy      nll    saved
----------------------------------------------------
     0.000    12.00/12      0.3335   3.6196    0.0%
     0.050    12.00/12      0.3335   3.6196    0.0%
     0.100    12.00/12      0.3335   3.6196    0.0%
     0.200    12.00/12      0.3335   3.6196    0.0%
     0.300    12.00/12      0.3335   3.6196    0.0%
     0.500    12.00/12      0.3335   3.6196    0.0%
     0.700    12.00/12      0.3335   3.6196    0.0%
     1.000    12.00/12      0.3335   3.6196    0.0%
  suggested exit_threshold 0.00 -> mean depth 12.00/12, 0.0% of blocks skipped
  saved /global/scratch/users/iparra/effortless-dev/checkpoints/vr-noexits/step-014000.pt
step  14000  loss 3.3947  lr 2.23e-04  24153.6s
          exits L11:3.395
step  14020  loss 3.3878  lr 2.23e-04  24188.2s
          exits L11:3.388
step  14040  loss 3.3747  lr 2.23e-04  24221.9s
          exits L11:3.375
step  14060  loss 3.3858  lr 2.22e-04  24255.5s
          exits L11:3.386
step  14080  loss 3.4243  lr 2.22e-04  24289.2s
          exits L11:3.424
step  14100  loss 3.3423  lr 2.22e-04  24322.9s
          exits L11:3.342
step  14120  loss 3.3842  lr 2.22e-04  24356.7s
          exits L11:3.384
step  14140  loss 3.3950  lr 2.22e-04  24390.4s
          exits L11:3.395
step  14160  loss 3.3840  lr 2.21e-04  24424.1s
          exits L11:3.384
step  14180  loss 3.3679  lr 2.21e-04  24457.8s
          exits L11:3.368
step  14200  loss 3.3808  lr 2.21e-04  24491.4s
          exits L11:3.381
step  14220  loss 3.4694  lr 2.21e-04  24525.1s
          exits L11:3.469
step  14240  loss 3.3450  lr 2.21e-04  24558.8s
          exits L11:3.345
step  14260  loss 3.3962  lr 2.20e-04  24592.5s
          exits L11:3.396
step  14280  loss 3.3808  lr 2.20e-04  24626.2s
          exits L11:3.381
step  14300  loss 3.4685  lr 2.20e-04  24660.0s
          exits L11:3.468
step  14320  loss 3.4528  lr 2.20e-04  24695.4s
          exits L11:3.453
step  14340  loss 3.3303  lr 2.20e-04  24729.1s
          exits L11:3.330
step  14360  loss 3.4147  lr 2.19e-04  24768.4s
          exits L11:3.415
step  14380  loss 3.4191  lr 2.19e-04  24803.7s
          exits L11:3.419
step  14400  loss 3.3486  lr 2.19e-04  24837.4s
          exits L11:3.349
step  14420  loss 3.4189  lr 2.19e-04  24871.1s
          exits L11:3.419
step  14440  loss 3.4193  lr 2.19e-04  24904.8s
          exits L11:3.419
step  14460  loss 3.4013  lr 2.18e-04  24938.6s
          exits L11:3.401
step  14480  loss 3.4068  lr 2.18e-04  24972.3s
          exits L11:3.407
  eval  loss 3.4132  exits L11:3.413
step  14500  loss 3.4451  lr 2.18e-04  25013.0s
          exits L11:3.445
step  14520  loss 3.4055  lr 2.18e-04  25046.7s
          exits L11:3.405
step  14540  loss 3.4985  lr 2.17e-04  25080.4s
          exits L11:3.498
step  14560  loss 3.4670  lr 2.17e-04  25114.1s
          exits L11:3.467
step  14580  loss 3.3058  lr 2.17e-04  25147.8s
          exits L11:3.306
step  14600  loss 3.3692  lr 2.17e-04  25181.5s
          exits L11:3.369
step  14620  loss 3.4167  lr 2.17e-04  25215.1s
          exits L11:3.417
step  14640  loss 3.3719  lr 2.16e-04  25248.9s
          exits L11:3.372
step  14660  loss 3.4474  lr 2.16e-04  25284.9s
          exits L11:3.447
step  14680  loss 3.3465  lr 2.16e-04  25318.6s
          exits L11:3.347
step  14700  loss 3.2543  lr 2.16e-04  25353.1s
          exits L11:3.254
step  14720  loss 3.3422  lr 2.16e-04  25386.9s
          exits L11:3.342
step  14740  loss 3.3557  lr 2.15e-04  25421.8s
          exits L11:3.356
step  14760  loss 3.4046  lr 2.15e-04  25456.2s
          exits L11:3.405
step  14780  loss 3.3574  lr 2.15e-04  25490.0s
          exits L11:3.357
step  14800  loss 3.3588  lr 2.15e-04  25523.8s
          exits L11:3.359
step  14820  loss 3.3482  lr 2.15e-04  25557.5s
          exits L11:3.348
step  14840  loss 3.2832  lr 2.14e-04  25591.1s
          exits L11:3.283
step  14860  loss 3.3876  lr 2.14e-04  25624.8s
          exits L11:3.388
step  14880  loss 3.2837  lr 2.14e-04  25658.4s
          exits L11:3.284
step  14900  loss 3.3680  lr 2.14e-04  25692.0s
          exits L11:3.368
step  14920  loss 3.4048  lr 2.13e-04  25725.7s
          exits L11:3.405
step  14940  loss 3.3822  lr 2.13e-04  25759.3s
          exits L11:3.382
step  14960  loss 3.3437  lr 2.13e-04  25792.8s
          exits L11:3.344
step  14980  loss 3.4281  lr 2.13e-04  25826.4s
          exits L11:3.428
  eval  loss 3.4067  exits L11:3.407
  saved /global/scratch/users/iparra/effortless-dev/checkpoints/vr-noexits/step-015000.pt
step  15000  loss 3.3800  lr 2.13e-04  25869.0s
          exits L11:3.380
step  15020  loss 3.3105  lr 2.12e-04  25905.1s
          exits L11:3.311
step  15040  loss 3.4158  lr 2.12e-04  25938.7s
          exits L11:3.416
step  15060  loss 3.3743  lr 2.12e-04  25972.9s
          exits L11:3.374
step  15080  loss 3.3714  lr 2.12e-04  26007.4s
          exits L11:3.371
step  15100  loss 3.3535  lr 2.12e-04  26041.2s
          exits L11:3.353
step  15120  loss 3.3291  lr 2.11e-04  26074.8s
          exits L11:3.329
step  15140  loss 3.3230  lr 2.11e-04  26108.4s
          exits L11:3.323
step  15160  loss 3.3262  lr 2.11e-04  26142.1s
          exits L11:3.326
step  15180  loss 3.3383  lr 2.11e-04  26175.8s
          exits L11:3.338
step  15200  loss 3.4296  lr 2.11e-04  26209.5s
          exits L11:3.430
step  15220  loss 3.3510  lr 2.10e-04  26243.1s
          exits L11:3.351
step  15240  loss 3.4334  lr 2.10e-04  26276.7s
          exits L11:3.433
step  15260  loss 3.3476  lr 2.10e-04  26310.4s
          exits L11:3.348
step  15280  loss 3.3924  lr 2.10e-04  26344.0s
          exits L11:3.392
step  15300  loss 3.4171  lr 2.09e-04  26377.6s
          exits L11:3.417
step  15320  loss 3.4166  lr 2.09e-04  26411.2s
          exits L11:3.417
step  15340  loss 3.4400  lr 2.09e-04  26444.8s
          exits L11:3.440
step  15360  loss 3.4286  lr 2.09e-04  26485.1s
          exits L11:3.429
step  15380  loss 3.3366  lr 2.09e-04  26518.9s
          exits L11:3.337
step  15400  loss 3.3512  lr 2.08e-04  26553.2s
          exits L11:3.351
step  15420  loss 3.3715  lr 2.08e-04  26586.9s
          exits L11:3.372
step  15440  loss 3.3594  lr 2.08e-04  26621.8s
          exits L11:3.359
step  15460  loss 3.2910  lr 2.08e-04  26655.6s
          exits L11:3.291
step  15480  loss 3.3628  lr 2.08e-04  26689.2s
          exits L11:3.363
  eval  loss 3.3996  exits L11:3.400
step  15500  loss 3.3945  lr 2.07e-04  26729.9s
          exits L11:3.394
step  15520  loss 3.3990  lr 2.07e-04  26763.5s
          exits L11:3.399
step  15540  loss 3.1948  lr 2.07e-04  26797.1s
          exits L11:3.195
step  15560  loss 3.3494  lr 2.07e-04  26830.8s
          exits L11:3.349
step  15580  loss 3.4167  lr 2.06e-04  26864.4s
          exits L11:3.417
step  15600  loss 3.3861  lr 2.06e-04  26898.1s
          exits L11:3.386
step  15620  loss 3.3804  lr 2.06e-04  26931.7s
          exits L11:3.380
step  15640  loss 3.3499  lr 2.06e-04  26965.3s
          exits L11:3.350
step  15660  loss 3.2821  lr 2.06e-04  26999.0s
          exits L11:3.282
step  15680  loss 3.3573  lr 2.05e-04  27032.6s
          exits L11:3.357
step  15700  loss 3.3717  lr 2.05e-04  27066.2s
          exits L11:3.372
step  15720  loss 3.3936  lr 2.05e-04  27102.5s
          exits L11:3.394
step  15740  loss 3.3875  lr 2.05e-04  27136.4s
          exits L11:3.388
step  15760  loss 3.4682  lr 2.05e-04  27175.1s
          exits L11:3.468
step  15780  loss 3.3048  lr 2.04e-04  27208.7s
          exits L11:3.305
step  15800  loss 3.4076  lr 2.04e-04  27243.3s
          exits L11:3.408
step  15820  loss 3.3874  lr 2.04e-04  27277.1s
          exits L11:3.387
step  15840  loss 3.3946  lr 2.04e-04  27310.7s
          exits L11:3.395
step  15860  loss 3.3706  lr 2.03e-04  27344.3s
          exits L11:3.371
step  15880  loss 3.4185  lr 2.03e-04  27377.9s
          exits L11:3.418
step  15900  loss 3.3785  lr 2.03e-04  27411.5s
          exits L11:3.378
step  15920  loss 3.2808  lr 2.03e-04  27445.1s
          exits L11:3.281
step  15940  loss 3.3228  lr 2.03e-04  27478.7s
          exits L11:3.323
step  15960  loss 3.3130  lr 2.02e-04  27512.3s
          exits L11:3.313
step  15980  loss 3.4268  lr 2.02e-04  27545.9s
          exits L11:3.427
  eval  loss 3.3914  exits L11:3.391
 threshold   mean depth   accuracy      nll    saved
----------------------------------------------------
     0.000    12.00/12      0.3361   3.6000    0.0%
     0.050    12.00/12      0.3361   3.6000    0.0%
     0.100    12.00/12      0.3361   3.6000    0.0%
     0.200    12.00/12      0.3361   3.6000    0.0%
     0.300    12.00/12      0.3361   3.6000    0.0%
     0.500    12.00/12      0.3361   3.6000    0.0%
     0.700    12.00/12      0.3361   3.6000    0.0%
     1.000    12.00/12      0.3361   3.6000    0.0%
  suggested exit_threshold 0.00 -> mean depth 12.00/12, 0.0% of blocks skipped
  saved /global/scratch/users/iparra/effortless-dev/checkpoints/vr-noexits/step-016000.pt
step  16000  loss 3.4094  lr 2.02e-04  27591.3s
          exits L11:3.409
step  16020  loss 3.3169  lr 2.02e-04  27625.0s
          exits L11:3.317
step  16040  loss 3.3453  lr 2.02e-04  27658.6s
          exits L11:3.345
step  16060  loss 3.3529  lr 2.01e-04  27694.8s
          exits L11:3.353
step  16080  loss 3.2994  lr 2.01e-04  27728.5s
          exits L11:3.299
step  16100  loss 3.3405  lr 2.01e-04  27762.0s
          exits L11:3.340
step  16120  loss 3.3488  lr 2.01e-04  27795.6s
          exits L11:3.349
step  16140  loss 3.3433  lr 2.00e-04  27829.3s
          exits L11:3.343
step  16160  loss 3.3143  lr 2.00e-04  27863.8s
          exits L11:3.314
step  16180  loss 3.3583  lr 2.00e-04  27897.3s
          exits L11:3.358
step  16200  loss 3.4585  lr 2.00e-04  27931.0s
          exits L11:3.458
step  16220  loss 3.4014  lr 2.00e-04  27964.5s
          exits L11:3.401
step  16240  loss 3.4132  lr 1.99e-04  27998.1s
          exits L11:3.413
step  16260  loss 3.3863  lr 1.99e-04  28031.7s
          exits L11:3.386
step  16280  loss 3.3744  lr 1.99e-04  28065.3s
          exits L11:3.374
step  16300  loss 3.2635  lr 1.99e-04  28098.8s
          exits L11:3.264
step  16320  loss 3.3960  lr 1.98e-04  28132.4s
          exits L11:3.396
step  16340  loss 3.2943  lr 1.98e-04  28166.0s
          exits L11:3.294
step  16360  loss 3.4076  lr 1.98e-04  28207.2s
          exits L11:3.408
step  16380  loss 3.3042  lr 1.98e-04  28241.0s
          exits L11:3.304
step  16400  loss 3.4260  lr 1.98e-04  28274.7s
          exits L11:3.426
step  16420  loss 3.3329  lr 1.97e-04  28310.7s
          exits L11:3.333
step  16440  loss 3.3438  lr 1.97e-04  28344.3s
          exits L11:3.344
step  16460  loss 3.2982  lr 1.97e-04  28377.9s
          exits L11:3.298
step  16480  loss 3.3965  lr 1.97e-04  28411.5s
          exits L11:3.396
  eval  loss 3.3833  exits L11:3.383
step  16500  loss 3.3429  lr 1.97e-04  28452.9s
          exits L11:3.343
step  16520  loss 3.4757  lr 1.96e-04  28486.6s
          exits L11:3.476
step  16540  loss 3.3620  lr 1.96e-04  28520.2s
          exits L11:3.362
step  16560  loss 3.3308  lr 1.96e-04  28553.9s
          exits L11:3.331
step  16580  loss 3.4079  lr 1.96e-04  28587.5s
          exits L11:3.408
step  16600  loss 3.3466  lr 1.95e-04  28621.1s
          exits L11:3.347
step  16620  loss 3.3945  lr 1.95e-04  28654.7s
          exits L11:3.395
step  16640  loss 3.4500  lr 1.95e-04  28688.3s
          exits L11:3.450
step  16660  loss 3.3140  lr 1.95e-04  28721.9s
          exits L11:3.314
step  16680  loss 3.3251  lr 1.95e-04  28755.5s
          exits L11:3.325
step  16700  loss 3.3238  lr 1.94e-04  28789.6s
          exits L11:3.324
step  16720  loss 3.3618  lr 1.94e-04  28826.6s
          exits L11:3.362
step  16740  loss 3.3848  lr 1.94e-04  28860.4s
          exits L11:3.385
step  16760  loss 3.4062  lr 1.94e-04  28896.3s
          exits L11:3.406
step  16780  loss 3.3230  lr 1.93e-04  28930.0s
          exits L11:3.323
step  16800  loss 3.3928  lr 1.93e-04  28963.6s
          exits L11:3.393
step  16820  loss 3.3217  lr 1.93e-04  28997.3s
          exits L11:3.322
step  16840  loss 3.4418  lr 1.93e-04  29030.9s
          exits L11:3.442
step  16860  loss 3.3072  lr 1.93e-04  29065.4s
          exits L11:3.307
step  16880  loss 3.3373  lr 1.92e-04  29099.0s
          exits L11:3.337
step  16900  loss 3.3827  lr 1.92e-04  29132.7s
          exits L11:3.383
step  16920  loss 3.3987  lr 1.92e-04  29166.3s
          exits L11:3.399
step  16940  loss 3.4418  lr 1.92e-04  29199.9s
          exits L11:3.442
step  16960  loss 3.3183  lr 1.91e-04  29233.5s
          exits L11:3.318
step  16980  loss 3.3658  lr 1.91e-04  29267.0s
          exits L11:3.366
  eval  loss 3.3769  exits L11:3.377
  saved /global/scratch/users/iparra/effortless-dev/checkpoints/vr-noexits/step-017000.pt
step  17000  loss 3.3653  lr 1.91e-04  29309.6s
          exits L11:3.365
step  17020  loss 3.3727  lr 1.91e-04  29343.2s
          exits L11:3.373
step  17040  loss 3.3873  lr 1.91e-04  29376.7s
          exits L11:3.387
step  17060  loss 3.3249  lr 1.90e-04  29411.1s
          exits L11:3.325
step  17080  loss 3.3514  lr 1.90e-04  29444.6s
          exits L11:3.351
step  17100  loss 3.3291  lr 1.90e-04  29478.4s
          exits L11:3.329
step  17120  loss 3.3801  lr 1.90e-04  29514.2s
          exits L11:3.380
step  17140  loss 3.3562  lr 1.89e-04  29547.9s
          exits L11:3.356
step  17160  loss 3.4032  lr 1.89e-04  29581.5s
          exits L11:3.403
step  17180  loss 3.2835  lr 1.89e-04  29615.1s
          exits L11:3.284
step  17200  loss 3.3340  lr 1.89e-04  29649.1s
          exits L11:3.334
step  17220  loss 3.3429  lr 1.89e-04  29682.7s
          exits L11:3.343
step  17240  loss 3.4141  lr 1.88e-04  29716.3s
          exits L11:3.414
step  17260  loss 3.3598  lr 1.88e-04  29750.1s
          exits L11:3.360
step  17280  loss 3.3278  lr 1.88e-04  29783.7s
          exits L11:3.328
step  17300  loss 3.3538  lr 1.88e-04  29817.3s
          exits L11:3.354
step  17320  loss 3.3778  lr 1.87e-04  29850.9s
          exits L11:3.378
step  17340  loss 3.3153  lr 1.87e-04  29884.4s
          exits L11:3.315
step  17360  loss 3.3190  lr 1.87e-04  29923.1s
          exits L11:3.319
step  17380  loss 3.3153  lr 1.87e-04  29957.0s
          exits L11:3.315
step  17400  loss 3.4260  lr 1.87e-04  29991.2s
          exits L11:3.426
step  17420  loss 3.3272  lr 1.86e-04  30025.0s
          exits L11:3.327
step  17440  loss 3.3655  lr 1.86e-04  30058.5s
          exits L11:3.366
step  17460  loss 3.3387  lr 1.86e-04  30094.5s
          exits L11:3.339
step  17480  loss 3.3906  lr 1.86e-04  30128.0s
          exits L11:3.391
  eval  loss 3.3703  exits L11:3.370
step  17500  loss 3.3676  lr 1.85e-04  30168.8s
          exits L11:3.368
step  17520  loss 3.4006  lr 1.85e-04  30202.4s
          exits L11:3.401
step  17540  loss 3.3512  lr 1.85e-04  30235.9s
          exits L11:3.351
step  17560  loss 3.3133  lr 1.85e-04  30270.0s
          exits L11:3.313
step  17580  loss 3.2822  lr 1.85e-04  30303.6s
          exits L11:3.282
step  17600  loss 3.3555  lr 1.84e-04  30337.2s
          exits L11:3.356
step  17620  loss 3.2957  lr 1.84e-04  30370.8s
          exits L11:3.296
step  17640  loss 3.2740  lr 1.84e-04  30404.4s
          exits L11:3.274
step  17660  loss 3.4105  lr 1.84e-04  30438.0s
          exits L11:3.411
step  17680  loss 3.3837  lr 1.83e-04  30471.6s
          exits L11:3.384
step  17700  loss 3.3488  lr 1.83e-04  30505.2s
          exits L11:3.349
step  17720  loss 3.3960  lr 1.83e-04  30541.8s
          exits L11:3.396
step  17740  loss 3.3306  lr 1.83e-04  30575.4s
          exits L11:3.331
step  17760  loss 3.2988  lr 1.83e-04  30610.2s
          exits L11:3.299
step  17780  loss 3.2691  lr 1.82e-04  30644.1s
          exits L11:3.269
step  17800  loss 3.3488  lr 1.82e-04  30677.7s
          exits L11:3.349
step  17820  loss 3.3352  lr 1.82e-04  30713.9s
          exits L11:3.335
step  17840  loss 3.3085  lr 1.82e-04  30747.5s
          exits L11:3.309
step  17860  loss 3.3858  lr 1.81e-04  30781.1s
          exits L11:3.386
step  17880  loss 3.2953  lr 1.81e-04  30814.8s
          exits L11:3.295
step  17900  loss 3.2451  lr 1.81e-04  30848.4s
          exits L11:3.245
step  17920  loss 3.2463  lr 1.81e-04  30882.7s
          exits L11:3.246
step  17940  loss 3.3278  lr 1.81e-04  30916.3s
          exits L11:3.328
step  17960  loss 3.4385  lr 1.80e-04  30949.9s
          exits L11:3.438
step  17980  loss 3.2748  lr 1.80e-04  30983.6s
          exits L11:3.275
  eval  loss 3.3630  exits L11:3.363
 threshold   mean depth   accuracy      nll    saved
----------------------------------------------------
     0.000    12.00/12      0.3401   3.5879    0.0%
     0.050    12.00/12      0.3401   3.5879    0.0%
     0.100    12.00/12      0.3401   3.5879    0.0%
     0.200    12.00/12      0.3401   3.5879    0.0%
     0.300    12.00/12      0.3401   3.5879    0.0%
     0.500    12.00/12      0.3401   3.5879    0.0%
     0.700    12.00/12      0.3401   3.5879    0.0%
     1.000    12.00/12      0.3401   3.5879    0.0%
  suggested exit_threshold 0.00 -> mean depth 12.00/12, 0.0% of blocks skipped
  saved /global/scratch/users/iparra/effortless-dev/checkpoints/vr-noexits/step-018000.pt
step  18000  loss 3.3053  lr 1.80e-04  31028.8s
          exits L11:3.305
step  18020  loss 3.3581  lr 1.80e-04  31062.4s
          exits L11:3.358
step  18040  loss 3.2816  lr 1.79e-04  31096.1s
          exits L11:3.282
step  18060  loss 3.4553  lr 1.79e-04  31129.7s
          exits L11:3.455
step  18080  loss 3.3561  lr 1.79e-04  31163.4s
          exits L11:3.356
step  18100  loss 3.3820  lr 1.79e-04  31197.1s
          exits L11:3.382
step  18120  loss 3.3313  lr 1.79e-04  31231.6s
          exits L11:3.331
step  18140  loss 3.3033  lr 1.78e-04  31265.3s
          exits L11:3.303
step  18160  loss 3.3837  lr 1.78e-04  31301.6s
          exits L11:3.384
step  18180  loss 3.3314  lr 1.78e-04  31335.2s
          exits L11:3.331
step  18200  loss 3.3524  lr 1.78e-04  31368.8s
          exits L11:3.352
step  18220  loss 3.2551  lr 1.77e-04  31402.5s
          exits L11:3.255
step  18240  loss 3.2792  lr 1.77e-04  31436.1s
          exits L11:3.279
step  18260  loss 3.3953  lr 1.77e-04  31470.5s
          exits L11:3.395
step  18280  loss 3.3879  lr 1.77e-04  31504.2s
          exits L11:3.388
step  18300  loss 3.3299  lr 1.77e-04  31537.9s
          exits L11:3.330
step  18320  loss 3.2937  lr 1.76e-04  31571.6s
          exits L11:3.294
step  18340  loss 3.2780  lr 1.76e-04  31605.2s
          exits L11:3.278
step  18360  loss 3.3436  lr 1.76e-04  31644.6s
          exits L11:3.344
step  18380  loss 3.2769  lr 1.76e-04  31678.4s
          exits L11:3.277
step  18400  loss 3.3453  lr 1.75e-04  31712.0s
          exits L11:3.345
step  18420  loss 3.2985  lr 1.75e-04  31745.6s
          exits L11:3.298
step  18440  loss 3.3085  lr 1.75e-04  31779.2s
          exits L11:3.308
step  18460  loss 3.3273  lr 1.75e-04  31812.9s
          exits L11:3.327
step  18480  loss 3.4526  lr 1.74e-04  31847.1s
          exits L11:3.453
  eval  loss 3.3568  exits L11:3.357
step  18500  loss 3.3113  lr 1.74e-04  31889.8s
          exits L11:3.311
step  18520  loss 3.3665  lr 1.74e-04  31923.4s
          exits L11:3.367
step  18540  loss 3.3922  lr 1.74e-04  31957.0s
          exits L11:3.392
step  18560  loss 3.4117  lr 1.74e-04  31990.7s
          exits L11:3.412
step  18580  loss 3.2920  lr 1.73e-04  32024.3s
          exits L11:3.292
step  18600  loss 3.3537  lr 1.73e-04  32057.9s
          exits L11:3.354
step  18620  loss 3.2820  lr 1.73e-04  32092.3s
          exits L11:3.282
step  18640  loss 3.2363  lr 1.73e-04  32126.0s
          exits L11:3.236
step  18660  loss 3.2976  lr 1.72e-04  32159.7s
          exits L11:3.298
step  18680  loss 3.3451  lr 1.72e-04  32193.4s
          exits L11:3.345
step  18700  loss 3.3898  lr 1.72e-04  32227.7s
          exits L11:3.390
step  18720  loss 3.3692  lr 1.72e-04  32265.5s
          exits L11:3.369
step  18740  loss 3.3891  lr 1.72e-04  32299.2s
          exits L11:3.389
step  18760  loss 3.3624  lr 1.71e-04  32332.8s
          exits L11:3.362
step  18780  loss 3.2756  lr 1.71e-04  32366.5s
          exits L11:3.276
step  18800  loss 3.3977  lr 1.71e-04  32400.1s
          exits L11:3.398
step  18820  loss 3.2537  lr 1.71e-04  32433.8s
          exits L11:3.254
step  18840  loss 3.3343  lr 1.70e-04  32467.4s
          exits L11:3.334
step  18860  loss 3.2653  lr 1.70e-04  32504.1s
          exits L11:3.265
step  18880  loss 3.2999  lr 1.70e-04  32537.8s
          exits L11:3.300
step  18900  loss 3.3791  lr 1.70e-04  32571.4s
          exits L11:3.379
step  18920  loss 3.2837  lr 1.70e-04  32605.0s
          exits L11:3.284
step  18940  loss 3.3126  lr 1.69e-04  32638.6s
          exits L11:3.313
step  18960  loss 3.3599  lr 1.69e-04  32672.3s
          exits L11:3.360
step  18980  loss 3.2615  lr 1.69e-04  32706.9s
          exits L11:3.261
  eval  loss 3.3489  exits L11:3.349
  saved /global/scratch/users/iparra/effortless-dev/checkpoints/vr-noexits/step-019000.pt
step  19000  loss 3.3422  lr 1.69e-04  32749.5s
          exits L11:3.342
step  19020  loss 3.3642  lr 1.68e-04  32783.1s
          exits L11:3.364
step  19040  loss 3.3525  lr 1.68e-04  32816.7s
          exits L11:3.352
step  19060  loss 3.2826  lr 1.68e-04  32851.0s
          exits L11:3.283
step  19080  loss 3.3637  lr 1.68e-04  32884.8s
          exits L11:3.364
step  19100  loss 3.2335  lr 1.68e-04  32918.7s
          exits L11:3.234
step  19120  loss 3.3039  lr 1.67e-04  32952.3s
          exits L11:3.304
step  19140  loss 3.3118  lr 1.67e-04  32985.9s
          exits L11:3.312
step  19160  loss 3.2398  lr 1.67e-04  33019.5s
          exits L11:3.240
step  19180  loss 3.3408  lr 1.67e-04  33053.1s
          exits L11:3.341
step  19200  loss 3.2813  lr 1.66e-04  33086.7s
          exits L11:3.281
step  19220  loss 3.3799  lr 1.66e-04  33123.1s
          exits L11:3.380
step  19240  loss 3.3046  lr 1.66e-04  33156.7s
          exits L11:3.305
step  19260  loss 3.3137  lr 1.66e-04  33190.2s
          exits L11:3.314
step  19280  loss 3.2919  lr 1.65e-04  33223.8s
          exits L11:3.292
step  19300  loss 3.3229  lr 1.65e-04  33257.4s
          exits L11:3.323
step  19320  loss 3.3031  lr 1.65e-04  33291.9s
          exits L11:3.303
step  19340  loss 3.3628  lr 1.65e-04  33325.5s
          exits L11:3.363
step  19360  loss 3.3606  lr 1.65e-04  33365.5s
          exits L11:3.361
step  19380  loss 3.3057  lr 1.64e-04  33399.3s
          exits L11:3.306
step  19400  loss 3.2867  lr 1.64e-04  33433.5s
          exits L11:3.287
step  19420  loss 3.3527  lr 1.64e-04  33467.1s
          exits L11:3.353
step  19440  loss 3.2775  lr 1.64e-04  33500.8s
          exits L11:3.277
step  19460  loss 3.2291  lr 1.63e-04  33534.6s
          exits L11:3.229
step  19480  loss 3.2911  lr 1.63e-04  33568.3s
          exits L11:3.291
  eval  loss 3.3435  exits L11:3.344
step  19500  loss 3.3313  lr 1.63e-04  33609.0s
          exits L11:3.331
step  19520  loss 3.3596  lr 1.63e-04  33642.7s
          exits L11:3.360
step  19540  loss 3.3707  lr 1.63e-04  33676.3s
          exits L11:3.371
step  19560  loss 3.3030  lr 1.62e-04  33711.8s
          exits L11:3.303
step  19580  loss 3.2816  lr 1.62e-04  33745.4s
          exits L11:3.282
step  19600  loss 3.3530  lr 1.62e-04  33779.0s
          exits L11:3.353
step  19620  loss 3.4325  lr 1.62e-04  33812.6s
          exits L11:3.433
step  19640  loss 3.2828  lr 1.61e-04  33846.2s
          exits L11:3.283
step  19660  loss 3.3415  lr 1.61e-04  33879.8s
          exits L11:3.341
step  19680  loss 3.2416  lr 1.61e-04  33914.1s
          exits L11:3.242
step  19700  loss 3.3087  lr 1.61e-04  33947.9s
          exits L11:3.309
step  19720  loss 3.3230  lr 1.61e-04  33987.1s
          exits L11:3.323
step  19740  loss 3.2685  lr 1.60e-04  34020.9s
          exits L11:3.269
step  19760  loss 3.4071  lr 1.60e-04  34055.4s
          exits L11:3.407
step  19780  loss 3.2088  lr 1.60e-04  34089.2s
          exits L11:3.209
step  19800  loss 3.2940  lr 1.60e-04  34122.9s
          exits L11:3.294
step  19820  loss 3.2938  lr 1.59e-04  34156.7s
          exits L11:3.294
step  19840  loss 3.2553  lr 1.59e-04  34190.4s
          exits L11:3.255
step  19860  loss 3.2782  lr 1.59e-04  34224.0s
          exits L11:3.278
step  19880  loss 3.3068  lr 1.59e-04  34257.6s
          exits L11:3.307
step  19900  loss 3.3518  lr 1.59e-04  34291.2s
          exits L11:3.352
step  19920  loss 3.2314  lr 1.58e-04  34327.6s
          exits L11:3.231
step  19940  loss 3.2138  lr 1.58e-04  34361.2s
          exits L11:3.214
step  19960  loss 3.3639  lr 1.58e-04  34394.8s
          exits L11:3.364
step  19980  loss 3.2832  lr 1.58e-04  34428.4s
          exits L11:3.283
  eval  loss 3.3372  exits L11:3.337
 threshold   mean depth   accuracy      nll    saved
----------------------------------------------------
     0.000    12.00/12      0.3442   3.5460    0.0%
     0.050    12.00/12      0.3442   3.5460    0.0%
     0.100    12.00/12      0.3442   3.5460    0.0%
     0.200    12.00/12      0.3442   3.5460    0.0%
     0.300    12.00/12      0.3442   3.5460    0.0%
     0.500    12.00/12      0.3442   3.5460    0.0%
     0.700    12.00/12      0.3442   3.5460    0.0%
     1.000    12.00/12      0.3442   3.5460    0.0%
  suggested exit_threshold 0.00 -> mean depth 12.00/12, 0.0% of blocks skipped
  saved /global/scratch/users/iparra/effortless-dev/checkpoints/vr-noexits/step-020000.pt
step  20000  loss 3.3560  lr 1.57e-04  34473.2s
          exits L11:3.356
step  20020  loss 3.3157  lr 1.57e-04  34507.9s
          exits L11:3.316
step  20040  loss 3.2438  lr 1.57e-04  34541.6s
          exits L11:3.244
step  20060  loss 3.2530  lr 1.57e-04  34575.2s
          exits L11:3.253
step  20080  loss 3.3005  lr 1.56e-04  34608.7s
          exits L11:3.300
step  20100  loss 3.3157  lr 1.56e-04  34642.4s
          exits L11:3.316
step  20120  loss 3.3678  lr 1.56e-04  34675.9s
          exits L11:3.368
step  20140  loss 3.3044  lr 1.56e-04  34709.6s
          exits L11:3.304
step  20160  loss 3.3527  lr 1.56e-04  34743.2s
          exits L11:3.353
step  20180  loss 3.2736  lr 1.55e-04  34776.9s
          exits L11:3.274
step  20200  loss 3.3487  lr 1.55e-04  34810.5s
          exits L11:3.349
step  20220  loss 3.2857  lr 1.55e-04  34844.2s
          exits L11:3.286
step  20240  loss 3.2463  lr 1.55e-04  34877.8s
          exits L11:3.246
step  20260  loss 3.3186  lr 1.54e-04  34914.0s
          exits L11:3.319
step  20280  loss 3.3006  lr 1.54e-04  34947.6s
          exits L11:3.301
step  20300  loss 3.3461  lr 1.54e-04  34981.2s
          exits L11:3.346
step  20320  loss 3.3201  lr 1.54e-04  35014.8s
          exits L11:3.320
step  20340  loss 3.3564  lr 1.54e-04  35048.5s
          exits L11:3.356
step  20360  loss 3.2670  lr 1.53e-04  35087.4s
          exits L11:3.267
step  20380  loss 3.3098  lr 1.53e-04  35122.1s
          exits L11:3.310
step  20400  loss 3.3722  lr 1.53e-04  35155.8s
          exits L11:3.372
step  20420  loss 3.2448  lr 1.53e-04  35189.4s
          exits L11:3.245
step  20440  loss 3.3002  lr 1.52e-04  35223.1s
          exits L11:3.300
step  20460  loss 3.2892  lr 1.52e-04  35256.7s
          exits L11:3.289
step  20480  loss 3.2239  lr 1.52e-04  35290.4s
          exits L11:3.224
  eval  loss 3.3321  exits L11:3.332
step  20500  loss 3.2974  lr 1.52e-04  35331.1s
          exits L11:3.297
step  20520  loss 3.3579  lr 1.52e-04  35364.9s
          exits L11:3.358
step  20540  loss 3.2713  lr 1.51e-04  35398.5s
          exits L11:3.271
step  20560  loss 3.2852  lr 1.51e-04  35432.2s
          exits L11:3.285
step  20580  loss 3.2753  lr 1.51e-04  35465.8s
          exits L11:3.275
step  20600  loss 3.3037  lr 1.51e-04  35501.7s
          exits L11:3.304
step  20620  loss 3.2390  lr 1.50e-04  35535.4s
          exits L11:3.239
step  20640  loss 3.2881  lr 1.50e-04  35569.1s
          exits L11:3.288
step  20660  loss 3.3108  lr 1.50e-04  35602.7s
          exits L11:3.311
step  20680  loss 3.3082  lr 1.50e-04  35636.4s
          exits L11:3.308
step  20700  loss 3.3298  lr 1.50e-04  35670.7s
          exits L11:3.330
step  20720  loss 3.3536  lr 1.49e-04  35709.8s
          exits L11:3.354
step  20740  loss 3.3399  lr 1.49e-04  35744.6s
          exits L11:3.340
step  20760  loss 3.2968  lr 1.49e-04  35778.3s
          exits L11:3.297
step  20780  loss 3.3272  lr 1.49e-04  35812.0s
          exits L11:3.327
step  20800  loss 3.3626  lr 1.48e-04  35845.6s
          exits L11:3.363
step  20820  loss 3.2718  lr 1.48e-04  35879.2s
          exits L11:3.272
step  20840  loss 3.3940  lr 1.48e-04  35912.7s
          exits L11:3.394
step  20860  loss 3.2848  lr 1.48e-04  35946.3s
          exits L11:3.285
step  20880  loss 3.2678  lr 1.48e-04  35979.9s
          exits L11:3.268
step  20900  loss 3.2610  lr 1.47e-04  36013.5s
          exits L11:3.261
step  20920  loss 3.3643  lr 1.47e-04  36047.1s
          exits L11:3.364
step  20940  loss 3.3046  lr 1.47e-04  36080.7s
          exits L11:3.305
step  20960  loss 3.3035  lr 1.47e-04  36116.9s
          exits L11:3.304
step  20980  loss 3.2693  lr 1.46e-04  36150.5s
          exits L11:3.269
  eval  loss 3.3263  exits L11:3.326
  saved /global/scratch/users/iparra/effortless-dev/checkpoints/vr-noexits/step-021000.pt
step  21000  loss 3.1977  lr 1.46e-04  36192.9s
          exits L11:3.198
step  21020  loss 3.2544  lr 1.46e-04  36226.5s
          exits L11:3.254
step  21040  loss 3.3141  lr 1.46e-04  36260.0s
          exits L11:3.314
step  21060  loss 3.2817  lr 1.46e-04  36294.2s
          exits L11:3.282
step  21080  loss 3.3507  lr 1.45e-04  36328.9s
          exits L11:3.351
step  21100  loss 3.2610  lr 1.45e-04  36362.7s
          exits L11:3.261
step  21120  loss 3.3558  lr 1.45e-04  36396.2s
          exits L11:3.356
step  21140  loss 3.3331  lr 1.45e-04  36429.8s
          exits L11:3.333
step  21160  loss 3.3727  lr 1.44e-04  36463.5s
          exits L11:3.373
step  21180  loss 3.2537  lr 1.44e-04  36497.1s
          exits L11:3.254
step  21200  loss 3.3709  lr 1.44e-04  36530.7s
          exits L11:3.371
step  21220  loss 3.3504  lr 1.44e-04  36564.5s
          exits L11:3.350
step  21240  loss 3.3813  lr 1.44e-04  36598.1s
          exits L11:3.381
step  21260  loss 3.3405  lr 1.43e-04  36631.7s
          exits L11:3.341
step  21280  loss 3.2998  lr 1.43e-04  36665.3s
          exits L11:3.300
step  21300  loss 3.3270  lr 1.43e-04  36701.8s
          exits L11:3.327
step  21320  loss 3.2551  lr 1.43e-04  36735.4s
          exits L11:3.255
step  21340  loss 3.2723  lr 1.42e-04  36768.9s
          exits L11:3.272
step  21360  loss 3.2761  lr 1.42e-04  36803.5s
          exits L11:3.276
step  21380  loss 3.3128  lr 1.42e-04  36840.7s
          exits L11:3.313
step  21400  loss 3.2204  lr 1.42e-04  36874.3s
          exits L11:3.220
step  21420  loss 3.3136  lr 1.42e-04  36907.8s
          exits L11:3.314
step  21440  loss 3.3204  lr 1.41e-04  36942.4s
          exits L11:3.320
step  21460  loss 3.2036  lr 1.41e-04  36976.2s
          exits L11:3.204
step  21480  loss 3.3359  lr 1.41e-04  37009.8s
          exits L11:3.336
  eval  loss 3.3176  exits L11:3.318
step  21500  loss 3.2716  lr 1.41e-04  37050.6s
          exits L11:3.272
step  21520  loss 3.2740  lr 1.40e-04  37084.2s
          exits L11:3.274
step  21540  loss 3.3114  lr 1.40e-04  37117.8s
          exits L11:3.311
step  21560  loss 3.2538  lr 1.40e-04  37151.4s
          exits L11:3.254
step  21580  loss 3.2546  lr 1.40e-04  37185.1s
          exits L11:3.255
step  21600  loss 3.2753  lr 1.40e-04  37218.7s
          exits L11:3.275
step  21620  loss 3.3026  lr 1.39e-04  37252.3s
          exits L11:3.303
step  21640  loss 3.2893  lr 1.39e-04  37285.9s
          exits L11:3.289
step  21660  loss 3.2430  lr 1.39e-04  37320.7s
          exits L11:3.243
step  21680  loss 3.2696  lr 1.39e-04  37354.2s
          exits L11:3.270
step  21700  loss 3.3418  lr 1.38e-04  37388.6s
          exits L11:3.342
step  21720  loss 3.2201  lr 1.38e-04  37423.2s
          exits L11:3.220
step  21740  loss 3.2090  lr 1.38e-04  37460.6s
          exits L11:3.209
step  21760  loss 3.2356  lr 1.38e-04  37494.3s
          exits L11:3.236
step  21780  loss 3.3507  lr 1.38e-04  37529.2s
          exits L11:3.351
step  21800  loss 3.2221  lr 1.37e-04  37562.8s
          exits L11:3.222
step  21820  loss 3.2842  lr 1.37e-04  37596.6s
          exits L11:3.284
step  21840  loss 3.3005  lr 1.37e-04  37630.2s
          exits L11:3.301
step  21860  loss 3.2962  lr 1.37e-04  37663.8s
          exits L11:3.296
step  21880  loss 3.3225  lr 1.36e-04  37697.5s
          exits L11:3.323
step  21900  loss 3.2388  lr 1.36e-04  37731.0s
          exits L11:3.239
step  21920  loss 3.2487  lr 1.36e-04  37764.7s
          exits L11:3.249
step  21940  loss 3.2517  lr 1.36e-04  37798.3s
          exits L11:3.252
step  21960  loss 3.3035  lr 1.36e-04  37831.9s
          exits L11:3.303
step  21980  loss 3.2798  lr 1.35e-04  37865.5s
          exits L11:3.280
  eval  loss 3.3143  exits L11:3.314
 threshold   mean depth   accuracy      nll    saved
----------------------------------------------------
     0.000    12.00/12      0.3455   3.5175    0.0%
     0.050    12.00/12      0.3455   3.5175    0.0%
     0.100    12.00/12      0.3455   3.5175    0.0%
     0.200    12.00/12      0.3455   3.5175    0.0%
     0.300    12.00/12      0.3455   3.5175    0.0%
     0.500    12.00/12      0.3455   3.5175    0.0%
     0.700    12.00/12      0.3455   3.5175    0.0%
     1.000    12.00/12      0.3455   3.5175    0.0%
  suggested exit_threshold 0.00 -> mean depth 12.00/12, 0.0% of blocks skipped
  saved /global/scratch/users/iparra/effortless-dev/checkpoints/vr-noexits/step-022000.pt
step  22000  loss 3.3058  lr 1.35e-04  37913.4s
          exits L11:3.306
step  22020  loss 3.3490  lr 1.35e-04  37947.0s
          exits L11:3.349
step  22040  loss 3.2569  lr 1.35e-04  37980.6s
          exits L11:3.257
step  22060  loss 3.2628  lr 1.34e-04  38014.6s
          exits L11:3.263
step  22080  loss 3.2458  lr 1.34e-04  38048.2s
          exits L11:3.246
step  22100  loss 3.3396  lr 1.34e-04  38081.8s
          exits L11:3.340
step  22120  loss 3.3185  lr 1.34e-04  38115.5s
          exits L11:3.319
step  22140  loss 3.2362  lr 1.34e-04  38150.3s
          exits L11:3.236
step  22160  loss 3.3090  lr 1.33e-04  38184.0s
          exits L11:3.309
step  22180  loss 3.3327  lr 1.33e-04  38217.6s
          exits L11:3.333
step  22200  loss 3.2780  lr 1.33e-04  38251.3s
          exits L11:3.278
step  22220  loss 3.2343  lr 1.33e-04  38284.9s
          exits L11:3.234
step  22240  loss 3.3057  lr 1.32e-04  38318.6s
          exits L11:3.306
step  22260  loss 3.2447  lr 1.32e-04  38352.3s
          exits L11:3.245
step  22280  loss 3.2251  lr 1.32e-04  38386.1s
          exits L11:3.225
step  22300  loss 3.2413  lr 1.32e-04  38419.8s
          exits L11:3.241
step  22320  loss 3.2279  lr 1.32e-04  38453.4s
          exits L11:3.228
step  22340  loss 3.3363  lr 1.31e-04  38487.1s
          exits L11:3.336
step  22360  loss 3.3330  lr 1.31e-04  38530.7s
          exits L11:3.333
step  22380  loss 3.2884  lr 1.31e-04  38564.6s
          exits L11:3.288
step  22400  loss 3.2060  lr 1.31e-04  38598.2s
          exits L11:3.206
step  22420  loss 3.2715  lr 1.31e-04  38632.0s
          exits L11:3.271
step  22440  loss 3.2471  lr 1.30e-04  38665.6s
          exits L11:3.247
step  22460  loss 3.3987  lr 1.30e-04  38699.3s
          exits L11:3.399
step  22480  loss 3.2108  lr 1.30e-04  38732.9s
          exits L11:3.211
  eval  loss 3.3056  exits L11:3.306
step  22500  loss 3.2332  lr 1.30e-04  38774.4s
          exits L11:3.233
step  22520  loss 3.3085  lr 1.29e-04  38808.1s
          exits L11:3.309
step  22540  loss 3.2601  lr 1.29e-04  38841.7s
          exits L11:3.260
step  22560  loss 3.3517  lr 1.29e-04  38875.3s
          exits L11:3.352
step  22580  loss 3.2685  lr 1.29e-04  38908.9s
          exits L11:3.269
step  22600  loss 3.2469  lr 1.29e-04  38942.5s
          exits L11:3.247
step  22620  loss 3.2295  lr 1.28e-04  38976.2s
          exits L11:3.229
step  22640  loss 3.2529  lr 1.28e-04  39009.8s
          exits L11:3.253
step  22660  loss 3.3133  lr 1.28e-04  39043.5s
          exits L11:3.313
step  22680  loss 3.2813  lr 1.28e-04  39077.1s
          exits L11:3.281
step  22700  loss 3.3181  lr 1.27e-04  39111.3s
          exits L11:3.318
step  22720  loss 3.3314  lr 1.27e-04  39153.3s
          exits L11:3.331
step  22740  loss 3.3089  lr 1.27e-04  39187.3s
          exits L11:3.309
step  22760  loss 3.2252  lr 1.27e-04  39221.1s
          exits L11:3.225
step  22780  loss 3.3681  lr 1.27e-04  39254.7s
          exits L11:3.368
step  22800  loss 3.2694  lr 1.26e-04  39288.4s
          exits L11:3.269
step  22820  loss 3.3476  lr 1.26e-04  39322.0s
          exits L11:3.348
step  22840  loss 3.2142  lr 1.26e-04  39356.7s
          exits L11:3.214
step  22860  loss 3.2015  lr 1.26e-04  39390.4s
          exits L11:3.202
step  22880  loss 3.2406  lr 1.26e-04  39424.0s
          exits L11:3.241
step  22900  loss 3.2949  lr 1.25e-04  39457.6s
          exits L11:3.295
step  22920  loss 3.2638  lr 1.25e-04  39491.3s
          exits L11:3.264
step  22940  loss 3.2250  lr 1.25e-04  39525.0s
          exits L11:3.225
step  22960  loss 3.2989  lr 1.25e-04  39558.6s
          exits L11:3.299
step  22980  loss 3.2327  lr 1.24e-04  39592.3s
          exits L11:3.233
  eval  loss 3.3019  exits L11:3.302
  saved /global/scratch/users/iparra/effortless-dev/checkpoints/vr-noexits/step-023000.pt
step  23000  loss 3.2787  lr 1.24e-04  39635.0s
          exits L11:3.279
step  23020  loss 3.2879  lr 1.24e-04  39668.6s
          exits L11:3.288
step  23040  loss 3.2426  lr 1.24e-04  39702.3s
          exits L11:3.243
step  23060  loss 3.2759  lr 1.24e-04  39739.3s
          exits L11:3.276
step  23080  loss 3.2363  lr 1.23e-04  39773.0s
          exits L11:3.236
step  23100  loss 3.3026  lr 1.23e-04  39806.9s
          exits L11:3.303
step  23120  loss 3.3519  lr 1.23e-04  39840.5s
          exits L11:3.352
step  23140  loss 3.1971  lr 1.23e-04  39874.2s
          exits L11:3.197
step  23160  loss 3.3512  lr 1.23e-04  39907.9s
          exits L11:3.351
step  23180  loss 3.2644  lr 1.22e-04  39941.6s
          exits L11:3.264
step  23200  loss 3.2209  lr 1.22e-04  39975.8s
          exits L11:3.221
step  23220  loss 3.2463  lr 1.22e-04  40009.5s
          exits L11:3.246
step  23240  loss 3.2149  lr 1.22e-04  40043.2s
          exits L11:3.215
step  23260  loss 3.3101  lr 1.21e-04  40076.8s
          exits L11:3.310
step  23280  loss 3.2566  lr 1.21e-04  40110.5s
          exits L11:3.257
step  23300  loss 3.2226  lr 1.21e-04  40144.1s
          exits L11:3.223
step  23320  loss 3.3018  lr 1.21e-04  40177.8s
          exits L11:3.302
step  23340  loss 3.2141  lr 1.21e-04  40211.5s
          exits L11:3.214
step  23360  loss 3.2998  lr 1.20e-04  40250.6s
          exits L11:3.300
step  23380  loss 3.2772  lr 1.20e-04  40284.4s
          exits L11:3.277
step  23400  loss 3.2892  lr 1.20e-04  40321.0s
          exits L11:3.289
step  23420  loss 3.3059  lr 1.20e-04  40354.7s
          exits L11:3.306
step  23440  loss 3.3131  lr 1.20e-04  40388.4s
          exits L11:3.313
step  23460  loss 3.1318  lr 1.19e-04  40422.3s
          exits L11:3.132
step  23480  loss 3.2351  lr 1.19e-04  40455.9s
          exits L11:3.235
  eval  loss 3.2956  exits L11:3.296
step  23500  loss 3.2404  lr 1.19e-04  40496.7s
          exits L11:3.240
step  23520  loss 3.2612  lr 1.19e-04  40530.4s
          exits L11:3.261
step  23540  loss 3.2899  lr 1.18e-04  40564.7s
          exits L11:3.290
step  23560  loss 3.3380  lr 1.18e-04  40598.4s
          exits L11:3.338
step  23580  loss 3.2834  lr 1.18e-04  40632.0s
          exits L11:3.283
step  23600  loss 3.3124  lr 1.18e-04  40665.7s
          exits L11:3.312
step  23620  loss 3.2385  lr 1.18e-04  40699.3s
          exits L11:3.238
step  23640  loss 3.2177  lr 1.17e-04  40733.0s
          exits L11:3.218
step  23660  loss 3.3162  lr 1.17e-04  40766.6s
          exits L11:3.316
step  23680  loss 3.2683  lr 1.17e-04  40800.3s
          exits L11:3.268
step  23700  loss 3.3435  lr 1.17e-04  40834.0s
          exits L11:3.344
step  23720  loss 3.3779  lr 1.17e-04  40873.0s
          exits L11:3.378
step  23740  loss 3.2699  lr 1.16e-04  40906.8s
          exits L11:3.270
step  23760  loss 3.2831  lr 1.16e-04  40943.6s
          exits L11:3.283
step  23780  loss 3.2127  lr 1.16e-04  40977.4s
          exits L11:3.213
step  23800  loss 3.2555  lr 1.16e-04  41011.1s
          exits L11:3.255
step  23820  loss 3.1604  lr 1.16e-04  41045.0s
          exits L11:3.160
step  23840  loss 3.2726  lr 1.15e-04  41078.6s
          exits L11:3.273
step  23860  loss 3.1542  lr 1.15e-04  41112.3s
          exits L11:3.154
step  23880  loss 3.3344  lr 1.15e-04  41146.0s
          exits L11:3.334
step  23900  loss 3.3260  lr 1.15e-04  41180.7s
          exits L11:3.326
step  23920  loss 3.3357  lr 1.14e-04  41214.4s
          exits L11:3.336
step  23940  loss 3.2565  lr 1.14e-04  41248.1s
          exits L11:3.257
step  23960  loss 3.3340  lr 1.14e-04  41281.7s
          exits L11:3.334
step  23980  loss 3.1541  lr 1.14e-04  41315.4s
          exits L11:3.154
  eval  loss 3.2905  exits L11:3.290
 threshold   mean depth   accuracy      nll    saved
----------------------------------------------------
     0.000    12.00/12      0.3450   3.4992    0.0%
     0.050    12.00/12      0.3450   3.4992    0.0%
     0.100    12.00/12      0.3450   3.4992    0.0%
     0.200    12.00/12      0.3450   3.4992    0.0%
     0.300    12.00/12      0.3450   3.4992    0.0%
     0.500    12.00/12      0.3450   3.4992    0.0%
     0.700    12.00/12      0.3450   3.4992    0.0%
     1.000    12.00/12      0.3450   3.4992    0.0%
  suggested exit_threshold 0.00 -> mean depth 12.00/12, 0.0% of blocks skipped
  saved /global/scratch/users/iparra/effortless-dev/checkpoints/vr-noexits/step-024000.pt
step  24000  loss 3.2774  lr 1.14e-04  41360.6s
          exits L11:3.277
step  24020  loss 3.3144  lr 1.13e-04  41394.3s
          exits L11:3.314
step  24040  loss 3.3209  lr 1.13e-04  41428.0s
          exits L11:3.321
step  24060  loss 3.2498  lr 1.13e-04  41462.5s
          exits L11:3.250
step  24080  loss 3.3141  lr 1.13e-04  41496.3s
          exits L11:3.314
step  24100  loss 3.2329  lr 1.13e-04  41532.6s
          exits L11:3.233
step  24120  loss 3.2403  lr 1.12e-04  41566.4s
          exits L11:3.240
step  24140  loss 3.3370  lr 1.12e-04  41600.1s
          exits L11:3.337
step  24160  loss 3.3033  lr 1.12e-04  41633.7s
          exits L11:3.303
step  24180  loss 3.2717  lr 1.12e-04  41667.4s
          exits L11:3.272
step  24200  loss 3.2026  lr 1.12e-04  41701.0s
          exits L11:3.203
step  24220  loss 3.3369  lr 1.11e-04  41734.6s
          exits L11:3.337
step  24240  loss 3.2389  lr 1.11e-04  41768.3s
          exits L11:3.239
step  24260  loss 3.1695  lr 1.11e-04  41802.9s
          exits L11:3.169
step  24280  loss 3.2728  lr 1.11e-04  41836.5s
          exits L11:3.273
step  24300  loss 3.3260  lr 1.11e-04  41870.1s
          exits L11:3.326
step  24320  loss 3.2869  lr 1.10e-04  41903.8s
          exits L11:3.287
step  24340  loss 3.3168  lr 1.10e-04  41937.5s
          exits L11:3.317
step  24360  loss 3.2384  lr 1.10e-04  41973.2s
          exits L11:3.238
step  24380  loss 3.3330  lr 1.10e-04  42007.0s
          exits L11:3.333
step  24400  loss 3.3926  lr 1.10e-04  42040.7s
          exits L11:3.393
step  24420  loss 3.2769  lr 1.09e-04  42075.3s
          exits L11:3.277
step  24440  loss 3.3303  lr 1.09e-04  42109.0s
          exits L11:3.330
step  24460  loss 3.2797  lr 1.09e-04  42144.4s
          exits L11:3.280
step  24480  loss 3.2678  lr 1.09e-04  42178.2s
          exits L11:3.268
  eval  loss 3.2856  exits L11:3.286
step  24500  loss 3.3092  lr 1.08e-04  42218.9s
          exits L11:3.309
step  24520  loss 3.2859  lr 1.08e-04  42252.5s
          exits L11:3.286
step  24540  loss 3.2458  lr 1.08e-04  42286.1s
          exits L11:3.246
step  24560  loss 3.2085  lr 1.08e-04  42319.7s
          exits L11:3.208
step  24580  loss 3.2530  lr 1.08e-04  42353.3s
          exits L11:3.253
step  24600  loss 3.2735  lr 1.07e-04  42387.6s
          exits L11:3.274
step  24620  loss 3.3334  lr 1.07e-04  42421.3s
          exits L11:3.333
step  24640  loss 3.3505  lr 1.07e-04  42454.9s
          exits L11:3.350
step  24660  loss 3.3141  lr 1.07e-04  42488.5s
          exits L11:3.314
step  24680  loss 3.2640  lr 1.07e-04  42522.2s
          exits L11:3.264
step  24700  loss 3.2175  lr 1.06e-04  42556.5s
          exits L11:3.218
step  24720  loss 3.2750  lr 1.06e-04  42590.1s
          exits L11:3.275
step  24740  loss 3.3473  lr 1.06e-04  42624.0s
          exits L11:3.347
step  24760  loss 3.2386  lr 1.06e-04  42660.8s
          exits L11:3.239
step  24780  loss 3.2089  lr 1.06e-04  42695.1s
          exits L11:3.209
step  24800  loss 3.2161  lr 1.05e-04  42730.9s
          exits L11:3.216
step  24820  loss 3.2207  lr 1.05e-04  42764.5s
          exits L11:3.221
step  24840  loss 3.2151  lr 1.05e-04  42798.2s
          exits L11:3.215
step  24860  loss 3.2695  lr 1.05e-04  42831.9s
          exits L11:3.270
step  24880  loss 3.2630  lr 1.05e-04  42865.5s
          exits L11:3.263
step  24900  loss 3.2246  lr 1.04e-04  42899.2s
          exits L11:3.225
step  24920  loss 3.3115  lr 1.04e-04  42932.9s
          exits L11:3.312
step  24940  loss 3.2690  lr 1.04e-04  42966.5s
          exits L11:3.269
step  24960  loss 3.3049  lr 1.04e-04  43000.3s
          exits L11:3.305
step  24980  loss 3.3574  lr 1.04e-04  43034.1s
          exits L11:3.357
  eval  loss 3.2809  exits L11:3.281
  saved /global/scratch/users/iparra/effortless-dev/checkpoints/vr-noexits/step-025000.pt
step  25000  loss 3.2969  lr 1.03e-04  43076.6s
          exits L11:3.297
step  25020  loss 3.1964  lr 1.03e-04  43110.2s
          exits L11:3.196
step  25040  loss 3.2263  lr 1.03e-04  43143.9s
          exits L11:3.226
step  25060  loss 3.3050  lr 1.03e-04  43178.0s
          exits L11:3.305
step  25080  loss 3.3055  lr 1.03e-04  43211.7s
          exits L11:3.305
step  25100  loss 3.3802  lr 1.02e-04  43245.6s
          exits L11:3.380
step  25120  loss 3.2088  lr 1.02e-04  43279.3s
          exits L11:3.209
step  25140  loss 3.3050  lr 1.02e-04  43312.9s
          exits L11:3.305
step  25160  loss 3.3182  lr 1.02e-04  43349.7s
          exits L11:3.318
step  25180  loss 3.3126  lr 1.02e-04  43383.7s
          exits L11:3.313
step  25200  loss 3.2353  lr 1.01e-04  43417.3s
          exits L11:3.235
step  25220  loss 3.3076  lr 1.01e-04  43451.0s
          exits L11:3.308
step  25240  loss 3.3027  lr 1.01e-04  43484.7s
          exits L11:3.303
step  25260  loss 3.3183  lr 1.01e-04  43518.3s
          exits L11:3.318
step  25280  loss 3.2570  lr 1.01e-04  43551.9s
          exits L11:3.257
step  25300  loss 3.3165  lr 1.00e-04  43585.7s
          exits L11:3.317
step  25320  loss 3.2351  lr 1.00e-04  43619.5s
          exits L11:3.235
step  25340  loss 3.2913  lr 1.00e-04  43653.1s
          exits L11:3.291
step  25360  loss 3.2382  lr 9.98e-05  43691.6s
          exits L11:3.238
step  25380  loss 3.1925  lr 9.96e-05  43725.4s
          exits L11:3.192
step  25400  loss 3.2047  lr 9.94e-05  43759.8s
          exits L11:3.205
step  25420  loss 3.3444  lr 9.92e-05  43793.6s
          exits L11:3.344
step  25440  loss 3.2699  lr 9.90e-05  43827.2s
          exits L11:3.270
step  25460  loss 3.2169  lr 9.89e-05  43861.0s
          exits L11:3.217
step  25480  loss 3.2197  lr 9.87e-05  43894.7s
          exits L11:3.220
  eval  loss 3.2744  exits L11:3.274
step  25500  loss 3.3154  lr 9.85e-05  43937.9s
          exits L11:3.315
step  25520  loss 3.2403  lr 9.83e-05  43971.5s
          exits L11:3.240
step  25540  loss 3.2332  lr 9.81e-05  44005.1s
          exits L11:3.233
step  25560  loss 3.2818  lr 9.79e-05  44038.7s
          exits L11:3.282
step  25580  loss 3.1709  lr 9.77e-05  44072.3s
          exits L11:3.171
step  25600  loss 3.2585  lr 9.75e-05  44106.0s
          exits L11:3.258
step  25620  loss 3.2370  lr 9.73e-05  44139.6s
          exits L11:3.237
step  25640  loss 3.1911  lr 9.71e-05  44173.2s
          exits L11:3.191
step  25660  loss 3.3066  lr 9.69e-05  44207.0s
          exits L11:3.307
step  25680  loss 3.2621  lr 9.67e-05  44240.6s
          exits L11:3.262
step  25700  loss 3.2425  lr 9.65e-05  44274.2s
          exits L11:3.243
step  25720  loss 3.2411  lr 9.63e-05  44309.0s
          exits L11:3.241
step  25740  loss 3.2473  lr 9.61e-05  44342.8s
          exits L11:3.247
step  25760  loss 3.2856  lr 9.59e-05  44381.9s
          exits L11:3.286
step  25780  loss 3.2995  lr 9.57e-05  44415.6s
          exits L11:3.299
step  25800  loss 3.2254  lr 9.55e-05  44449.3s
          exits L11:3.225
step  25820  loss 3.2333  lr 9.53e-05  44483.1s
          exits L11:3.233
step  25840  loss 3.2348  lr 9.52e-05  44516.8s
          exits L11:3.235
step  25860  loss 3.2232  lr 9.50e-05  44552.5s
          exits L11:3.223
step  25880  loss 3.2289  lr 9.48e-05  44586.1s
          exits L11:3.229
step  25900  loss 3.2452  lr 9.46e-05  44619.8s
          exits L11:3.245
step  25920  loss 3.2578  lr 9.44e-05  44653.4s
          exits L11:3.258
step  25940  loss 3.3288  lr 9.42e-05  44687.0s
          exits L11:3.329
step  25960  loss 3.3100  lr 9.40e-05  44720.5s
          exits L11:3.310
step  25980  loss 3.2276  lr 9.38e-05  44754.1s
          exits L11:3.228
  eval  loss 3.2712  exits L11:3.271
 threshold   mean depth   accuracy      nll    saved
----------------------------------------------------
     0.000    12.00/12      0.3507   3.4814    0.0%
     0.050    12.00/12      0.3507   3.4814    0.0%
     0.100    12.00/12      0.3507   3.4814    0.0%
     0.200    12.00/12      0.3507   3.4814    0.0%
     0.300    12.00/12      0.3507   3.4814    0.0%
     0.500    12.00/12      0.3507   3.4814    0.0%
     0.700    12.00/12      0.3507   3.4814    0.0%
     1.000    12.00/12      0.3507   3.4814    0.0%
  suggested exit_threshold 0.00 -> mean depth 12.00/12, 0.0% of blocks skipped
  saved /global/scratch/users/iparra/effortless-dev/checkpoints/vr-noexits/step-026000.pt
step  26000  loss 3.2111  lr 9.36e-05  44799.7s
          exits L11:3.211
step  26020  loss 3.1997  lr 9.34e-05  44833.3s
          exits L11:3.200
step  26040  loss 3.2768  lr 9.32e-05  44866.9s
          exits L11:3.277
step  26060  loss 3.2566  lr 9.30e-05  44901.3s
          exits L11:3.257
step  26080  loss 3.2463  lr 9.29e-05  44935.0s
          exits L11:3.246
step  26100  loss 3.2815  lr 9.27e-05  44968.6s
          exits L11:3.282
step  26120  loss 3.1468  lr 9.25e-05  45002.2s
          exits L11:3.147
step  26140  loss 3.2198  lr 9.23e-05  45036.0s
          exits L11:3.220
step  26160  loss 3.2962  lr 9.21e-05  45069.6s
          exits L11:3.296
step  26180  loss 3.2476  lr 9.19e-05  45103.3s
          exits L11:3.248
step  26200  loss 3.2249  lr 9.17e-05  45139.1s
          exits L11:3.225
step  26220  loss 3.3132  lr 9.15e-05  45172.7s
          exits L11:3.313
step  26240  loss 3.1851  lr 9.13e-05  45206.4s
          exits L11:3.185
step  26260  loss 3.2666  lr 9.11e-05  45240.0s
          exits L11:3.267
step  26280  loss 3.2302  lr 9.10e-05  45273.6s
          exits L11:3.230
step  26300  loss 3.2236  lr 9.08e-05  45307.3s
          exits L11:3.224
step  26320  loss 3.2212  lr 9.06e-05  45340.9s
          exits L11:3.221
step  26340  loss 3.1883  lr 9.04e-05  45374.6s
          exits L11:3.188
step  26360  loss 3.3156  lr 9.02e-05  45410.1s
          exits L11:3.316
step  26380  loss 3.2076  lr 9.00e-05  45444.0s
          exits L11:3.208
step  26400  loss 3.1925  lr 8.98e-05  45477.6s
          exits L11:3.192
step  26420  loss 3.1887  lr 8.96e-05  45511.2s
          exits L11:3.189
step  26440  loss 3.3226  lr 8.95e-05  45545.7s
          exits L11:3.323
step  26460  loss 3.2284  lr 8.93e-05  45579.4s
          exits L11:3.228
step  26480  loss 3.2337  lr 8.91e-05  45613.1s
          exits L11:3.234
  eval  loss 3.2677  exits L11:3.268
step  26500  loss 3.2039  lr 8.89e-05  45654.0s
          exits L11:3.204
step  26520  loss 3.2567  lr 8.87e-05  45687.6s
          exits L11:3.257
step  26540  loss 3.2265  lr 8.85e-05  45721.3s
          exits L11:3.227
step  26560  loss 3.1898  lr 8.83e-05  45758.4s
          exits L11:3.190
step  26580  loss 3.1803  lr 8.82e-05  45792.1s
          exits L11:3.180
step  26600  loss 3.1906  lr 8.80e-05  45825.8s
          exits L11:3.191
step  26620  loss 3.2488  lr 8.78e-05  45859.5s
          exits L11:3.249
step  26640  loss 3.2919  lr 8.76e-05  45893.2s
          exits L11:3.292
step  26660  loss 3.1434  lr 8.74e-05  45926.9s
          exits L11:3.143
step  26680  loss 3.2082  lr 8.72e-05  45960.5s
          exits L11:3.208
step  26700  loss 3.2641  lr 8.70e-05  45994.4s
          exits L11:3.264
step  26720  loss 3.3362  lr 8.69e-05  46032.4s
          exits L11:3.336
step  26740  loss 3.2410  lr 8.67e-05  46066.2s
          exits L11:3.241
step  26760  loss 3.2616  lr 8.65e-05  46099.9s
          exits L11:3.262
step  26780  loss 3.1865  lr 8.63e-05  46133.6s
          exits L11:3.187
step  26800  loss 3.2654  lr 8.61e-05  46167.3s
          exits L11:3.265
step  26820  loss 3.1854  lr 8.59e-05  46200.9s
          exits L11:3.185
step  26840  loss 3.1765  lr 8.58e-05  46234.6s
          exits L11:3.177
step  26860  loss 3.2461  lr 8.56e-05  46269.1s
          exits L11:3.246
step  26880  loss 3.2813  lr 8.54e-05  46302.9s
          exits L11:3.281
step  26900  loss 3.1051  lr 8.52e-05  46338.8s
          exits L11:3.105
step  26920  loss 3.2900  lr 8.50e-05  46372.4s
          exits L11:3.290
step  26940  loss 3.1354  lr 8.49e-05  46406.1s
          exits L11:3.135
step  26960  loss 3.2417  lr 8.47e-05  46439.7s
          exits L11:3.242
step  26980  loss 3.1995  lr 8.45e-05  46473.4s
          exits L11:3.199
  eval  loss 3.2622  exits L11:3.262
  saved /global/scratch/users/iparra/effortless-dev/checkpoints/vr-noexits/step-027000.pt
step  27000  loss 3.1706  lr 8.43e-05  46516.0s
          exits L11:3.171
step  27020  loss 3.1719  lr 8.41e-05  46549.7s
          exits L11:3.172
step  27040  loss 3.1853  lr 8.40e-05  46583.3s
          exits L11:3.185
step  27060  loss 3.1565  lr 8.38e-05  46617.7s
          exits L11:3.156
step  27080  loss 3.2536  lr 8.36e-05  46651.3s
          exits L11:3.254
step  27100  loss 3.1825  lr 8.34e-05  46685.1s
          exits L11:3.182
step  27120  loss 3.2439  lr 8.32e-05  46718.8s
          exits L11:3.244
step  27140  loss 3.1954  lr 8.31e-05  46752.5s
          exits L11:3.195
step  27160  loss 3.2635  lr 8.29e-05  46786.1s
          exits L11:3.264
step  27180  loss 3.3055  lr 8.27e-05  46819.8s
          exits L11:3.306
step  27200  loss 3.2009  lr 8.25e-05  46853.5s
          exits L11:3.201
step  27220  loss 3.2511  lr 8.23e-05  46887.1s
          exits L11:3.251
step  27240  loss 3.2308  lr 8.22e-05  46920.8s
          exits L11:3.231
step  27260  loss 3.2894  lr 8.20e-05  46956.6s
          exits L11:3.289
step  27280  loss 3.1809  lr 8.18e-05  46990.3s
          exits L11:3.181
step  27300  loss 3.2781  lr 8.16e-05  47024.0s
          exits L11:3.278
step  27320  loss 3.2855  lr 8.15e-05  47057.7s
          exits L11:3.285
step  27340  loss 3.2858  lr 8.13e-05  47091.3s
          exits L11:3.286
step  27360  loss 3.2460  lr 8.11e-05  47129.8s
          exits L11:3.246
step  27380  loss 3.1336  lr 8.09e-05  47163.5s
          exits L11:3.134
step  27400  loss 3.2446  lr 8.07e-05  47197.2s
          exits L11:3.245
step  27420  loss 3.2645  lr 8.06e-05  47231.8s
          exits L11:3.265
step  27440  loss 3.1882  lr 8.04e-05  47265.5s
          exits L11:3.188
step  27460  loss 3.1951  lr 8.02e-05  47299.3s
          exits L11:3.195
step  27480  loss 3.2213  lr 8.00e-05  47333.0s
          exits L11:3.221
  eval  loss 3.2571  exits L11:3.257
step  27500  loss 3.2408  lr 7.99e-05  47373.7s
          exits L11:3.241
step  27520  loss 3.2397  lr 7.97e-05  47407.3s
          exits L11:3.240
step  27540  loss 3.2823  lr 7.95e-05  47441.0s
          exits L11:3.282
step  27560  loss 3.2155  lr 7.93e-05  47474.6s
          exits L11:3.216
step  27580  loss 3.2623  lr 7.92e-05  47508.3s
          exits L11:3.262
step  27600  loss 3.2236  lr 7.90e-05  47544.1s
          exits L11:3.224
step  27620  loss 3.1980  lr 7.88e-05  47577.7s
          exits L11:3.198
step  27640  loss 3.3519  lr 7.87e-05  47611.4s
          exits L11:3.352
step  27660  loss 3.2536  lr 7.85e-05  47645.0s
          exits L11:3.254
step  27680  loss 3.2739  lr 7.83e-05  47678.6s
          exits L11:3.274
step  27700  loss 3.2613  lr 7.81e-05  47712.2s
          exits L11:3.261
step  27720  loss 3.2606  lr 7.80e-05  47749.8s
          exits L11:3.261
step  27740  loss 3.2451  lr 7.78e-05  47783.9s
          exits L11:3.245
step  27760  loss 3.1981  lr 7.76e-05  47818.4s
          exits L11:3.198
step  27780  loss 3.2467  lr 7.74e-05  47852.1s
          exits L11:3.247
step  27800  loss 3.2096  lr 7.73e-05  47885.7s
          exits L11:3.210
step  27820  loss 3.1940  lr 7.71e-05  47919.4s
          exits L11:3.194
step  27840  loss 3.2397  lr 7.69e-05  47953.1s
          exits L11:3.240
step  27860  loss 3.2981  lr 7.68e-05  47986.7s
          exits L11:3.298
step  27880  loss 3.2229  lr 7.66e-05  48020.4s
          exits L11:3.223
step  27900  loss 3.2248  lr 7.64e-05  48054.1s
          exits L11:3.225
step  27920  loss 3.2110  lr 7.63e-05  48087.8s
          exits L11:3.211
step  27940  loss 3.1970  lr 7.61e-05  48121.5s
          exits L11:3.197
step  27960  loss 3.1644  lr 7.59e-05  48157.5s
          exits L11:3.164
step  27980  loss 3.1622  lr 7.57e-05  48191.2s
          exits L11:3.162
  eval  loss 3.2539  exits L11:3.254
 threshold   mean depth   accuracy      nll    saved
----------------------------------------------------
     0.000    12.00/12      0.3508   3.4667    0.0%
     0.050    12.00/12      0.3508   3.4667    0.0%
     0.100    12.00/12      0.3508   3.4667    0.0%
     0.200    12.00/12      0.3508   3.4667    0.0%
     0.300    12.00/12      0.3508   3.4667    0.0%
     0.500    12.00/12      0.3508   3.4667    0.0%
     0.700    12.00/12      0.3508   3.4667    0.0%
     1.000    12.00/12      0.3508   3.4667    0.0%
  suggested exit_threshold 0.00 -> mean depth 12.00/12, 0.0% of blocks skipped
  saved /global/scratch/users/iparra/effortless-dev/checkpoints/vr-noexits/step-028000.pt
step  28000  loss 3.2047  lr 7.56e-05  48236.2s
          exits L11:3.205
step  28020  loss 3.2151  lr 7.54e-05  48269.8s
          exits L11:3.215
step  28040  loss 3.1861  lr 7.52e-05  48303.5s
          exits L11:3.186
step  28060  loss 3.2296  lr 7.51e-05  48337.5s
          exits L11:3.230
step  28080  loss 3.2039  lr 7.49e-05  48371.2s
          exits L11:3.204
step  28100  loss 3.2394  lr 7.47e-05  48404.9s
          exits L11:3.239
step  28120  loss 3.2130  lr 7.46e-05  48439.5s
          exits L11:3.213
step  28140  loss 3.2192  lr 7.44e-05  48473.2s
          exits L11:3.219
step  28160  loss 3.2179  lr 7.42e-05  48507.0s
          exits L11:3.218
step  28180  loss 3.2423  lr 7.41e-05  48540.7s
          exits L11:3.242
step  28200  loss 3.1908  lr 7.39e-05  48574.4s
          exits L11:3.191
step  28220  loss 3.2442  lr 7.37e-05  48608.1s
          exits L11:3.244
step  28240  loss 3.2895  lr 7.36e-05  48641.9s
          exits L11:3.289
step  28260  loss 3.1732  lr 7.34e-05  48675.6s
          exits L11:3.173
step  28280  loss 3.2402  lr 7.32e-05  48709.3s
          exits L11:3.240
step  28300  loss 3.2397  lr 7.31e-05  48744.7s
          exits L11:3.240
step  28320  loss 3.1888  lr 7.29e-05  48778.4s
          exits L11:3.189
step  28340  loss 3.2265  lr 7.27e-05  48812.1s
          exits L11:3.227
step  28360  loss 3.2926  lr 7.26e-05  48852.7s
          exits L11:3.293
step  28380  loss 3.2672  lr 7.24e-05  48886.6s
          exits L11:3.267
step  28400  loss 3.1924  lr 7.22e-05  48920.3s
          exits L11:3.192
step  28420  loss 3.2277  lr 7.21e-05  48953.9s
          exits L11:3.228
step  28440  loss 3.3104  lr 7.19e-05  48987.6s
          exits L11:3.310
step  28460  loss 3.2597  lr 7.18e-05  49021.2s
          exits L11:3.260
step  28480  loss 3.1973  lr 7.16e-05  49056.1s
          exits L11:3.197
  eval  loss 3.2497  exits L11:3.250
step  28500  loss 3.2627  lr 7.14e-05  49096.9s
          exits L11:3.263
step  28520  loss 3.2859  lr 7.13e-05  49130.5s
          exits L11:3.286
step  28540  loss 3.1295  lr 7.11e-05  49164.2s
          exits L11:3.130
step  28560  loss 3.1322  lr 7.09e-05  49197.9s
          exits L11:3.132
step  28580  loss 3.2254  lr 7.08e-05  49231.6s
          exits L11:3.225
step  28600  loss 3.2133  lr 7.06e-05  49265.3s
          exits L11:3.213
step  28620  loss 3.2154  lr 7.05e-05  49299.0s
          exits L11:3.215
step  28640  loss 3.2059  lr 7.03e-05  49332.7s
          exits L11:3.206
step  28660  loss 3.2041  lr 7.01e-05  49368.9s
          exits L11:3.204
step  28680  loss 3.1403  lr 7.00e-05  49402.5s
          exits L11:3.140
step  28700  loss 3.1312  lr 6.98e-05  49436.9s
          exits L11:3.131
step  28720  loss 3.2057  lr 6.97e-05  49470.9s
          exits L11:3.206
step  28740  loss 3.2798  lr 6.95e-05  49506.8s
          exits L11:3.280
step  28760  loss 3.2691  lr 6.93e-05  49540.7s
          exits L11:3.269
step  28780  loss 3.2851  lr 6.92e-05  49574.4s
          exits L11:3.285
step  28800  loss 3.2542  lr 6.90e-05  49608.1s
          exits L11:3.254
step  28820  loss 3.2478  lr 6.89e-05  49643.2s
          exits L11:3.248
step  28840  loss 3.1213  lr 6.87e-05  49676.9s
          exits L11:3.121
step  28860  loss 3.1969  lr 6.86e-05  49715.4s
          exits L11:3.197
step  28880  loss 3.2932  lr 6.84e-05  49749.1s
          exits L11:3.293
step  28900  loss 3.2022  lr 6.82e-05  49782.7s
          exits L11:3.202
step  28920  loss 3.2424  lr 6.81e-05  49816.4s
          exits L11:3.242
step  28940  loss 3.2542  lr 6.79e-05  49850.2s
          exits L11:3.254
step  28960  loss 3.2186  lr 6.78e-05  49883.9s
          exits L11:3.219
step  28980  loss 3.2740  lr 6.76e-05  49917.5s
          exits L11:3.274
  eval  loss 3.2460  exits L11:3.246
  saved /global/scratch/users/iparra/effortless-dev/checkpoints/vr-noexits/step-029000.pt
step  29000  loss 3.1752  lr 6.75e-05  49962.1s
          exits L11:3.175
step  29020  loss 3.2407  lr 6.73e-05  49995.7s
          exits L11:3.241
step  29040  loss 3.1585  lr 6.71e-05  50029.4s
          exits L11:3.158
step  29060  loss 3.1655  lr 6.70e-05  50063.8s
          exits L11:3.166
step  29080  loss 3.0910  lr 6.68e-05  50097.5s
          exits L11:3.091
step  29100  loss 3.2246  lr 6.67e-05  50131.2s
          exits L11:3.225
step  29120  loss 3.2232  lr 6.65e-05  50164.9s
          exits L11:3.223
step  29140  loss 3.2671  lr 6.64e-05  50198.6s
          exits L11:3.267
step  29160  loss 3.2724  lr 6.62e-05  50232.8s
          exits L11:3.272
step  29180  loss 3.2414  lr 6.61e-05  50266.5s
          exits L11:3.241
step  29200  loss 3.1228  lr 6.59e-05  50300.2s
          exits L11:3.123
step  29220  loss 3.1744  lr 6.58e-05  50333.9s
          exits L11:3.174
step  29240  loss 3.2182  lr 6.56e-05  50367.6s
          exits L11:3.218
step  29260  loss 3.2421  lr 6.55e-05  50401.3s
          exits L11:3.242
step  29280  loss 3.2914  lr 6.53e-05  50435.0s
          exits L11:3.291
step  29300  loss 3.1867  lr 6.51e-05  50468.8s
          exits L11:3.187
step  29320  loss 3.2539  lr 6.50e-05  50502.5s
          exits L11:3.254
step  29340  loss 3.2495  lr 6.48e-05  50536.2s
          exits L11:3.250
step  29360  loss 3.1723  lr 6.47e-05  50578.6s
          exits L11:3.172
step  29380  loss 3.2361  lr 6.45e-05  50612.3s
          exits L11:3.236
step  29400  loss 3.1808  lr 6.44e-05  50647.0s
          exits L11:3.181
step  29420  loss 3.1711  lr 6.42e-05  50681.1s
          exits L11:3.171
step  29440  loss 3.2922  lr 6.41e-05  50714.8s
          exits L11:3.292
step  29460  loss 3.2237  lr 6.39e-05  50748.6s
          exits L11:3.224
step  29480  loss 3.2285  lr 6.38e-05  50782.3s
          exits L11:3.229
  eval  loss 3.2432  exits L11:3.243
step  29500  loss 3.2130  lr 6.36e-05  50823.1s
          exits L11:3.213
step  29520  loss 3.2520  lr 6.35e-05  50857.9s
          exits L11:3.252
step  29540  loss 3.2198  lr 6.33e-05  50891.6s
          exits L11:3.220
step  29560  loss 3.2105  lr 6.32e-05  50925.3s
          exits L11:3.211
step  29580  loss 3.2887  lr 6.31e-05  50959.0s
          exits L11:3.289
step  29600  loss 3.2104  lr 6.29e-05  50992.7s
          exits L11:3.210
step  29620  loss 3.3337  lr 6.28e-05  51026.3s
          exits L11:3.334
step  29640  loss 3.2047  lr 6.26e-05  51060.1s
          exits L11:3.205
step  29660  loss 3.2508  lr 6.25e-05  51093.8s
          exits L11:3.251
step  29680  loss 3.2346  lr 6.23e-05  51127.5s
          exits L11:3.235
step  29700  loss 3.1726  lr 6.22e-05  51164.1s
          exits L11:3.173
step  29720  loss 3.1930  lr 6.20e-05  51201.8s
          exits L11:3.193
step  29740  loss 3.2155  lr 6.19e-05  51235.8s
          exits L11:3.216
step  29760  loss 3.2635  lr 6.17e-05  51269.8s
          exits L11:3.263
step  29780  loss 3.2497  lr 6.16e-05  51303.5s
          exits L11:3.250
step  29800  loss 3.2009  lr 6.14e-05  51337.2s
          exits L11:3.201
step  29820  loss 3.2236  lr 6.13e-05  51371.0s
          exits L11:3.224
step  29840  loss 3.1892  lr 6.12e-05  51404.7s
          exits L11:3.189
step  29860  loss 3.2110  lr 6.10e-05  51438.4s
          exits L11:3.211
step  29880  loss 3.2050  lr 6.09e-05  51472.8s
          exits L11:3.205
step  29900  loss 3.2195  lr 6.07e-05  51506.5s
          exits L11:3.219
step  29920  loss 3.1946  lr 6.06e-05  51540.2s
          exits L11:3.195
step  29940  loss 3.1871  lr 6.04e-05  51573.9s
          exits L11:3.187
step  29960  loss 3.2702  lr 6.03e-05  51607.6s
          exits L11:3.270
step  29980  loss 3.1937  lr 6.02e-05  51641.3s
          exits L11:3.194
  eval  loss 3.2385  exits L11:3.238
 threshold   mean depth   accuracy      nll    saved
----------------------------------------------------
     0.000    12.00/12      0.3480   3.4606    0.0%
     0.050    12.00/12      0.3480   3.4606    0.0%
     0.100    12.00/12      0.3480   3.4606    0.0%
     0.200    12.00/12      0.3480   3.4606    0.0%
     0.300    12.00/12      0.3480   3.4606    0.0%
     0.500    12.00/12      0.3480   3.4606    0.0%
     0.700    12.00/12      0.3480   3.4606    0.0%
     1.000    12.00/12      0.3480   3.4606    0.0%
  suggested exit_threshold 0.00 -> mean depth 12.00/12, 0.0% of blocks skipped
  saved /global/scratch/users/iparra/effortless-dev/checkpoints/vr-noexits/step-030000.pt
step  30000  loss 3.2665  lr 6.00e-05  51687.8s
          exits L11:3.267
step  30020  loss 3.2419  lr 5.99e-05  51721.4s
          exits L11:3.242
step  30040  loss 3.2246  lr 5.97e-05  51758.8s
          exits L11:3.225
step  30060  loss 3.1571  lr 5.96e-05  51793.3s
          exits L11:3.157
step  30080  loss 3.2214  lr 5.95e-05  51827.0s
          exits L11:3.221
step  30100  loss 3.2291  lr 5.93e-05  51860.7s
          exits L11:3.229
step  30120  loss 3.2815  lr 5.92e-05  51894.3s
          exits L11:3.282
step  30140  loss 3.1759  lr 5.90e-05  51928.0s
          exits L11:3.176
step  30160  loss 3.2525  lr 5.89e-05  51961.7s
          exits L11:3.252
step  30180  loss 3.2047  lr 5.88e-05  51995.3s
          exits L11:3.205
step  30200  loss 3.1764  lr 5.86e-05  52028.9s
          exits L11:3.176
step  30220  loss 3.1677  lr 5.85e-05  52063.5s
          exits L11:3.168
step  30240  loss 3.2012  lr 5.83e-05  52097.1s
          exits L11:3.201
step  30260  loss 3.2004  lr 5.82e-05  52130.8s
          exits L11:3.200
step  30280  loss 3.2256  lr 5.81e-05  52164.4s
          exits L11:3.226
step  30300  loss 3.1627  lr 5.79e-05  52198.0s
          exits L11:3.163
step  30320  loss 3.0850  lr 5.78e-05  52231.7s
          exits L11:3.085
step  30340  loss 3.2492  lr 5.77e-05  52265.5s
          exits L11:3.249
step  30360  loss 3.1655  lr 5.75e-05  52305.4s
          exits L11:3.165
step  30380  loss 3.1982  lr 5.74e-05  52339.3s
          exits L11:3.198
step  30400  loss 3.2087  lr 5.72e-05  52375.9s
          exits L11:3.209
step  30420  loss 3.2116  lr 5.71e-05  52410.4s
          exits L11:3.212
step  30440  loss 3.2172  lr 5.70e-05  52444.3s
          exits L11:3.217
step  30460  loss 3.1140  lr 5.68e-05  52477.9s
          exits L11:3.114
step  30480  loss 3.2269  lr 5.67e-05  52511.6s
          exits L11:3.227
  eval  loss 3.2352  exits L11:3.235
step  30500  loss 3.2231  lr 5.66e-05  52552.3s
          exits L11:3.223
step  30520  loss 3.2226  lr 5.64e-05  52585.9s
          exits L11:3.223
step  30540  loss 3.1801  lr 5.63e-05  52619.6s
          exits L11:3.180
step  30560  loss 3.2158  lr 5.62e-05  52653.3s
          exits L11:3.216
step  30580  loss 3.1847  lr 5.60e-05  52687.5s
          exits L11:3.185
step  30600  loss 3.2148  lr 5.59e-05  52721.2s
          exits L11:3.215
step  30620  loss 3.2063  lr 5.58e-05  52754.9s
          exits L11:3.206
step  30640  loss 3.1561  lr 5.56e-05  52788.6s
          exits L11:3.156
step  30660  loss 3.1871  lr 5.55e-05  52822.2s
          exits L11:3.187
step  30680  loss 3.1887  lr 5.54e-05  52856.0s
          exits L11:3.189
step  30700  loss 3.1157  lr 5.52e-05  52891.0s
          exits L11:3.116
step  30720  loss 3.1336  lr 5.51e-05  52929.0s
          exits L11:3.134
step  30740  loss 3.2439  lr 5.50e-05  52966.3s
          exits L11:3.244
step  30760  loss 3.1835  lr 5.48e-05  53000.0s
          exits L11:3.183
step  30780  loss 3.2471  lr 5.47e-05  53036.5s
          exits L11:3.247
step  30800  loss 3.1494  lr 5.46e-05  53070.4s
          exits L11:3.149
step  30820  loss 3.2290  lr 5.45e-05  53104.1s
          exits L11:3.229
step  30840  loss 3.2926  lr 5.43e-05  53137.7s
          exits L11:3.293
step  30860  loss 3.2202  lr 5.42e-05  53171.4s
          exits L11:3.220
step  30880  loss 3.2128  lr 5.41e-05  53205.1s
          exits L11:3.213
step  30900  loss 3.2090  lr 5.39e-05  53238.7s
          exits L11:3.209
step  30920  loss 3.1929  lr 5.38e-05  53273.2s
          exits L11:3.193
step  30940  loss 3.1967  lr 5.37e-05  53306.9s
          exits L11:3.197
step  30960  loss 3.1569  lr 5.36e-05  53340.6s
          exits L11:3.157
step  30980  loss 3.2002  lr 5.34e-05  53374.2s
          exits L11:3.200
  eval  loss 3.2310  exits L11:3.231
  saved /global/scratch/users/iparra/effortless-dev/checkpoints/vr-noexits/step-031000.pt
step  31000  loss 3.2413  lr 5.33e-05  53416.9s
          exits L11:3.241
step  31020  loss 3.1776  lr 5.32e-05  53450.6s
          exits L11:3.178
step  31040  loss 3.0875  lr 5.31e-05  53485.0s
          exits L11:3.087
step  31060  loss 3.1816  lr 5.29e-05  53518.9s
          exits L11:3.182
step  31080  loss 3.2544  lr 5.28e-05  53554.8s
          exits L11:3.254
step  31100  loss 3.1103  lr 5.27e-05  53588.6s
          exits L11:3.110
step  31120  loss 3.1799  lr 5.26e-05  53622.3s
          exits L11:3.180
step  31140  loss 3.2274  lr 5.24e-05  53656.0s
          exits L11:3.227
step  31160  loss 3.1578  lr 5.23e-05  53689.7s
          exits L11:3.158
step  31180  loss 3.1582  lr 5.22e-05  53723.5s
          exits L11:3.158
step  31200  loss 3.2545  lr 5.21e-05  53757.2s
          exits L11:3.255
step  31220  loss 3.2538  lr 5.19e-05  53790.8s
          exits L11:3.254
step  31240  loss 3.1805  lr 5.18e-05  53824.5s
          exits L11:3.181
step  31260  loss 3.1685  lr 5.17e-05  53858.2s
          exits L11:3.169
step  31280  loss 3.1338  lr 5.16e-05  53893.3s
          exits L11:3.134
step  31300  loss 3.2700  lr 5.14e-05  53927.0s
          exits L11:3.270
step  31320  loss 3.1994  lr 5.13e-05  53960.7s
          exits L11:3.199
step  31340  loss 3.1357  lr 5.12e-05  53994.4s
          exits L11:3.136
step  31360  loss 3.2968  lr 5.11e-05  54032.7s
          exits L11:3.297
step  31380  loss 3.1702  lr 5.10e-05  54066.6s
          exits L11:3.170
step  31400  loss 3.1024  lr 5.08e-05  54100.8s
          exits L11:3.102
step  31420  loss 3.2982  lr 5.07e-05  54134.6s
          exits L11:3.298
step  31440  loss 3.1967  lr 5.06e-05  54169.8s
          exits L11:3.197
step  31460  loss 3.2293  lr 5.05e-05  54203.6s
          exits L11:3.229
step  31480  loss 3.2325  lr 5.04e-05  54237.3s
          exits L11:3.233
  eval  loss 3.2284  exits L11:3.228
step  31500  loss 3.2248  lr 5.02e-05  54278.0s
          exits L11:3.225
step  31520  loss 3.1879  lr 5.01e-05  54311.7s
          exits L11:3.188
step  31540  loss 3.2720  lr 5.00e-05  54345.4s
          exits L11:3.272
step  31560  loss 3.2161  lr 4.99e-05  54379.1s
          exits L11:3.216
step  31580  loss 3.1575  lr 4.98e-05  54412.8s
          exits L11:3.158
step  31600  loss 3.1287  lr 4.97e-05  54446.5s
          exits L11:3.129
step  31620  loss 3.2350  lr 4.95e-05  54481.4s
          exits L11:3.235
step  31640  loss 3.2418  lr 4.94e-05  54515.1s
          exits L11:3.242
step  31660  loss 3.2146  lr 4.93e-05  54548.8s
          exits L11:3.215
step  31680  loss 3.1488  lr 4.92e-05  54582.5s
          exits L11:3.149
step  31700  loss 3.2468  lr 4.91e-05  54616.2s
          exits L11:3.247
step  31720  loss 3.1822  lr 4.90e-05  54650.1s
          exits L11:3.182
step  31740  loss 3.1816  lr 4.88e-05  54684.5s
          exits L11:3.182
step  31760  loss 3.2441  lr 4.87e-05  54724.6s
          exits L11:3.244
step  31780  loss 3.1587  lr 4.86e-05  54761.0s
          exits L11:3.159
step  31800  loss 3.2405  lr 4.85e-05  54794.7s
          exits L11:3.240
step  31820  loss 3.3096  lr 4.84e-05  54828.6s
          exits L11:3.310
step  31840  loss 3.1842  lr 4.83e-05  54862.3s
          exits L11:3.184
step  31860  loss 3.1447  lr 4.82e-05  54896.0s
          exits L11:3.145
step  31880  loss 3.2274  lr 4.80e-05  54929.7s
          exits L11:3.227
step  31900  loss 3.1175  lr 4.79e-05  54963.5s
          exits L11:3.117
step  31920  loss 3.1631  lr 4.78e-05  54997.2s
          exits L11:3.163
step  31940  loss 3.1503  lr 4.77e-05  55030.9s
          exits L11:3.150
step  31960  loss 3.1977  lr 4.76e-05  55064.6s
          exits L11:3.198
step  31980  loss 3.2261  lr 4.75e-05  55099.1s
          exits L11:3.226
  eval  loss 3.2254  exits L11:3.225
 threshold   mean depth   accuracy      nll    saved
----------------------------------------------------
     0.000    12.00/12      0.3505   3.4479    0.0%
     0.050    12.00/12      0.3505   3.4479    0.0%
     0.100    12.00/12      0.3505   3.4479    0.0%
     0.200    12.00/12      0.3505   3.4479    0.0%
     0.300    12.00/12      0.3505   3.4479    0.0%
     0.500    12.00/12      0.3505   3.4479    0.0%
     0.700    12.00/12      0.3505   3.4479    0.0%
     1.000    12.00/12      0.3505   3.4479    0.0%
  suggested exit_threshold 0.00 -> mean depth 12.00/12, 0.0% of blocks skipped
  saved /global/scratch/users/iparra/effortless-dev/checkpoints/vr-noexits/step-032000.pt
step  32000  loss 3.1416  lr 4.74e-05  55163.9s
          exits L11:3.142
step  32020  loss 3.1954  lr 4.73e-05  55197.5s
          exits L11:3.195
step  32040  loss 3.2482  lr 4.72e-05  55231.2s
          exits L11:3.248
step  32060  loss 3.1885  lr 4.70e-05  55264.8s
          exits L11:3.188
step  32080  loss 3.2308  lr 4.69e-05  55298.5s
          exits L11:3.231
step  32100  loss 3.1790  lr 4.68e-05  55337.3s
          exits L11:3.179
step  32120  loss 3.1814  lr 4.67e-05  55373.9s
          exits L11:3.181
step  32140  loss 3.2048  lr 4.66e-05  55407.6s
          exits L11:3.205
step  32160  loss 3.1462  lr 4.65e-05  55441.3s
          exits L11:3.146
step  32180  loss 3.2015  lr 4.64e-05  55475.0s
          exits L11:3.201
step  32200  loss 3.1775  lr 4.63e-05  55508.7s
          exits L11:3.177
step  32220  loss 3.1739  lr 4.62e-05  55542.4s
          exits L11:3.174
step  32240  loss 3.1806  lr 4.61e-05  55576.1s
          exits L11:3.181
step  32260  loss 3.1644  lr 4.60e-05  55609.7s
          exits L11:3.164
step  32280  loss 3.0944  lr 4.59e-05  55643.4s
          exits L11:3.094
step  32300  loss 3.2802  lr 4.58e-05  55678.3s
          exits L11:3.280
step  32320  loss 3.2046  lr 4.56e-05  55711.9s
          exits L11:3.205
step  32340  loss 3.1618  lr 4.55e-05  55746.3s
          exits L11:3.162
step  32360  loss 3.2320  lr 4.54e-05  55781.1s
          exits L11:3.232
step  32380  loss 3.1934  lr 4.53e-05  55815.3s
          exits L11:3.193
step  32400  loss 3.2039  lr 4.52e-05  55849.0s
          exits L11:3.204
step  32420  loss 3.1847  lr 4.51e-05  55882.7s
          exits L11:3.185
step  32440  loss 3.2052  lr 4.50e-05  55916.3s
          exits L11:3.205
step  32460  loss 3.2781  lr 4.49e-05  55951.1s
          exits L11:3.278
step  32480  loss 3.2079  lr 4.48e-05  55986.7s
          exits L11:3.208
  eval  loss 3.2221  exits L11:3.222
step  32500  loss 3.2523  lr 4.47e-05  56027.4s
          exits L11:3.252
step  32520  loss 3.2387  lr 4.46e-05  56061.1s
          exits L11:3.239
step  32540  loss 3.1885  lr 4.45e-05  56094.7s
          exits L11:3.188
step  32560  loss 3.2344  lr 4.44e-05  56128.3s
          exits L11:3.234
step  32580  loss 3.2409  lr 4.43e-05  56162.0s
          exits L11:3.241
step  32600  loss 3.1503  lr 4.42e-05  56195.6s
          exits L11:3.150
step  32620  loss 3.1519  lr 4.41e-05  56229.2s
          exits L11:3.152
step  32640  loss 3.2126  lr 4.40e-05  56262.9s
          exits L11:3.213
step  32660  loss 3.2300  lr 4.39e-05  56297.4s
          exits L11:3.230
step  32680  loss 3.2002  lr 4.38e-05  56331.0s
          exits L11:3.200
step  32700  loss 3.2128  lr 4.37e-05  56366.0s
          exits L11:3.213
step  32720  loss 3.1447  lr 4.36e-05  56400.4s
          exits L11:3.145
step  32740  loss 3.1749  lr 4.35e-05  56434.6s
          exits L11:3.175
step  32760  loss 3.2337  lr 4.34e-05  56468.3s
          exits L11:3.234
step  32780  loss 3.1339  lr 4.33e-05  56501.9s
          exits L11:3.134
step  32800  loss 3.2271  lr 4.32e-05  56535.5s
          exits L11:3.227
step  32820  loss 3.2188  lr 4.31e-05  56572.7s
          exits L11:3.219
step  32840  loss 3.1845  lr 4.30e-05  56606.3s
          exits L11:3.184
step  32860  loss 3.1400  lr 4.29e-05  56639.9s
          exits L11:3.140
step  32880  loss 3.1814  lr 4.28e-05  56673.6s
          exits L11:3.181
step  32900  loss 3.1780  lr 4.27e-05  56707.2s
          exits L11:3.178
step  32920  loss 3.0971  lr 4.26e-05  56740.8s
          exits L11:3.097
step  32940  loss 3.1718  lr 4.25e-05  56774.5s
          exits L11:3.172
step  32960  loss 3.1621  lr 4.25e-05  56808.2s
          exits L11:3.162
step  32980  loss 3.2247  lr 4.24e-05  56841.8s
          exits L11:3.225
  eval  loss 3.2196  exits L11:3.220
  saved /global/scratch/users/iparra/effortless-dev/checkpoints/vr-noexits/step-033000.pt
step  33000  loss 3.2153  lr 4.23e-05  56885.2s
          exits L11:3.215
step  33020  loss 3.2065  lr 4.22e-05  56918.9s
          exits L11:3.206
step  33040  loss 3.2291  lr 4.21e-05  56953.1s
          exits L11:3.229
step  33060  loss 3.2064  lr 4.20e-05  56986.8s
          exits L11:3.206
step  33080  loss 3.1952  lr 4.19e-05  57021.1s
          exits L11:3.195
step  33100  loss 3.2081  lr 4.18e-05  57055.0s
          exits L11:3.208
step  33120  loss 3.1874  lr 4.17e-05  57088.7s
          exits L11:3.187
step  33140  loss 3.2061  lr 4.16e-05  57122.3s
          exits L11:3.206
step  33160  loss 3.0947  lr 4.15e-05  57155.9s
          exits L11:3.095
step  33180  loss 3.1940  lr 4.14e-05  57191.0s
          exits L11:3.194
step  33200  loss 3.1426  lr 4.13e-05  57224.7s
          exits L11:3.143
step  33220  loss 3.1822  lr 4.13e-05  57258.5s
          exits L11:3.182
step  33240  loss 3.1133  lr 4.12e-05  57292.2s
          exits L11:3.113
step  33260  loss 3.1274  lr 4.11e-05  57325.9s
          exits L11:3.127
step  33280  loss 3.0899  lr 4.10e-05  57359.6s
          exits L11:3.090
step  33300  loss 3.1631  lr 4.09e-05  57393.3s
          exits L11:3.163
step  33320  loss 3.1639  lr 4.08e-05  57427.0s
          exits L11:3.164
step  33340  loss 3.1058  lr 4.07e-05  57460.7s
          exits L11:3.106
step  33360  loss 3.1489  lr 4.06e-05  57500.9s
          exits L11:3.149
step  33380  loss 3.1804  lr 4.05e-05  57534.6s
          exits L11:3.180
step  33400  loss 3.1450  lr 4.05e-05  57568.9s
          exits L11:3.145
step  33420  loss 3.1486  lr 4.04e-05  57602.6s
          exits L11:3.149
step  33440  loss 3.2183  lr 4.03e-05  57637.1s
          exits L11:3.218
step  33460  loss 3.1687  lr 4.02e-05  57671.1s
          exits L11:3.169
step  33480  loss 3.1472  lr 4.01e-05  57704.8s
          exits L11:3.147
  eval  loss 3.2173  exits L11:3.217
step  33500  loss 3.3053  lr 4.00e-05  57745.5s
          exits L11:3.305
step  33520  loss 3.1881  lr 3.99e-05  57782.0s
          exits L11:3.188
step  33540  loss 3.0794  lr 3.99e-05  57815.6s
          exits L11:3.079
step  33560  loss 3.2546  lr 3.98e-05  57849.3s
          exits L11:3.255
step  33580  loss 3.1964  lr 3.97e-05  57883.0s
          exits L11:3.196
step  33600  loss 3.2194  lr 3.96e-05  57916.7s
          exits L11:3.219
step  33620  loss 3.2034  lr 3.95e-05  57950.3s
          exits L11:3.203
step  33640  loss 3.2329  lr 3.94e-05  57984.0s
          exits L11:3.233
step  33660  loss 3.2164  lr 3.94e-05  58017.6s
          exits L11:3.216
step  33680  loss 3.2202  lr 3.93e-05  58051.3s
          exits L11:3.220
step  33700  loss 3.2233  lr 3.92e-05  58084.9s
          exits L11:3.223
step  33720  loss 3.1019  lr 3.91e-05  58120.0s
          exits L11:3.102
step  33740  loss 3.2483  lr 3.90e-05  58154.6s
          exits L11:3.248
step  33760  loss 3.1933  lr 3.89e-05  58188.4s
          exits L11:3.193
step  33780  loss 3.1274  lr 3.89e-05  58222.2s
          exits L11:3.127
step  33800  loss 3.1809  lr 3.88e-05  58255.9s
          exits L11:3.181
step  33820  loss 3.2625  lr 3.87e-05  58289.8s
          exits L11:3.262
step  33840  loss 3.1017  lr 3.86e-05  58323.4s
          exits L11:3.102
step  33860  loss 3.1236  lr 3.85e-05  58357.6s
          exits L11:3.124
step  33880  loss 3.1003  lr 3.85e-05  58394.5s
          exits L11:3.100
step  33900  loss 3.1759  lr 3.84e-05  58428.2s
          exits L11:3.176
step  33920  loss 3.2415  lr 3.83e-05  58461.8s
          exits L11:3.241
step  33940  loss 3.2042  lr 3.82e-05  58495.5s
          exits L11:3.204
step  33960  loss 3.2966  lr 3.82e-05  58529.2s
          exits L11:3.297
step  33980  loss 3.0844  lr 3.81e-05  58562.8s
          exits L11:3.084
  eval  loss 3.2149  exits L11:3.215
 threshold   mean depth   accuracy      nll    saved
----------------------------------------------------
     0.000    12.00/12      0.3530   3.4353    0.0%
     0.050    12.00/12      0.3530   3.4353    0.0%
     0.100    12.00/12      0.3530   3.4353    0.0%
     0.200    12.00/12      0.3530   3.4353    0.0%
     0.300    12.00/12      0.3530   3.4353    0.0%
     0.500    12.00/12      0.3530   3.4353    0.0%
     0.700    12.00/12      0.3530   3.4353    0.0%
     1.000    12.00/12      0.3530   3.4353    0.0%
  suggested exit_threshold 0.00 -> mean depth 12.00/12, 0.0% of blocks skipped
  saved /global/scratch/users/iparra/effortless-dev/checkpoints/vr-noexits/step-034000.pt
step  34000  loss 3.2086  lr 3.80e-05  58608.1s
          exits L11:3.209
step  34020  loss 3.1850  lr 3.79e-05  58641.7s
          exits L11:3.185
step  34040  loss 3.1482  lr 3.79e-05  58675.4s
          exits L11:3.148
step  34060  loss 3.2074  lr 3.78e-05  58710.6s
          exits L11:3.207
step  34080  loss 3.2316  lr 3.77e-05  58744.2s
          exits L11:3.232
step  34100  loss 3.2035  lr 3.76e-05  58777.9s
          exits L11:3.203
step  34120  loss 3.1376  lr 3.76e-05  58811.5s
          exits L11:3.138
step  34140  loss 3.2678  lr 3.75e-05  58845.3s
          exits L11:3.268
step  34160  loss 3.1316  lr 3.74e-05  58879.0s
          exits L11:3.132
step  34180  loss 3.1238  lr 3.73e-05  58912.7s
          exits L11:3.124
step  34200  loss 3.1135  lr 3.73e-05  58946.4s
          exits L11:3.114
step  34220  loss 3.0958  lr 3.72e-05  58982.2s
          exits L11:3.096
step  34240  loss 3.2285  lr 3.71e-05  59015.8s
          exits L11:3.229
step  34260  loss 3.1762  lr 3.70e-05  59049.4s
          exits L11:3.176
step  34280  loss 3.1461  lr 3.70e-05  59083.1s
          exits L11:3.146
step  34300  loss 3.2213  lr 3.69e-05  59116.7s
          exits L11:3.221
step  34320  loss 3.1561  lr 3.68e-05  59150.3s
          exits L11:3.156
step  34340  loss 3.1752  lr 3.68e-05  59183.9s
          exits L11:3.175
step  34360  loss 3.1364  lr 3.67e-05  59222.4s
          exits L11:3.136
step  34380  loss 3.1712  lr 3.66e-05  59256.4s
          exits L11:3.171
step  34400  loss 3.1166  lr 3.65e-05  59290.1s
          exits L11:3.117
step  34420  loss 3.1002  lr 3.65e-05  59325.0s
          exits L11:3.100
step  34440  loss 3.2299  lr 3.64e-05  59358.6s
          exits L11:3.230
step  34460  loss 3.2309  lr 3.63e-05  59392.3s
          exits L11:3.231
step  34480  loss 3.0762  lr 3.63e-05  59426.0s
          exits L11:3.076
  eval  loss 3.2121  exits L11:3.212
step  34500  loss 3.1954  lr 3.62e-05  59466.7s
          exits L11:3.195
step  34520  loss 3.1594  lr 3.61e-05  59500.3s
          exits L11:3.159
step  34540  loss 3.2315  lr 3.61e-05  59534.0s
          exits L11:3.232
step  34560  loss 3.1437  lr 3.60e-05  59570.5s
          exits L11:3.144
step  34580  loss 3.2114  lr 3.59e-05  59604.2s
          exits L11:3.211
step  34600  loss 3.1417  lr 3.59e-05  59637.8s
          exits L11:3.142
step  34620  loss 3.1160  lr 3.58e-05  59671.5s
          exits L11:3.116
step  34640  loss 3.2161  lr 3.57e-05  59705.1s
          exits L11:3.216
step  34660  loss 3.1281  lr 3.57e-05  59738.7s
          exits L11:3.128
step  34680  loss 3.1974  lr 3.56e-05  59772.4s
          exits L11:3.197
step  34700  loss 3.2079  lr 3.55e-05  59806.5s
          exits L11:3.208
step  34720  loss 3.2083  lr 3.55e-05  59845.5s
          exits L11:3.208
step  34740  loss 3.1454  lr 3.54e-05  59879.5s
          exits L11:3.145
step  34760  loss 3.1728  lr 3.54e-05  59914.1s
          exits L11:3.173
step  34780  loss 3.1547  lr 3.53e-05  59947.8s
          exits L11:3.155
step  34800  loss 3.2191  lr 3.52e-05  59981.5s
          exits L11:3.219
step  34820  loss 3.1976  lr 3.52e-05  60015.2s
          exits L11:3.198
step  34840  loss 3.2371  lr 3.51e-05  60049.0s
          exits L11:3.237
step  34860  loss 3.1556  lr 3.50e-05  60082.6s
          exits L11:3.156
step  34880  loss 3.2062  lr 3.50e-05  60116.3s
          exits L11:3.206
step  34900  loss 3.1557  lr 3.49e-05  60149.9s
          exits L11:3.156
step  34920  loss 3.1430  lr 3.49e-05  60185.2s
          exits L11:3.143
step  34940  loss 3.2127  lr 3.48e-05  60218.8s
          exits L11:3.213
step  34960  loss 3.2001  lr 3.47e-05  60252.5s
          exits L11:3.200
step  34980  loss 3.2043  lr 3.47e-05  60286.2s
          exits L11:3.204
  eval  loss 3.2104  exits L11:3.210
  saved /global/scratch/users/iparra/effortless-dev/checkpoints/vr-noexits/step-035000.pt
step  35000  loss 3.1185  lr 3.46e-05  60328.8s
          exits L11:3.118
step  35020  loss 3.2575  lr 3.46e-05  60362.5s
          exits L11:3.258
step  35040  loss 3.2439  lr 3.45e-05  60396.2s
          exits L11:3.244
step  35060  loss 3.2354  lr 3.45e-05  60435.6s
          exits L11:3.235
step  35080  loss 3.1368  lr 3.44e-05  60469.3s
          exits L11:3.137
step  35100  loss 3.1835  lr 3.43e-05  60503.1s
          exits L11:3.183
step  35120  loss 3.1069  lr 3.43e-05  60537.9s
          exits L11:3.107
step  35140  loss 3.1400  lr 3.42e-05  60571.6s
          exits L11:3.140
step  35160  loss 3.1964  lr 3.42e-05  60605.3s
          exits L11:3.196
step  35180  loss 3.1896  lr 3.41e-05  60639.0s
          exits L11:3.190
step  35200  loss 3.1412  lr 3.41e-05  60672.6s
          exits L11:3.141
step  35220  loss 3.2925  lr 3.40e-05  60706.3s
          exits L11:3.292
step  35240  loss 3.1010  lr 3.40e-05  60739.9s
          exits L11:3.101
step  35260  loss 3.2437  lr 3.39e-05  60775.9s
          exits L11:3.244
step  35280  loss 3.1357  lr 3.38e-05  60809.6s
          exits L11:3.136
step  35300  loss 3.1151  lr 3.38e-05  60843.3s
          exits L11:3.115
step  35320  loss 3.1417  lr 3.37e-05  60877.0s
          exits L11:3.142
step  35340  loss 3.0574  lr 3.37e-05  60910.6s
          exits L11:3.057
step  35360  loss 3.1480  lr 3.36e-05  60945.4s
          exits L11:3.148
step  35380  loss 3.1757  lr 3.36e-05  60979.2s
          exits L11:3.176
step  35400  loss 3.1770  lr 3.35e-05  61013.5s
          exits L11:3.177
step  35420  loss 3.1185  lr 3.35e-05  61049.3s
          exits L11:3.118
step  35440  loss 3.1367  lr 3.34e-05  61082.9s
          exits L11:3.137
step  35460  loss 3.1336  lr 3.34e-05  61118.5s
          exits L11:3.134
step  35480  loss 3.2107  lr 3.33e-05  61152.1s
          exits L11:3.211
  eval  loss 3.2088  exits L11:3.209
step  35500  loss 3.2357  lr 3.33e-05  61192.8s
          exits L11:3.236
step  35520  loss 3.1857  lr 3.32e-05  61226.5s
          exits L11:3.186
step  35540  loss 3.1601  lr 3.32e-05  61260.2s
          exits L11:3.160
step  35560  loss 3.2189  lr 3.31e-05  61293.8s
          exits L11:3.219
step  35580  loss 3.1482  lr 3.31e-05  61327.4s
          exits L11:3.148
step  35600  loss 3.1276  lr 3.30e-05  61361.1s
          exits L11:3.128
step  35620  loss 3.1377  lr 3.30e-05  61397.2s
          exits L11:3.138
step  35640  loss 3.1303  lr 3.29e-05  61430.8s
          exits L11:3.130
step  35660  loss 3.2483  lr 3.29e-05  61464.4s
          exits L11:3.248
step  35680  loss 3.1274  lr 3.29e-05  61498.1s
          exits L11:3.127
step  35700  loss 3.2273  lr 3.28e-05  61531.8s
          exits L11:3.227
step  35720  loss 3.1307  lr 3.28e-05  61565.6s
          exits L11:3.131
step  35740  loss 3.1112  lr 3.27e-05  61599.3s
          exits L11:3.111
step  35760  loss 3.1980  lr 3.27e-05  61634.7s
          exits L11:3.198
step  35780  loss 3.2575  lr 3.26e-05  61668.5s
          exits L11:3.258
step  35800  loss 3.2325  lr 3.26e-05  61702.2s
          exits L11:3.233
step  35820  loss 3.0784  lr 3.25e-05  61737.7s
          exits L11:3.078
step  35840  loss 3.1750  lr 3.25e-05  61771.4s
          exits L11:3.175
step  35860  loss 3.1664  lr 3.25e-05  61808.0s
          exits L11:3.166
step  35880  loss 3.1325  lr 3.24e-05  61841.7s
          exits L11:3.133
step  35900  loss 3.2436  lr 3.24e-05  61875.4s
          exits L11:3.244
step  35920  loss 3.1463  lr 3.23e-05  61909.0s
          exits L11:3.146
step  35940  loss 3.2396  lr 3.23e-05  61942.7s
          exits L11:3.240
step  35960  loss 3.2218  lr 3.22e-05  61978.1s
          exits L11:3.222
step  35980  loss 3.1716  lr 3.22e-05  62011.8s
          exits L11:3.172
  eval  loss 3.2078  exits L11:3.208
 threshold   mean depth   accuracy      nll    saved
----------------------------------------------------
     0.000    12.00/12      0.3525   3.4255    0.0%
     0.050    12.00/12      0.3525   3.4255    0.0%
     0.100    12.00/12      0.3525   3.4255    0.0%
     0.200    12.00/12      0.3525   3.4255    0.0%
     0.300    12.00/12      0.3525   3.4255    0.0%
     0.500    12.00/12      0.3525   3.4255    0.0%
     0.700    12.00/12      0.3525   3.4255    0.0%
     1.000    12.00/12      0.3525   3.4255    0.0%
  suggested exit_threshold 0.00 -> mean depth 12.00/12, 0.0% of blocks skipped
  saved /global/scratch/users/iparra/effortless-dev/checkpoints/vr-noexits/step-036000.pt
step  36000  loss 3.2202  lr 3.22e-05  62057.3s
          exits L11:3.220
step  36020  loss 3.1942  lr 3.21e-05  62091.0s
          exits L11:3.194
step  36040  loss 3.2286  lr 3.21e-05  62124.7s
          exits L11:3.229
step  36060  loss 3.2197  lr 3.20e-05  62158.4s
          exits L11:3.220
step  36080  loss 3.1962  lr 3.20e-05  62192.1s
          exits L11:3.196
step  36100  loss 3.2181  lr 3.20e-05  62226.6s
          exits L11:3.218
step  36120  loss 3.1792  lr 3.19e-05  62260.4s
          exits L11:3.179
step  36140  loss 3.1684  lr 3.19e-05  62294.2s
          exits L11:3.168
step  36160  loss 3.1093  lr 3.19e-05  62328.8s
          exits L11:3.109
step  36180  loss 3.1553  lr 3.18e-05  62362.5s
          exits L11:3.155
step  36200  loss 3.1747  lr 3.18e-05  62396.2s
          exits L11:3.175
step  36220  loss 3.1599  lr 3.17e-05  62429.9s
          exits L11:3.160
step  36240  loss 3.1007  lr 3.17e-05  62463.6s
          exits L11:3.101
step  36260  loss 3.2559  lr 3.17e-05  62497.3s
          exits L11:3.256
step  36280  loss 3.1454  lr 3.16e-05  62531.0s
          exits L11:3.145
step  36300  loss 3.1634  lr 3.16e-05  62564.7s
          exits L11:3.163
step  36320  loss 3.2278  lr 3.16e-05  62599.4s
          exits L11:3.228
step  36340  loss 3.2554  lr 3.15e-05  62633.1s
          exits L11:3.255
step  36360  loss 3.0676  lr 3.15e-05  62670.7s
          exits L11:3.068
step  36380  loss 3.2287  lr 3.15e-05  62704.6s
          exits L11:3.229
step  36400  loss 3.1649  lr 3.14e-05  62738.3s
          exits L11:3.165
step  36420  loss 3.2048  lr 3.14e-05  62772.0s
          exits L11:3.205
step  36440  loss 3.2269  lr 3.14e-05  62805.7s
          exits L11:3.227
step  36460  loss 3.2197  lr 3.13e-05  62840.0s
          exits L11:3.220
step  36480  loss 3.0861  lr 3.13e-05  62874.1s
          exits L11:3.086
  eval  loss 3.2059  exits L11:3.206
step  36500  loss 3.2098  lr 3.13e-05  62914.9s
          exits L11:3.210
step  36520  loss 3.2611  lr 3.12e-05  62949.3s
          exits L11:3.261
step  36540  loss 3.1739  lr 3.12e-05  62983.0s
          exits L11:3.174
step  36560  loss 3.2293  lr 3.12e-05  63016.7s
          exits L11:3.229
step  36580  loss 3.1577  lr 3.12e-05  63050.4s
          exits L11:3.158
step  36600  loss 3.1218  lr 3.11e-05  63084.1s
          exits L11:3.122
step  36620  loss 3.1492  lr 3.11e-05  63117.7s
          exits L11:3.149
step  36640  loss 3.1758  lr 3.11e-05  63151.5s
          exits L11:3.176
step  36660  loss 3.1463  lr 3.10e-05  63187.1s
          exits L11:3.146
step  36680  loss 3.1678  lr 3.10e-05  63220.8s
          exits L11:3.168
step  36700  loss 3.1755  lr 3.10e-05  63255.1s
          exits L11:3.176
step  36720  loss 3.1134  lr 3.10e-05  63289.0s
          exits L11:3.113
step  36740  loss 3.1714  lr 3.09e-05  63322.8s
          exits L11:3.171
step  36760  loss 3.1599  lr 3.09e-05  63360.9s
          exits L11:3.160
step  36780  loss 3.1169  lr 3.09e-05  63394.6s
          exits L11:3.117
step  36800  loss 3.2249  lr 3.09e-05  63428.4s
          exits L11:3.225
step  36820  loss 3.1289  lr 3.08e-05  63462.1s
          exits L11:3.129
step  36840  loss 3.1556  lr 3.08e-05  63495.8s
          exits L11:3.156
step  36860  loss 3.2317  lr 3.08e-05  63531.8s
          exits L11:3.232
step  36880  loss 3.2595  lr 3.08e-05  63565.6s
          exits L11:3.260
step  36900  loss 3.1903  lr 3.07e-05  63599.4s
          exits L11:3.190
step  36920  loss 3.2290  lr 3.07e-05  63633.1s
          exits L11:3.229
step  36940  loss 3.1064  lr 3.07e-05  63666.8s
          exits L11:3.106
step  36960  loss 3.1200  lr 3.07e-05  63700.5s
          exits L11:3.120
step  36980  loss 3.1495  lr 3.06e-05  63734.2s
          exits L11:3.149
  eval  loss 3.2043  exits L11:3.204
  saved /global/scratch/users/iparra/effortless-dev/checkpoints/vr-noexits/step-037000.pt
step  37000  loss 3.0630  lr 3.06e-05  63778.7s
          exits L11:3.063
step  37020  loss 3.2839  lr 3.06e-05  63812.4s
          exits L11:3.284
step  37040  loss 3.1248  lr 3.06e-05  63846.1s
          exits L11:3.125
step  37060  loss 3.1361  lr 3.06e-05  63880.6s
          exits L11:3.136
step  37080  loss 3.1408  lr 3.05e-05  63914.3s
          exits L11:3.141
step  37100  loss 3.1185  lr 3.05e-05  63948.3s
          exits L11:3.119
step  37120  loss 3.0684  lr 3.05e-05  63982.0s
          exits L11:3.068
step  37140  loss 3.2141  lr 3.05e-05  64015.7s
          exits L11:3.214
step  37160  loss 3.1787  lr 3.05e-05  64049.3s
          exits L11:3.179
step  37180  loss 3.1890  lr 3.04e-05  64083.0s
          exits L11:3.189
step  37200  loss 3.0788  lr 3.04e-05  64117.4s
          exits L11:3.079
step  37220  loss 3.2340  lr 3.04e-05  64152.7s
          exits L11:3.234
step  37240  loss 3.0890  lr 3.04e-05  64186.4s
          exits L11:3.089
step  37260  loss 3.1441  lr 3.04e-05  64220.1s
          exits L11:3.144
step  37280  loss 3.1554  lr 3.04e-05  64253.8s
          exits L11:3.155
step  37300  loss 3.1963  lr 3.03e-05  64287.5s
          exits L11:3.196
step  37320  loss 3.1535  lr 3.03e-05  64321.2s
          exits L11:3.154
step  37340  loss 3.1481  lr 3.03e-05  64354.9s
          exits L11:3.148
step  37360  loss 3.3273  lr 3.03e-05  64390.8s
          exits L11:3.327
step  37380  loss 3.2144  lr 3.03e-05  64424.5s
          exits L11:3.214
step  37400  loss 3.1979  lr 3.03e-05  64458.8s
          exits L11:3.198
step  37420  loss 3.1553  lr 3.02e-05  64496.8s
          exits L11:3.155
step  37440  loss 3.1263  lr 3.02e-05  64530.5s
          exits L11:3.126
step  37460  loss 3.2053  lr 3.02e-05  64564.3s
          exits L11:3.205
step  37480  loss 3.1401  lr 3.02e-05  64598.0s
          exits L11:3.140
  eval  loss 3.2035  exits L11:3.204
step  37500  loss 3.1657  lr 3.02e-05  64638.8s
          exits L11:3.166
step  37520  loss 3.1749  lr 3.02e-05  64672.4s
          exits L11:3.175
step  37540  loss 3.1637  lr 3.02e-05  64706.2s
          exits L11:3.164
step  37560  loss 3.1819  lr 3.02e-05  64741.5s
          exits L11:3.182
step  37580  loss 3.1879  lr 3.02e-05  64775.4s
          exits L11:3.188
step  37600  loss 3.2113  lr 3.01e-05  64809.1s
          exits L11:3.211
step  37620  loss 3.1052  lr 3.01e-05  64842.8s
          exits L11:3.105
step  37640  loss 3.2330  lr 3.01e-05  64876.5s
          exits L11:3.233
step  37660  loss 3.2060  lr 3.01e-05  64910.2s
          exits L11:3.206
step  37680  loss 3.0833  lr 3.01e-05  64943.9s
          exits L11:3.083
step  37700  loss 3.1747  lr 3.01e-05  64977.6s
          exits L11:3.175
step  37720  loss 3.2504  lr 3.01e-05  65012.1s
          exits L11:3.250
step  37740  loss 3.1547  lr 3.01e-05  65045.9s
          exits L11:3.155
step  37760  loss 3.1266  lr 3.01e-05  65080.3s
          exits L11:3.127
step  37780  loss 3.1337  lr 3.01e-05  65118.2s
          exits L11:3.134
step  37800  loss 3.2086  lr 3.01e-05  65151.9s
          exits L11:3.209
step  37820  loss 3.1737  lr 3.01e-05  65185.8s
          exits L11:3.174
step  37840  loss 3.1680  lr 3.00e-05  65219.5s
          exits L11:3.168
step  37860  loss 3.2554  lr 3.00e-05  65253.2s
          exits L11:3.255
step  37880  loss 3.2215  lr 3.00e-05  65286.9s
          exits L11:3.222
step  37900  loss 3.2187  lr 3.00e-05  65320.6s
          exits L11:3.219
step  37920  loss 3.2516  lr 3.00e-05  65355.9s
          exits L11:3.252
step  37940  loss 3.1835  lr 3.00e-05  65390.3s
          exits L11:3.183
step  37960  loss 3.1277  lr 3.00e-05  65424.1s
          exits L11:3.128
step  37980  loss 3.1604  lr 3.00e-05  65457.9s
          exits L11:3.160
  eval  loss 3.2024  exits L11:3.202
 threshold   mean depth   accuracy      nll    saved
----------------------------------------------------
     0.000    12.00/12      0.3545   3.4225    0.0%
     0.050    12.00/12      0.3545   3.4225    0.0%
     0.100    12.00/12      0.3545   3.4225    0.0%
     0.200    12.00/12      0.3545   3.4225    0.0%
     0.300    12.00/12      0.3545   3.4225    0.0%
     0.500    12.00/12      0.3545   3.4225    0.0%
     0.700    12.00/12      0.3545   3.4225    0.0%
     1.000    12.00/12      0.3545   3.4225    0.0%
  suggested exit_threshold 0.00 -> mean depth 12.00/12, 0.0% of blocks skipped
  saved /global/scratch/users/iparra/effortless-dev/checkpoints/vr-noexits/step-038000.pt
step  38000  loss 3.0936  lr 3.00e-05  65503.3s
          exits L11:3.094
step  38020  loss 3.2120  lr 3.00e-05  65537.0s
          exits L11:3.212
step  38040  loss 3.1631  lr 3.00e-05  65570.8s
          exits L11:3.163
step  38060  loss 3.1196  lr 3.00e-05  65605.3s
          exits L11:3.120
step  38080  loss 3.1621  lr 3.00e-05  65639.1s
          exits L11:3.162
step  38100  loss 3.2061  lr 3.00e-05  65672.8s
          exits L11:3.206
step  38120  loss 3.1518  lr 3.00e-05  65706.5s
          exits L11:3.152
step  38140  loss 3.1307  lr 3.00e-05  65740.2s
          exits L11:3.131
done, saved /global/scratch/users/iparra/effortless-dev/checkpoints/vr-noexits/final.pt
Finished 2026-07-28T17:34:29-0700. Checkpoints in /global/scratch/users/iparra/effortless-dev/checkpoints/vr-noexits
Run streamed to W&B project 'effortless-vertical-routing' as 'vr-noexits'.
